{
  "forum_id": "1K28gV5MeF",
  "paper_title": "MAESTRO : Adaptive Sparse Attention and Robust Learning for Multimodal Dynamic Time Series",
  "reviews": [
    {
      "type": "CHAIR_COMMENT",
      "rid": "JthVi59YrG",
      "report": {
        "title": "Paper Decision",
        "main": "# Summary\nThis paper proposes MAESTRO, a novel approach for learning from multimodal time series with missing modalities.\n\n# Strength\n* The proposed method is robust to missing modalities.\n* Strong improvements over state of the art for multiple datasets.\n* A well-designed framework, which integrates multiple components into a cohesive pipeline.\n\n# Weakness\n* Limited novelty with ad-hoc algorithms\n\n# Recommendation\nAC reads all reviews and agrees that (i) the technical contributions of proposed method are great; and (ii) the solving problem is a highly practical and under-explored challenge in multimodal time series modeling and it will be useful in various applications. Therefore, AC recommends an acceptance."
      },
      "replyto": "1K28gV5MeF"
    },
    {
      "type": "REVIEWER_COMMENT",
      "rid": "4OYWOLfasU",
      "report": {
        "title": "",
        "main": "I thank the authors for providing additional results and further clarifications. I will keep my score unchanged."
      },
      "replyto": "YeEuxAqv85"
    },
    {
      "type": "REVIEWER_COMMENT",
      "rid": "XR9qmhCEZb",
      "report": {
        "title": "",
        "main": "Dear authors,\n\nThanks for your response, and providing insights on the algorithm and hyper-parameter tuning.\nAfter reading the responses and other reviewers comments, I still have a positive impression about the paper.\nDue to limited novelty (also pointed out by Reviewer sZaS), I am leaning to keep my score on the lower side of the acceptance range."
      },
      "replyto": "iClPLMsSu7"
    },
    {
      "type": "CHAIR_COMMENT",
      "rid": "GRCaNrFhae",
      "report": {
        "title": "Follow-up discussion",
        "main": "Dear Reviewer sZaS,\n\nThanks for reviewing the paper. Even though your initial rating was positive, we still want to hear your thoughts after rebuttal and if your opinion about the paper changes or remains the same after reading the rebuttal?\n\nThanks, AC"
      },
      "replyto": "YeEuxAqv85"
    },
    {
      "type": "CHAIR_COMMENT",
      "rid": "kYNDrTLyCe",
      "report": {
        "title": "Follow-up",
        "main": "Dear Reviewer hWHy,\n\nThanks for reviewing the paper. Even though your initial rating was positive, we still want to hear your thoughts after rebuttal and if your opinion about the paper changes or remains the same after reading the rebuttal?\n\nThanks, AC"
      },
      "replyto": "dd5rg7v8ID"
    },
    {
      "type": "CHAIR_COMMENT",
      "rid": "XZYJXNMPqt",
      "report": {
        "title": "Follow-up discussion",
        "main": "Dear Reviewer ALza,\n\nThanks for reviewing the paper.\nEven though your initial rating was positive, we still want to hear your thoughts after rebuttal and if your opinion about the paper changes or remains the same after reading the rebuttal?\n\nThanks,\nAC"
      },
      "replyto": "ChKnnIXibL"
    },
    {
      "type": "AUTHOR_COMMENT",
      "rid": "ChKnnIXibL",
      "report": {
        "title": "",
        "main": "Dear Reviewer Alza,\n\nThank you again for your thoughtful review. We wanted to check in to see if you had any remaining concerns following our response, or if there are any additional questions we can address.\n\nWe would be grateful for any further feedback that could help improve our submission."
      },
      "replyto": "iClPLMsSu7"
    },
    {
      "type": "REVIEWER_COMMENT",
      "rid": "80Kj71DcxY",
      "report": {
        "title": "",
        "main": "Thank you for your rebuttal. The authors address my concern. I prefer to keep the score."
      },
      "replyto": "RAV5k9SpX1"
    },
    {
      "type": "AUTHOR_REBUTTAL",
      "rid": "RAV5k9SpX1",
      "replyto": "y9JTfnZtJ6",
      "report": {
        "main": "Thank you for the encouraging review and the recognition of MAESTRO's performance and efficiency under practical settings of learning from heterogenous time-series modalities. We provide our response below : \n\n> It seems that the model involves multiple components that may require extensive hyperparameter tuning for the new datasets.\n\nIn our current work we have not extensively fine-tuned our hyper-parameters ( (as shown in Table 5 of the Appendix), yet we are able to outperform the existing baselines under complete and arbitrary modality combinations. However, for application-specific scenarios, based on the available computational resources, these hyperparameters can be selected to optimize for performance and computational efficiency. We present a brief sensitivity analyses for number of experts and the word length for the WESAD dataset across two computational platforms below :\n\n##### Varying Experts for MoE (default w = 2)\n\n\n| # Experts | ACC | RTX A6000 - Latency (ms) | RTX A6000 - GFLOPs  | Jetson TX2 - Latency (ms)   | Jetson TX2 - GFLOPs |\n|-----------|----------|--------------------------|---------------------|-----------------------------|---------------------|\n| 8\t\t    |   0.80   |     352.09\t              |       7.15          |\t 1298.52\t              |      6.16           |\n| 4\t\t    |   0.79   |     279.41\t              |       7.08          |\t 1315.08\t              |      6.12           |\n| 2\t\t    |   0.75   |     245.03\t              |       7.07          |\t 1291.25\t              |      6              |\n\n\n##### Varying Word Length for SAX (default w = 2)\n\n| Word Length (w) | ACC | RTX A6000 - Latency (ms) | RTX A6000 - GFLOPs | Jetson TX2 - Latency (ms) | Jetson TX2 - GFLOPs |\n|------------------|----------|---------------------------|----------------------|-----------------------------|-----------------------|\n|2\t\t           |  0.80    |  279.41                   |\t  7.08\t             |        1315.08\t            |       6.12           |\n|4\t\t           |  0.77    |  270.00                   |\t  3.56\t             |        677.81\t             |      3.06           |\n|8\t\t           |  0.80    |  275.69                   |\t  1.74\t             |        349.33\t             |      1.5           |\n\n\nThank you for commenting on this aspect. We will include this analyses in our Appendix.\n\n\n\n> MAESTRO is evaluated on classification tasks; discuss applicability to other tasks.\n\nWe currently explore classification tasks as they are the commonly occuring multimodal tasks (activity recognition, clinical disease identification, stress detection etc.) in consumer and clinical healthcare and lifestyle applications involving multiple heterogenous sensors collecting time-series data, which is the focus of our work. Also current multimodal methods with time-series are designed for predictive applications allowing us to benchmark MAESTRO.\n\nWe think, fundamentally MAESTRO's arechitecture can be extended to support generative tasks with mulitmodal input. In future work, we plan to explore two key directions for such extension: 1) curating a multimodal generative tasks dataset; and 2) exploring encoder-only vs. encoder-decoder cross-attention architectures for generation. One of the generative application spaces that stands to benefit from cross-modal attention to heterogeneous modalities without resource efficiency is robot manipulation. Recent works [1, 2] in robot manipulation explore enriching the latent representations of the action sequence through multimodal inputs before learning the Reinforcement-Learning policy. Often, there are time-series modalities [3, 4] that are availabile arbitrarily in these applications. We plan to explore the applicability of MAESTRO to such settings (to learn better action-sequence representation from multimodal inputs) in future.\n\nWe will add this discussion to our \"Broader Impact and Future Work\".\n\n\n[1] Decision Transformer: Reinforcement Learning via Sequence Modeling, 2021 \n\n[2] A Vision-Language-Action Flow Model for General Robot Control, 2025\n\n[3] MimicTouch: Leveraging Multi-modal Human Tactile Demonstrations for Contact-rich Manipulation, 2024\n\n[4] The MOTIF Hand: A Robotic Hand for Multimodal Observations with Thermal, Inertial, and Force Sensors, 2025\n\n---\n\n> While MAESTRO handles missing data well, the model's behavior under noisy inputs is not systematically evaluated. I am curious about its robustness to the noisy data.\n\nIn the current work, we are focused on handling complete modality missingness, which is a common issue in real-world sensing applications with a large number of modalities (N > 4), where a sensor fails and we are left with an arbitrary set of multimodal inputs to make predictions, as mentioned in our paper's scope (lines 10, 62, 74).\n\nWhile an extensive study on noise robustness is out of scope for this paper, which focuses on robustness to missing modalities, it could be a promising direction for future work on MAESTRO. We have just conducted some initial exploration with three types of noise defined as follows. Here $\\tilde{\\mathbf{x}}$ denotes the subset of modalities chosen for introducing corruption or omission :\n\n1. Random noise : Selected channels are replaced with i.i.d. Gaussian noise, $\\tilde{\\mathbf{x}} = \\boldsymbol{\\epsilon}, \\quad \\boldsymbol{\\epsilon} \\sim \\mathcal{N}(0, \\sigma^2), \\quad \\text{for } c \\in \\mathcal{C}$\n2. Additive noise  :  Gaussian noise is added to the original signal, $\\tilde{\\mathbf{x}} = \\mathbf{x} + \\boldsymbol{\\epsilon}, \\quad \\boldsymbol{\\epsilon} \\sim \\mathcal{N}(0, \\sigma^2), \\quad \\text{for } c \\in \\mathcal{C}$.\n3. Additive noise with spikes (representing electrical spikes) : Sparse high-magnitude impulses (spikes) are added in addition to Gaussian noise: $\\tilde{\\mathbf{x}} = \\mathbf{x} + \\boldsymbol{\\epsilon} + \\mathbf{M} \\odot \\mathbf{S}, \\quad \\boldsymbol{\\epsilon} \\sim \\mathcal{N}(0, \\sigma^2)$,\n   where $\\mathbf{M} \\sim \\text{Bernoulli}(p)$ is a binary mask indicating spike locations  with $p$ probability, $\\mathbf{S} \\in \\{-m, +m\\}$ is the spike magnitude, $\\odot$ denotes element-wise multiplication  \n\n\n\nWe present the zero-shot performance of MAESTRO on noisy WESAD data in the following two combinations : in combination 1, we dropped the chest accelerometer, and in combination 2, we dropped the wrist BVP, EDA, and Temp. Please refer to Table 6 in our Appendix for more details on the WESAD modalities.\n\n| Corruption Type            | Combination 1              | Combination 2                       |\n|----------------------------|---------------------------|-----------------------------------|\n| *None (Clean and Complete Modalities)*               | *0.77*                      | *0.77*                              |\n| Missing                    | 0.61                      | 0.65                              |\n| Random Noise               | 0.61                      | 0.63                              |\n| Additive Noise (σ = 0.5)   | 0.75                      | 0.74                              |\n| Additive Noise + Spikes (σ = 0.5, p = 0.1, m = 5)   | 0.60                      | 0.73                              |\n\nWe observe that for simple noise settings like random noise, MAESTRO treats those modalities similar to complete missingness of that modality.\n\nIn the simple additive noise setting, we are able to perform almost as well as the case where all modalities are present. This is not surprising because (1) our SAX representation provides robustness to local perturbation, and (2) our cross-modal attention allows querying only for the relevant inter- and intra-modal values relevant to the task.\n\nFinally, a more aggressive noise where we simulate electrical noise interference as spikes shows the same performance in one combination as missingness and in another combination very close to the full modality scenario.\n\nWe can consider missingness to be one of the aggressive noise corruptions, and through this controlled experiment, we can see MAESTRO's robustness to simple perturbations. Thank you for raising this aspect of MAESTRO's robustness to noisy inputs. We will include the above preliminary analyses in our Appendix to motivate and guide potential future exploration, e.g., to explore other systematic noise injection mechanisms and their impact on MAESTRO.\n\n---\n\n> Minor writing issue: \"reliance on\" in line 5 should be put ahead of \"(1)\"?\n\nWe will update our abstract to reflect the suggested flow."
      }
    },
    {
      "type": "AUTHOR_REBUTTAL",
      "rid": "YeEuxAqv85",
      "replyto": "gzT8R8Pa0e",
      "report": {
        "main": "Thank you for your encouraging review and constructive feedback. We appreciate your recognition of the practical significance of our work and the merit in MAESTRO's design for real-world sensing applications. Please find our response to your questions below:\n\n> Could the authors clarify how the gating network 𝐺 is trained?\n\nThe gating network, $G$, is composed of two feed-forward layers, and the output is the sigmoid of the last layer which produces an $M$-dimensional logit vector (where $M$ is the number of modalities). We train this gating network using the cross-entropy loss (given in lines 280-281) with the end-to-end MAESTRO. We do not use any additional regularization loss. During training, we follow a curriculum learning approach (as mentioned in lines 253–257), which increases the modality dropout monotonically over the course of training epochs, as shown in Figure 9 of the Appendix. This training strategy helps prevent overfitting to any specific modality combinations.\n\nAdditionally, in our initial design iterations, we considered a loss term—sparsity loss—where we aimed to minimize the overall attention budget. The sparsity loss was constructed by taking the sum of the $M$-dimensional logit vector. The final loss considered was the cross-entropy loss and the sparsity loss. However, this did not result in stable training without constraining the sparsity loss. In future work, we will consider proactively sparsifying the attention budget based on the available computational resources.\n\n\n> Could the authors provide more quantitative or qualitative insights into why SAX representation improves performance (e.g., beyond Table 2 and Figure 3)? Would the model still benefit from SAX if trained on high-resolution sequences with sufficient compute?\n\n\nThe key advantages of discrete binning achieved using SAX specifically for MAESTRO are: 1) the ability to reserve a symbol to naturally encode missingness, and 2) to reduce sequence length.\n\nAn additional benefit of SAX—particularly for predictive tasks where discriminative patterns across the complete sequence inform task-specific predictions—is that mapping to a fixed vocabulary helps suppress local noise or spurious perturbations. This allows the model to focus on high-level trends that are more relevant to the task. Many previous works [1, 2, 3] have reaped this advantage and reported improved classification performance.\n\nIn our case, to demonstrate the benefit of SAX tokenization, we conduct following two experiments.\n\n**Experiment I**: Using the WESAD dataset (stress detection with 5 modalities and 3 classes), we trained on high-resolution data without reducing sequence length by setting the word length (w) to 1. The results presented below confirm the benefit of SAX representation.\n\n\n| Tokenization Method       | Sequence Length <br>(after tokenization) | Accuracy | Std. Dev |\n|---------------------------|------------------------------------------|----------|----------|\n| SAX, w=2        | 128                                      | 0.77     | 0.02     |\n| SAX, w=1        | 256                                      | 0.75     | 0.04     |\n|Raw input (No SAX)                    | 256                                      | 0.69     | 0.02     |\n\n\n**Experiment II**: We add small Gaussian noise to 20% of the modalities (in this case, the wrist BVP, TEMP, and EDA) and conduct zero-shot inference. As expected, when the word length is set to 2, the effect of this small perturbation is neglible. Even with word length 1, the performance is much more robust compared to raw input  \n\n| Tokenization Method | Clean Data | 20% Noisy Channels |\n|---------------------|------------|--------------------|\n| SAX, w = 2          | 0.77       | 0.75               |\n| SAX, w = 1          | 0.75       | 0.68               |\n| Raw input (No SAX)  | 0.70       | 0.51               |\n\nWe will add these experiments to our Appendix section and refer to them in Section 3.2.1 to give our readers more intuition about SAX-based tokenization. Thank you for asking about this aspect.\n\nWe would also like to draw your attention to Figure 5 and Section E.1 in the Appendix, which demonstrate that under arbitrary missingness, the proposed MAESTRO with SAX encoding outperforms its counterpart without SAX encoding.\n\n[1] Symbolic representation for time series, 2024\n\n[2] Bake off redux: a review and experimental evaluation of recent time series classification algorithms, 2024\n\n[3] SAX-VSM: Interpretable Time Series Classification Using SAX and Vector Space Model, 2013\n\n> Could the authors discuss how the current design generalizes to the settings of asynchronous modalities (e.g., with misaligned sampling rates and no temporal sync), and whether additional temporal alignment strategies would be needed?\n\nIn the current work, we focus on handling complete modality missingness, which is a common issue in real-world sensing applications with a large number of modalities (N > 4). This typically occurs when a sensor fails and we are left with an arbitrary subset of multimodal inputs for prediction, as described in our paper's scope (lines 10, 62, 74).\n\nWhile a comprehensive study evaluating MAESTRO on irregularly sampled, asynchronous time-series is out of the scope of the current paper, we present a brief pilot study in a simplified setting. We mask approximately 25% of the samples from the beginning and end of the sequence in 20% of the modalities(in this case, the wrist BVP, TEMP, and EDA) during inference to demonstrate zero-shot transfer capability. Currently, the model treats this partial missingness similarly or slightly better than complete missingness. \n\n\n| Modalities                                      | Accuracy |\n|------------------------------------------------|----------|\n| All available                                  | 0.77     |\n| Completely missing 20% modalities              | 0.61     |\n| Mask first 25% time steps in 20% modalities    | 0.60     |\n| Mask last 25% time steps in 20% modalities     | 0.65     |\n\n\nThis performance can potentially be improved by incorporating standard techniques such as absolute positional encoding, or employing prior models like mTAN [4] (multi-time attention network), which can better encode irregular time-series with semantic meaning to support downstream cross-modal learning. We will include this discussion and pilot experiment in our Appendix, and plan to explore these directions in the future. Thank you for commenting on this.\n\n[4] Multi-Time Attention Networks for Irregularly Sampled Time Series, 2021\n\n\n> Could the authors discuss performance under strict compute budgets (e.g., edge devices)? How does inference latency scale with modality count and sequence length, especially in high-frequency sensor settings?\n\nWe conduct two experiments to demonstrate 1) MAESTRO's performance across two computation platforms and 2) benefit of sparse attention with simulated high sampling rate data stream.\n\n**Experiment I**: We implement MAESTRO with different number of experts and varying word lengths (which in turn reduce the sequence length), and report the accuracy, GFLOPs, and latency on two compute platforms—RTX A6000 and Jetson TX2.\n\n##### Varying Experts for MoE (default w = 2)\n\n\n| # Experts | ACC_eval | RTX A6000 - Latency (ms) | RTX A6000 - GFLOPs  | Jetson TX2 - Latency (ms)   | Jetson TX2 - GFLOPs |\n|-----------|----------|--------------------------|---------------------|-----------------------------|---------------------|\n| 8\t\t    |   0.80   |     352.09\t              |       7.15          |\t 1298.52\t              |      6.16           |\n| 4\t\t    |   0.79   |     279.41\t              |       7.08          |\t 1315.08\t              |      6.12           |\n| 2\t\t    |   0.75   |     245.03\t              |       7.07          |\t 1291.25\t              |      6              |\n\n\n##### Varying Word Length for SAX (default w = 2)\n\n| Word Length (w) | ACC_eval | RTX A6000 - Latency (ms) | RTX A6000 - GFLOPs | Jetson TX2 - Latency (ms) | Jetson TX2 - GFLOPs |\n|------------------|----------|---------------------------|----------------------|-----------------------------|-----------------------|\n|2\t\t           |  0.80    |  279.41                   |\t  7.08\t             |        1315.08\t            |       6.12           |\n|4\t\t           |  0.77    |  270.00                   |\t  3.56\t             |        677.81\t             |      3.06           |\n|8\t\t           |  0.80    |  275.69                   |\t  1.74\t             |        349.33\t             |      1.5           |\n\n\n**Experiment II**: We resample the modalities in WESAD to increase the sequence length in order to emulate high-frequency sensor readings and report the performance below. As expected, our proposed MAESTRO performs consistently even with longer sequence lengths. However, upon replacing the sparse attention with canonical dense self-attention layers in both the intra-modal and cross-modal stages, we encounter out-of-memory (OOM) issues at higher sampling rates (in this case, 128 Hz), highlighting MAESTRO’s advantage in resource efficiency. All experiments were conducted on the RTX A6000.\n\n\n| Sampling Rate | MAESTRO - Acc | MAESTRO - GFLOPs | MAESTRO - MMACs | Dense Attention - Acc | Dense Attention - GFLOPs | Dense Attention - MMACs |\n|---------------|----------------|-------------------|------------------|-------------------------|---------------------------|--------------------------|\n| 32            | 0.77           | 6.13              | 3066             | 0.75                    | 8.78                      | 4205                     |\n| 64            | 0.77           | 14.41             | 7205             | 0.71                    | 23.02                     | 11510                    |\n| 128           | 0.73           | 29.01             | 14502            | OOM                     | OOM                       | OOM                      |"
      }
    },
    {
      "type": "AUTHOR_REBUTTAL",
      "rid": "dd5rg7v8ID",
      "replyto": "hwRA0CpVxM",
      "report": {
        "main": "Thank you for the encouraging review and the constructive feedback on improving our manuscript. We provide our response below :\n\n\n> Provide inline explanation of the symbolic tokenization instead of citing original reference for better readability.\n\nThank you for the suggestion. We will add in the revision the following description of the breakpoint generation and mapping in the main text for easy referencing of the reader :\n\n\"*To ensure an equiprobable distribution of symbols, we follow the empirical observation by Lin et. al [28] that normalized time series sequences follow a Gaussian distribution. We partition this distribution into $\\alpha$ equal-sized areas under the Gaussian curve, referred to as regions, using breakpoints $\\{\\beta_0, \\beta_1, \\ldots, \\beta_\\alpha\\}$, where each region corresponds to a unique symbol. The normalized piecewise aggregated value $\\hat{x}[w]$ is then mapped to a symbolic token $s[w] \\in \\{s_1, \\ldots, s_\\alpha\\}$ based on the breakpoint interval in which it falls, denoted using the mapping function $\\phi(\\hat{x}[w])$.*\"\n\n---\n\n>  \"max-mean sparsity metric\" from Zhou et al [63] used to compute the sparse self attention seems like a key detail but it's delegated to appendix + citation.\n\nThank you. We will move the max-mean sparsity metric details from Appendix B to the Section 3.2.2 to improve readability. \n\n---\n\n> a(m_i, theta_a) is introduced in line 195 in 3.2.2. but m isnt defined until the next section, which causes the reader extra mental burden in the earlier section.\n\n\nWe will reorganize our writing to define $\\mathbf{m}_i$ in Section 3.2.2 and explicitly mention that the design of $a(\\mathbf{m}_i; \\theta_a)$ is detailed in the following Section 3.2.3. Here is the planned updated text from line 195 : \n\n\"*.... with a key modification: the sparsity budget is adaptively controlled by the learned function $a(\\mathbf{m}_i; \\theta_a)$, where $\\mathbf{m}_i \\in \\mathbb{R}^{1 \\times M}$ is a logit vector indicating the presence of each modality for an input sample $s^j_i$. Details on training $a(\\mathbf{m}_i; \\theta_a)$ are provided in Section 3.2.3.*\"\n\n\n---\n> Clarification of the experimental setup in the ablation studies -- Were they done with or without SAX? Difference between full vs. all-full attention.\n\nWe conduct two kinds of design deep-dives in Section 4.2 –\n\n1) Ablation of the design components in Figure 6: The first group of bars shows the ablation without SAX and demonstrates that this tokenization leads to an 8.5% and 5% improvement under full and 40% missingness in modalities during inference, respectively. For the remaining components, we conduct experiments with SAX (as it is a part of MAESTRO unless explicitly mentioned otherwise).\n\n2) Sparse attention-derived Computational efficiency of MAESTRO: All experiments in this section are conducted with SAX. In the first two rows after MAESTRO, ``Full-Attn (Per-Modal)`` and ``Full-Attn (Cross-Modal)`` refer to variants where only the per-modal or cross-modal components, respectively, are replaced with dense attention. ``All Full-Attention`` indicates that both the per-modal and cross-modal attention modules use dense attention mechanisms instead of the proposed sparse design. We will update in the revision the caption of Table 3 as follows : \n\n    \"*Computational Complexity. In MAESTRO, sparse attention in the Per-Modal and Cross-Modal components is replaced by dense attention, referred to as Full-Attn (Per-Modal) and Full-Attn (Cross-Modal), respectively. Replacing all sparse attention components with dense attention is denoted as All Full-Attn*.\""
      }
    },
    {
      "type": "AUTHOR_REBUTTAL",
      "rid": "9witZU5gVI",
      "replyto": "ESka1MqMpk",
      "report": {
        "main": "Thank you for your encouraging feedback on our work's pragmatism, performance and robustness. We provide our response below :\n\n> Even though the results are good, the algorithm and techniques \nlargely combine those of existing works. \n\nWe acknowledge that prior advancements in the fields of data mining [1] and long-horizon time-series forecasting [2] have inspired us; but our contribution lies in adeptly leveraging these ideas to solve a different problem--learning from dynamic and heterogeneous multimodal time series. We propose adapting the sparse attention technique at inter- and intra-modal stages with a learnable attention budget (the gating function in Section 3.2.3); using the opportunity with discrete symbols in tokenization to reserve a symbol for missingness (Section 3.2.1); and incorporating Mixture-of-Experts (MoE) to allow for implicit expert specialization under arbitrary modality combinations (Section 3.2.5)—which significantly extend beyond direct combinations of existing techniques. Our ablation study in Figure 6 shows the effectiveness of these proposed techniques.\n\n\nAdditionally, our work presents an alternate viewpoint of multimodal handling of multi-sensor data over the commonly adopted multivariate modeling, which is often chosen because the sensing modalities share the same (numerical) representation in the input space. Our design considers the heterogeneity in the sensors and proposes an effective multimodal learning framework, MAESTRO.\n\n---\n\n> Justification of how the algorithm overcomes the many missingness patterns challenge.\n\nWe conduct an ablation of all our proposed components under complete observation and under modality missingness to demonstrate their roles (in Figure 6 of Section 4.2). The key intuition is that cross-modal attention (which improves performance by 21%) allows each modality to adequately query the necessary modalities—including itself—based on their availability and relevance. The modality dropout augmentation (improves performance by 9%) and the modality position embedding (improves performance by 16%), which denote the ordering of the modalities, help facilitate this learning. Supporting cross-modal learning with modality-specific embedding and augmentation helps MAESTRO achieve consistently superior performance (an average improvement of 9%) over other baselines, even under 40% missingness.\n\n---\n\n> Minor: The algorithm involves several hyperparameters (e.g., window size $W$, $\\alpha$) without theoretical guidance for tuning, adding training overhead.\n\nThank you for commenting on this aspect. In our current work we have not extensively fine-tuned our hyper-parameters (as shown in Table 5 of the Appendix), yet we are able to outperform the existing baselines under complete and arbitrary modality combinations. However, for application-specific scenarios, based on the available computational resources, these hyperparameters can be selected to optimize for performance and computational efficiency. We present a brief sensitivity analyses for number of experts and the word length for the WESAD dataset across two computational platforms below :\n\n##### Varying Experts for MoE (default w = 2)\n\n\n| # Experts | ACC | RTX A6000 - Latency (ms) | RTX A6000 - GFLOPs  | Jetson TX2 - Latency (ms)   | Jetson TX2 - GFLOPs |\n|-----------|----------|--------------------------|---------------------|-----------------------------|---------------------|\n| 8\t\t    |   0.80   |     352.09\t              |       7.15          |\t 1298.52\t              |      6.16           |\n| 4\t\t    |   0.79   |     279.41\t              |       7.08          |\t 1315.08\t              |      6.12           |\n| 2\t\t    |   0.75   |     245.03\t              |       7.07          |\t 1291.25\t              |      6.00             |\n\n\n##### Varying Word Length for SAX (default w = 2)\n\n| Word Length (w) | ACC | RTX A6000 - Latency (ms) | RTX A6000 - GFLOPs | Jetson TX2 - Latency (ms) | Jetson TX2 - GFLOPs |\n|------------------|----------|---------------------------|----------------------|-----------------------------|-----------------------|\n|2\t\t           |  0.80    |  279.41                   |\t  7.08\t             |        1315.08\t            |       6.12           |\n|4\t\t           |  0.77    |  270.00                   |\t  3.56\t             |        677.81\t             |      3.06           |\n|8\t\t           |  0.80    |  275.69                   |\t  1.74\t             |        349.33\t             |      1.50          |\n\n\nWe will include this analyses in our Appendix.\n\n---\n\n[1] Experiencing SAX: a Novel Symbolic Representation of Time Series, 2007\n[2] Informer: Beyond Efficient Transformer for Long Sequence Time-Series Forecasting, 2021"
      }
    },
    {
      "type": "OFFICIAL_REVIEW",
      "rid": "ESka1MqMpk",
      "report": {
        "summary": "The paper considers the following problem: given M modalities where each modality is a multi-dimensional time series, the objective is to learn a label function that maps from the M modality time-series space to the label space of size C. The main challenge considered is that some of the modalities may be missing, and the labeling function is expected to be robust over arbitrary missing modalities. To this end the paper proposes the following approach:\n1. Aggregation: applying piecewise aggregation with a window size T/W compressing the sequence length from size T to W.\n2. Symbolic tokenization: mapping the compressed representations  into a symbol from a range of alpha values. One symbol is reserved to indicate missingness. The mapping is performed in a way that preserves the approximate distances before and after tokenization (Cor 3.2).\n3. Feature extraction: using an encoder for each modality, based on a sparse self attention mechanism.\n4. Cross modal learning: achieved by concatenating features along the temporal dimension to form a unified sequence. To overcome the L^2 attention complexity (especially after concatenation with large sequence length), the paper uses sparse cross attention achieving a complexity of L log L.",
        "ethical_concerns": "NO or VERY MINOR ethics concerns only",
        "final_justification": "My impression remains positive about the paper, however, I keep my score at 4 since I recommend acceptance but would also be ok otherwise due to the lack of novelty as the algorithm mainly combines existing approaches.",
        "limitations": "yes",
        "strengths_and_weaknesses": "Strengths:\n- The paper is well-written and easy to follow.\n- The proposed method is robust to any missing modality pattern which is challenging as the number of missing modalities combinations grows exponentially with the number of modalities.\n- The authors algorithm introduces multiple operations to reduce computational complexity including: aggregation to decrease length from T to W, sparse self attention, and sparse cross attention.\n- The numerical results show big improvements over state of the art for multiple datasets.\n\nOverall, my impression  on the paper is positive, however, due to the following concerns I recommend a borderline accept.\nWeaknesses:\n- My main concern is regarding the limited novelty of the paper. Even though the results are good, the algorithm and techniques only combine those of existing works.\n- The algorithm seems adhoc without sufficient explanation on why such approach could overcome the exponentially many missingness patterns challenge.\n- Minor: the algorithm contains several hyper-parameters (the size W, alpha, ...) without any theoretical guidance on how they can be tuned, which introduces a lot of overhead in training.",
        "questions": "Could the authors please provide intuition on how the proposed algorithm overcomes the exponential growth of missingness patterns?",
        "paper_formatting_concerns": "None",
        "responsible_reviewing_acknowledgement": "Yes",
        "code_of_conduct_acknowledgement": "Yes"
      },
      "scores": {
        "quality": "3",
        "clarity": "3",
        "significance": "2",
        "originality": "2",
        "rating": "4"
      },
      "meta": {
        "confidence": "2"
      }
    },
    {
      "type": "OFFICIAL_REVIEW",
      "rid": "hwRA0CpVxM",
      "report": {
        "summary": "The authors propose a new model (tokenization + encoding + prediction) scheme for multi-variate multi-modal time series that handles missingness and variable length sequences. The method tokenizes everything into discrete token sequences and then uses sparse attention mechanisms to deal with the long sequence length that results from concatenating the representations of multiple modalities. Experimentally, the authors compare 11 methods on 4 public datasets that physiological/health measurements.",
        "ethical_concerns": "NO or VERY MINOR ethics concerns only",
        "final_justification": "My positive opinion of the work remains unchanged.",
        "limitations": "Yes.",
        "strengths_and_weaknesses": "Strengths: \n- good connections with previous work \n- consideration for both tokenization and prediction challenges in multivariate multi-modal time series\n- attention to practical details like missingness\n- attention to computational details like flops imposed by the architectural changes\n- good benchmarking and many baselines run as far as dataset/model combos \n\nWeaknesses:\n- mostly writing clarity. A lot of complicated moving pieces and some key ones are deferred to references and appendices. See \"Questions\" below.",
        "questions": "section 3, maestro.\n\n- In the signal tokenization:\n\n  - first step is clear: average each signal in windows\n\n  - next step is unclear. \"Similar to Lin et al. [28], we use equidistant Gaussian breakpoints to partition the range into α equiprobable regions, mapping each xˆ[w] to a symbolic token s[w] ∈ {s1, . . . , sα}.\". What does equiprobable mean here? What's a region? How does one map x[w] to a choice of s[w]? i.e. what's the function phi? It feels not informative enough to cite another work and not mention what's actually done inline in thetext since it causes the reader to open another paper to understand a key detail. Skipping past it as a reader and just noting to self that there is somehow a tokenization that happens. It's referred to as a \"symbolic regression\" so I assume there is some function phi trained *somehow*.\n\n- sparse self attention\n\n  - Try to avoid introducing a mathematical symbol without defining it. For example, a(m_i, theta_a) is introducdd in line 195 in 3.2.2. but m isnt defined until the next section, which causes the reader extra mental burden in the earlier section.\n  - Again, the \"max-mean sparisty metric\" from Zhou et al [63] used to compute the sparse self attention seems like a key detail but there's not even a basic math expression for it, instead it's delegated to appendix + citation. Like the earlier example with tokenization, this makes the details of the paper hard to follow as a reader must scroll up and down and open other papers to know what's going on.\n\n\nResults\n\n  - the main table 2 includes with and without SAX, and the ablation includes full vs sparse attention (two kinds). Was the ablation done with or without SAX? Also, what does full vs all-full attention mean?",
        "paper_formatting_concerns": "None.",
        "responsible_reviewing_acknowledgement": "Yes",
        "code_of_conduct_acknowledgement": "Yes"
      },
      "scores": {
        "quality": "3",
        "clarity": "3",
        "significance": "3",
        "originality": "4",
        "rating": "5"
      },
      "meta": {
        "confidence": "4"
      }
    },
    {
      "type": "OFFICIAL_REVIEW",
      "rid": "gzT8R8Pa0e",
      "report": {
        "summary": "This paper introduces MAESTRO, a new method for learning from time series data collected by multiple sensors (modalities), even when some sensors are missing. It uses symbolic tokens to represent data, gives different attention to each sensor based on its importance, and connects different sensors using efficient sparse attention. It also uses a Mixture-of-Experts system to adapt to different combinations of available sensors. MAESTRO is tested on four real-world datasets and outperforms 10 existing methods, showing strong results even when 40% of the sensor data is missing.",
        "ethical_concerns": "NO or VERY MINOR ethics concerns only",
        "final_justification": "Thank authors for the additional explanations and experiments, including those on edge devices. I want to maintain my score.",
        "limitations": "Yes. The authors have done a commendable job addressing the limitations of their work.",
        "strengths_and_weaknesses": "Strengths: (1) The paper presents a high-quality and well-designed framework. MAESTRO integrates multiple components—symbolic tokenization, adaptive attention budgeting, sparse attention, and MoE routing—into a cohesive pipeline that is robust and efficient. (2) The paper is clearly written, with intuitive explanations, detailed methodology, and helpful visualizations (e.g., Figures 2, 4, 5). The ablation studies and complexity comparisons further support the model design. (3) MAESTRO addresses a highly practical and underexplored challenge in multimodal time series learning: handling dynamic and incomplete sensor data. The ability to work under arbitrary modality combinations is highly relevant for real-world sensing systems. (4) The combination of symbolic time-series representation with adaptive attention and sparse MoE for multimodal fusion is novel. \n\nWeaknesses: (1) While the method is well explained overall, the symbolic tokenization step and adaptive attention budgeting could benefit from more intuitive, real-world analogies or examples for broader accessibility. (2) While the combination is novel, many individual components (e.g., SAX, MoE, sparse attention) are adaptations of known ideas; the contribution lies more in system design than theoretical innovation.",
        "questions": "1. The paper introduces a modality-aware attention budget mechanism to adaptively control sparsity per modality. Could the authors clarify how the gating network G is trained? Is there any regularization or inductive bias to prevent overfitting, especially when modality availability varies widely across samples?\n\n2. The symbolic SAX tokenization is presented as a key component to reduce sequence length and encode missingness. Could the authors provide more quantitative or qualitative insights into why this representation improves performance (e.g., beyond Table 2 and Figure 3)? Would the model still benefit from SAX if trained on high-resolution sequences with sufficient compute?\n\n3. The paper demonstrates robustness under missing modalities, but it is unclear whether MAESTRO can handle asynchronous modalities (e.g., with misaligned sampling rates and no temporal sync). Could the authors discuss how the current design generalizes to this setting, and whether additional temporal alignment strategies would be needed?\n\n4. While MAESTRO uses sparse attention and MoE to improve efficiency, could the authors discuss performance under strict compute budgets (e.g., edge devices)? How does inference latency scale with modality count and sequence length, especially in high-frequency sensor settings?",
        "paper_formatting_concerns": "None",
        "responsible_reviewing_acknowledgement": "Yes",
        "code_of_conduct_acknowledgement": "Yes"
      },
      "scores": {
        "quality": "3",
        "clarity": "3",
        "significance": "4",
        "originality": "2",
        "rating": "4"
      },
      "meta": {
        "confidence": "2"
      }
    },
    {
      "type": "OFFICIAL_REVIEW",
      "rid": "y9JTfnZtJ6",
      "report": {
        "summary": "MAESTRO is a multimodal learning framework designed for dynamic time-series data from heterogeneous sensors, addressing challenges like missing modalities and inefficient pairwise modeling. It uses symbolic tokenization to represent time-series data compactly while explicitly marking missing inputs. An adaptive sparse attention mechanism allocates attention based on modality relevance, and a sparse mixture-of-experts layer enables dynamic routing depending on available modalities. Experiments on four real-world datasets show that MAESTRO outperforms state-of-the-art baselines in both accuracy and robustness, especially under partial modality settings.",
        "ethical_concerns": "NO or VERY MINOR ethics concerns only",
        "final_justification": "The authors have addressed my concerns. I have no more concern.",
        "limitations": "Yes.",
        "strengths_and_weaknesses": "Strengths\n\n- MAESTRO is robust to missing modalities. It handles arbitrary combinations of available sensor modalities using symbolic tokenization and dynamic routing, outperforming baselines.\n- By employing sparse attention and avoiding pairwise interaction modeling, MAESTRO significantly reduces computational cost compared to dense multimodal methods like MULT.\n\nWeaknesses\n\n- It seems that the model involves multiple components that may require extensive hyperparameter tuning for the new datasets.",
        "questions": "1. The framework is only evaluated on classification problems. What about its applicability to other tasks of different type?\n2. Although the proposed method handles missing modalities well, the model's behavior under noisy inputs is not systematically evaluated. I am curious about its robustness to the noisy data.\n3. One minor issue: \"reliance on\" in line 5 should be put ahead of \"(1)\"?",
        "paper_formatting_concerns": "None.",
        "responsible_reviewing_acknowledgement": "Yes",
        "code_of_conduct_acknowledgement": "Yes"
      },
      "scores": {
        "quality": "3",
        "clarity": "3",
        "significance": "3",
        "originality": "3",
        "rating": "4"
      },
      "meta": {
        "confidence": "3"
      }
    }
  ]
}