{
  "forum_id": "2bgwni6Ber",
  "paper_title": "Conformal Inference under High-Dimensional Covariate Shifts via Likelihood-Ratio Regularization",
  "reviews": [
    {
      "type": "CHAIR_COMMENT",
      "rid": "U6Psu4Khpe",
      "report": {
        "title": "Paper Decision",
        "main": "All reviewers agree that this submission addresses an important problem in theory and practice, namely conformal inference with covariate shift, without separate explicit estimation of the probability change measure. The contributions are theoretical and methodological. The paper is clearly presented and well-written. The discussion after the rebuttal allowed to clarify several points and led several reviewers to raise their rating. Clear accept."
      },
      "replyto": "2bgwni6Ber"
    },
    {
      "type": "AUTHOR_COMMENT",
      "rid": "GQKK5iUW4q",
      "report": {
        "title": "",
        "main": "We thank the reviewer for their\ndetailed questions.\n\nRegarding the likelihood ratio\nestimation error\nof the function $\\beta h$:\nIn order to illustrate the\nestimation error phenomenon,\nhere, we extend the previous simulation\nto the following regression task\nunder covariate shift.\n(This is necessary for us \nto run LR-QR on the example.)\nFor a given dimension $d$,\nthe marginal calibration distribution\n$P_{1,X}$\nis given by\n$N(-\\frac{\\mathbf{1}}{\\sqrt d}, \\frac{1}{d} I)$,\nand the marginal test distribution\n$P_{2,X}$\nis given by\n$N(+\\frac{\\mathbf{1}}{\\sqrt d}, \\frac{1}{d} I)$.\n(Consequently,\nthe true likelihood ratio \n$r(x) = \\frac{dP_{1,X}}{dP_{2,X}}(x)$\ncoincides with the example given\nin our previous comment.)\nAdditionally,\nfor any feature vector \n$x = (x_1,\\ldots,x_d)^\\top \\in R^d$,\nits label $Y\\in R$ is sampled\nfrom the normal distribution\n$Y|X=x \\sim N(x_1, \\frac{1}{d})$.\nWe fit a linear regression model\non $n_{\\text{train}} = 10000$\nsamples from from $P_1$.\nWe then run LR-QR\nwith $n_1 = 5000$ labeled calibration samples,\n$n_2 = 10000$ unlabeled test samples,\nand $n_3 = 5000$ unlabeled calibration samples,\nwith the hypothesis class\n$$ H = ( h(x) = \\gamma_0 + \\gamma^\\top x : \\gamma_0\\in R, \\gamma\\in R^d ) $$\nof affine functions,\nin dimension $d=10$,\nwith the nominal miscoverage level\n$\\alpha = 0.1$,\nfor multiple values\nof the regularization strength $\\lambda$\n(listed in the table below).\nAs the reviewer suggests,\nwe evaluate the $L^1$ estimation error\n$\\hat E_1[ |\\beta h - r| ]$\nusing $m = 10000$ \nsamples from $P_1$;\nas well as the\nempirical test-time coverage\nusing $m = 10000$\nsamples from $P_2$.\nWe average over\n$n_{\\text{batch}} = 20$\nevaluation sets.\n(We utilize the function $\\beta h$\ninstead of $h$,\nbecause in the LR-QR objective,\nthe regularization is defined as\n$\\lambda E_1[(\\beta h - r)^2]$;\nhence, it is most natural\nto compare $\\beta h$ and $r$.)\n\nFrom the results\nin the table,\nwe see that\nas we sweep $\\lambda$,\nthe $L^1$ distance\n$E[|\\beta h - r|]$\nbetween $\\beta h$ and $r$\nremains extremely large,\nconsistently across all $\\lambda$.\n(To put this $L^1$ distance in perspective,\nnote that by the change-of-measure identity,\nwe have $E_1[|r|] = 1$ for all $\\lambda$;\nfurther demonstrating how inaccurate $\\beta h$ is\nas an estimator of $r$.)\nHowever, the test-time coverage \nof the LR-QR\nis well-behaved,\nhovering near the nominal $1-\\alpha = 0.9$,\nwith the optimal $\\lambda$ around 1e-4.\nIn summary, these empirical results\ndemonstrate that LR-QR\nachieves satisfactory test-time coverage,\nwithout attempting to directly estimate\nthe likelihood ratio $r$.\n\nTable: LR-QR $L^1$ error and coverage in dimension $d=10$.\n\n| Lambda | 1e-6 | 1e-5 | 1e-4 | 1e-3 | 1e-2 |\n|---------|----------|----------|----------|----------|----------|\n| L1 error | 6e+15 | 2e+16 | 3e+16 | 8e+15 | 2e+16 |\n| Coverage | 0.864 | 0.860 | 0.867 | 0.943 | 1.000 |\n\n\nRegarding estimating divergences\nusing the LR-QR threshold:\nThe reviewer is right to note\nthat by the change-of-measure identity,\nthe KL divergence between\nthe calibration and test marginal distributions\ncan be expressed as\n$\\text{KL}(P_{1,X} || P_{2,X}) = E_{X\\sim P_{1,X}}[\\log r(X)]$,\nwhere $r$ denotes the true likelihood ratio.\nIn the population-level LR-QR objective,\nwe include a regularization term\nwhich, up to constants,\nequals\n$\\lambda E_1[ (\\beta h - r)^2 ]$;\nhence, one might expect \nthe function $\\beta h$\nto be a good approximation of \nthe true likelihood ratio $r$.\nFrom the empirical results above,\nwe have demonstrated\nthat this is not the case.\nFurthermore, we can provide\na theoretical explanation\nfor why this intuition is incorrect.\nThe intuition that \"$\\beta h \\approx r$\"\nfails to take into account\nthe first term in \nthe population-level LR-QR objective, \ni.e., the pinball loss $E_1[\\ell_{\\alpha}(h, S)]$.\nThe LR-QR algorithm trades-off these two losses,\n\"shrinking\" the true likelihood ratio $r$\ntowards the minimizer of the pinball loss,\ni.e., the conditional quantile function\n$q_{1-\\alpha}(x) := \\text{Quantile}_{1-\\alpha}(Y|X=x)$.\nConsequently,\nunless the regularization $\\lambda$ is $+\\infty$\n(which cannot occur in practice),\nthe LR-QR algorithm\nreturns a pair $(\\beta, h)$\nsuch that $\\beta h \\neq r$;\nand hence,\nby design,\nthe LR-QR algorithm\ndoes not attempt to\ndirectly estimate the\nlikelihood ratio $r$.\n\nWe will elaborate\non all of these points \nin the revised paper;\ndue to the space limits\nand time constraints\nof the conference's discussion period,\nwe are unable to provide\ncomplete details here.\nWe thank the reviewer again\nfor their interest in our work.\nWe hope our comments clarify the fact\nthat LR-QR successfully\nachieves valid test-time coverage,\nwhile circumventing\nthe fundamental challenge of estimating \na high-dimensional likelihood ratio."
      },
      "replyto": "fgXWEtDKfw"
    },
    {
      "type": "REVIEWER_COMMENT",
      "rid": "fgXWEtDKfw",
      "report": {
        "title": "Thank you again!",
        "main": "Thank you for the new table. Plotting or tabling those results against the error of the proposed approach, e.g. ${\\rm E}(|h(X) - r(X)|)$, on the same data would help the reader appreciate the need and efficiency of the proposed method. \n\nI agree that estimating the distribution divergences from samples is challenging. Can the proposed approach help? For example, $KL(P, Q) = \\sum_x p(x) \\log(\\frac{p(x)}{q(x)}) = E_{X \\sim p} \\log(r(Z)) $, where $r$ is the likelihood ratio. Would $E_{X \\sim p} \\log(h(X)) $ be a good approximation of $KL(P, Q)$?"
      },
      "replyto": "dilUjNm3yk"
    },
    {
      "type": "AUTHOR_COMMENT",
      "rid": "dilUjNm3yk",
      "report": {
        "title": "",
        "main": "We thank the reviewer for their comments \nand their insightful questions.\n\nRegarding our simulation:\nBelow, we have added a new table of\nlikelihood ratio estimation errors\nover a grid of six $x$-values,\naveraged over $n_{\\text{batches}} = 100$\nindependent draws of the $n_{\\text{train}} = 10000$ datapoints.\nFor each dimension $d$\nand each point $x$ in the associated grid $G_d$,\nwe report the mean value of\nthe likelihood ratio estimation error\n$ \\left| \\frac{\\hat p(x)}{1-\\hat p(x)} - \\frac{p(x)}{1-p(x)} \\right| $.\nTo compute this,\nwe leverage the identities\n$\\log\\left( \\frac{p(x)}{1-p(x)} \\right) = \\beta_0 + \\beta^\\top x$\nand\n$\\log\\left( \\frac{\\hat p(x)}{1-\\hat p(x)} \\right) = \\hat \\beta_0 + \\hat \\beta^\\top x$,\nwhich imply that \nthe error equals\n$$ | \\exp(\\hat \\beta_0 + \\hat \\beta^\\top x) - \\exp(\\beta_0 + \\beta^\\top x) |. $$\nFor a given dimension $d$,\nwe use the grid of four $x$-values\n$$ G_d = \\left[\n-0.6 \\frac{\\mathbf{1}}{\\sqrt d}, \n-0.2 \\frac{\\mathbf{1}}{\\sqrt d},\n+0.2 \\frac{\\mathbf{1}}{\\sqrt d},\n+0.6 \\frac{\\mathbf{1}}{\\sqrt d}\n\\right], $$\nwhich lie on the segment connecting\nthe class means.\n\nIn the table below,\nfor a given dimension $d$,\neach column corresponds\nto the point $x = (\\text{column label}) \\frac{\\mathbf{1}}{\\sqrt d} \\in R^d$\nat which we evaluate \nthe error.\n(E.g., row $d$ and column $+0.2$\ncorresponds to $x = +0.2 \\frac{\\mathbf{1}}{\\sqrt d}$.)\nBy inspecting the columns,\nwe see that the estimation error\nincreases with dimension.\n\n__Table:__ absolute error of likelihood ratio estimation.\n\n| dim \\ x-value | -0.6 | -0.2 | +0.2 | +0.6 |\n|---------------|------|------|------|------|\n| 10 | 3e-3±3e-4 | 1e-1±1e-2 | 5e+1±6e-1 | 2e+5±3e+1 |\n| 30 | 1e-2±2e-4 | 2e-1±5e-3 | 2e+5±1e-1 | 4e+15±7e+0 |\n| 50 | 1e-2±2e-4 | 2e-1±3e-3 | 5e+8±5e-2 | 1e+26±2e+11 |\n| 70 | 2e-2±1e-4 | 3e-1±2e-3 | 1e+12±4e-2 | 3e+36±6e+21 |\n| 90 | 2e-2±1e-4 | 3e-1±2e-3 | 4e+15±7e+0 | 8e+46±1e+32 |\n\nRegarding the relation between [1, 2] and LR-QR:\nwe thank the reviewer for bringing up these works.\nIndeed, [1, 2] provide finite-sample coverage lower bounds\nin the case of general distribution shifts,\nincluding covariate shifts.\n\nHowever, we would like to point out\nthat the coverage lower bounds in [1, 2]\ndepend on certain quantities\nthat are difficult to estimate in practice.\nFor instance,\nin Theorem 2 of [1],\nthe coverage gap\nis given by a weighted average\nof the total variation distances\n$d_{\\text{TV}}(R(Z), R(Z^{(i)}))$\nfor $i\\in [n]$.\nThus,\nfor a practitioner\nto set the nominal coverage level,\nthey need to estimate\nthese total variation distances;\nand we are not aware\nof any existing algorithms\nthat allow for efficient estimation\nof total variation distances\nin high dimensions.\n\nSimilarly,\nin Corollary 2.1 of [2],\nthe coverage gap\nis given by $c_{\\alpha,\\rho,f}/(n+1)$,\nwhere the quantity $\\rho$\nis an upper bound\non the $f$-divergence\n$D_f(P_{\\text{test}} || P_0)$\nbetween calibration and test.\nAs a result,\na practitioner\nmust estimate an $f$-divergence,\nand the estimation of $f$-divergence measures\nis known to be statistically hard\nin general.\nFor instance, in Krishnamurthy et al. [3],\nthe authors prove that\nin dimension $d$,\nthe minimax estimation error of an $\\alpha$-divergence \nis bounded below by\n$O(n^{-\\frac{4s}{4s+d}})$\nif the Hölder smoothness $s$\nof the densities\nobeys $s\\le d/4$,\nwhich is prohibitively large in high dimensions.\n\nIn each of our experiments,\nwe compare LR-QR\nagainst the\nDRO-CP algorithm from [2],\nand our results \ndefinitively show\nthat LR-QR outperforms DRO-CP.\nLR-QR closely tracks the nominal coverage level\nwith small set sizes,\nwhile DRO-CP\ntends to overcover\nwith overly conservative prediction sets.\n(DRO-CP is the fifth bar\nin each group\nin Figure 1;\nthe original legend\nhad a typo,\nwhich we will fix\nin the revised version.)\nRegarding comparing with\nthe Nonexchangeable CP method\nfrom [1],\nnote that the LR-QR algorithm\nonly requires **unlabeled** data\nfrom the target domain,\nwhereas the method\nfrom [1]\nrelies on labeled data.\nThus,\nit is not clear to us\nwhether the Nonexchangeable CP method\ncan be run in our experiments,\nwhere no labeled target data is provided.\n\nFinally, the reviewer asks the natural question\nas to whether LR-QR\ncan be extended to general shifts.\nIf we had access\nto labeled data from the target domain,\nit might be possible\nto modify our choice of hypothesis class,\nor to incorporate ideas from full conformal prediction.\nAt present,\nwe do not see\nan easy way\nto generalize,\nbut we believe this is a very interesting direction\nfor future work.\n\nWe thank the reviewer for these questions\nand for their interest.\nWe hope that our comments\nclarify the practical utility\nof LR-QR in challenging high-dimensional settings,\nand its relation to other work.\n\n[1] Barber et al., \"Conformal prediction beyond exchangeability\".\n\n[2] Cauchois et al., \"Robust validation: Confident predictions even when distributions shift\".\n\n[3] Krishnamurthy et al., \"Nonparametric Estimation of Renyi Divergence and Friends\"."
      },
      "replyto": "FpcZyNJnp1"
    },
    {
      "type": "REVIEWER_COMMENT",
      "rid": "FpcZyNJnp1",
      "report": {
        "title": "Thank you for your answers",
        "main": "Many thanks for your detailed replies and the new experiment. If I understand correctly, the results shown in the rebuttal are for the estimation error, $(|\\hat \\beta_0 - \\beta_0|^2 + |\\hat \\beta - \\beta|^2)^{1/2}$. Can't the ratio estimation be more stable? What are the figures for $\\left| \\hat p(x) / (1-\\hat p(x)) - p(x) / (1-p(x))\\right|$? \n\nWorks like [1] or [2] give coverage bounds even in the case of a general distribution shift. Could similar techniques, together with suitable assumptions on the oracle distributions, be used to provide finite-sample guarantees for the proposed estimation approach? \n\n[1]\nBarber, Rina Foygel, et al. \"Conformal prediction beyond exchangeability.\" The Annals of Statistics 51.2 (2023): 816-845. \n[2]\nCauchois, Maxime, et al. \"Robust validation: Confident predictions even when distributions shift.\" Journal of the American Statistical Association 119.548 (2024): 3033-3044."
      },
      "replyto": "iyqKOyke56"
    },
    {
      "type": "REVIEWER_COMMENT",
      "rid": "7GDJHNzrSf",
      "report": {
        "title": "",
        "main": "I appreciate the authors’ continued effort to further clarify and strengthen their results. Their proposed extension demonstrates the robustness and flexibility of the framework, and I believe it helps reinforce the theoretical contribution of the paper. My overall assessment remains positive and reflects this development."
      },
      "replyto": "ZympMLYE3C"
    },
    {
      "type": "REVIEWER_COMMENT",
      "rid": "dZpT4lTQhl",
      "report": {
        "title": "",
        "main": "After the rebuttal, I remain positive about this paper. Thank you for the detailed responses."
      },
      "replyto": "3UYW139SN8"
    },
    {
      "type": "REVIEWER_COMMENT",
      "rid": "6CURHJOYh6",
      "report": {
        "title": "",
        "main": "I thank the authors for addressing my comments and suggestions on the initial submission. The rebuttal and the planned revisions are satisfactory, and I am pleased to raise my initial rating to 5."
      },
      "replyto": "pB2Sjlgq2O"
    },
    {
      "type": "AUTHOR_COMMENT",
      "rid": "ZympMLYE3C",
      "report": {
        "title": "",
        "main": "We thank the reviewer\nfor their comments,\nand for this insightful question and suggestion.\nIndeed, if one replaces\nan unbounded score $S$\nwith the transformed score $g(S)\\in [0,1]$,\nthen the proof of\nthe generalization bound\nin Theorem 4.2\ngoes through verbatim.\n\nIt turns out that this trick also applies\nto the coverage lower bound \nin Theorem 4.3,\nif we relax Condition 5 in Section E of the Appendix.\nCondition 5 imposes a boundedness assumption\non the conditional density of $S|X=x$,\nand therefore precludes us from directly\napplying the trick suggested by the reviewer\n(as is explained at the end of this comment).\nWe claim that Condition 5\ncan be replaced\nwith the following Condition 5':\n(1) the conditional density $f_{S|X=x}$ exists for all $x\\in \\mathcal{X}$;\n(2) there exists a constant $C_f > 0$\nand a real $k > 0$\nsuch that for all $s\\in (0,1)$, we have\n$$ f_{S|X=x}(s) \\le C_f (|s|^{-k} + |1-s|^{-k}), $$\nuniformly in $x\\in \\mathcal{X}$;\n(3) the basis $\\Phi$ obeys \n$$\\sup_{\\gamma\\in S^{d-1}} E_1[ \\langle \\gamma, \\Phi(X)\\rangle^{-k} ] < \\infty $$\nand\n(4) the quantity $B_{\\text{upper}}$ defined in Lemma L.4\nobeys $B_{\\text{upper}} < C_{\\Phi}^{-1}$,\nwhere $C_{\\Phi}$ is defined in Condition 1.\n\nIn other words, we can allow\nthe conditional density of $S|X$\nto diverge at a polynomial rate\nnear $s=0$ and $s=1$,\nso long as $\\Phi$ obeys a certain moment condition,\nand so long as apriori,\nthe population LR-QR objective\ncan be restricted to a sufficiently small ball.\n\nTo elaborate on points (3) and (4):\nOne can consider (3) a slight strengthening\nof Condition 6, a quantitative independence condition\non the basis functions.\nTo understand (4),\nnote that by inspecting the definition of $B_{\\text{upper}}$,\nwe see that an upper bound on $B_{\\text{upper}}$\nimposes \n(a) a lower bound on $c_{\\text{align}}$ defined in Condition 6,\nas well as \n(b) an upper bound on\n$E_1[ \\ell_{\\alpha}(\\theta^{\\star} r_{H}, S) ]$,\nwhich states that optimally scaling \nthe projection $r_{H}$\ncan yield a threshold function \nwith low pinball loss.\n(In particular,\nby the definition of $\\theta^{\\star}$\nin Lemma L.2,\nwe have $E_1[\\ell_{\\alpha}(\\theta^{\\star} r_{H}, S)] \\le \\alpha^{-1}$,\nhence a sufficient condition\nfor (4) to hold\nis the lower bound $c_{\\text{align}} > \\frac{1}{4} C_{\\Phi}$.)\n\nNow, we show how Condition 5'\nimplies Theorem 4.3.\nIn the original proof,\nCondition 5 is used on lines 906 and 1102\nin order to control expressions of the form\n$$ \\| E_1[ \\Phi(X) \\Phi(X)^T f_{S|X}(h(X)) ] \\|, $$\nuniformly for $\\gamma \\in R^d$ with\n$0 < B_{\\text{lower}} \\le |\\gamma| \\le B_{\\text{upper}}$,\nwhere as usual we write $h(X) = \\langle \\gamma, \\Phi(X)\\rangle$.\nBy Condition 1 and Jensen's inequality,\nthis is bounded by $E_1[ |f_{S|X}(h(X))| ]$,\nup to constants.\nBy part (2) of Condition 5',\nthis in turn is bounded by\n$E_1[ |h(X)|^{-k} + |1-h(X)|^{-k} ]$,\nup to constants.\nBy part (3) of Condition 5'\nand the bounds $0 < B_{\\text{lower}} \\le |\\gamma| \\le B_{\\text{upper}}$,\nthe first term\n$E_1[ |h(X)|^{-k} ]$ \nis uniformly bounded.\nNext, by the triangle inequality,\nthe Cauchy-Schwarz inequality,\nCondition 1,\nand part (4) of Condition 5',\nwe have\n$$ |1-h(X)| \\ge 1 - |h(X)| \\ge 1 - C_{\\Phi} B_{\\text{upper}} > 0, $$\nso we may uniformly bound the second term by\n$$ E_1[ |1-h(X)|^{-k} ] \\le (1-C_{\\Phi} B_{\\text{upper}})^{-k}. $$\nPutting these bounds together, we see that Condition 5'\nprovides the desired uniform control.\n\nFinally, if we utilize Condition 5' instead of Condition 5,\nthen the reviewer's idea\nindeed allows us to generalize\nTheorem 4.3 beyond bounded scores.\nNote that for the sigmoid transformation $g$\nthat the reviewer proposed,\nthe conditional density $f_{g(S)|X=x}$\nof the transformed score $g(S)$ obeys\n$$f_{g(S)|X=x}(t) = \\frac{1}{t(1-t)} f_{S|X=x}\\left( \\log \\frac{t}{1-t} \\right)$$\nfor all $t\\in (0,1)$.\nConsequently,\nif the original density $f_{S|X=x}(s)$\nis supported on $R$\nwith polynomially-decaying tails\nas $s\\to \\pm \\infty$,\nthen the transformed density\ndiverges like $\\sim (t(1-t))^{-(1+o(1))}$\nas $t\\to 0,1$, which satisfies Condition 5'\nwith $k = 1+\\epsilon$ for any $\\epsilon > 0$.\n\nWe thank the reviewer for this question and \ntheir keen suggestion,\nand we are happy to include these remarks\nin the revised version, to emphasize the generality\nof our findings."
      },
      "replyto": "70T0RSrvF0"
    },
    {
      "type": "REVIEWER_COMMENT",
      "rid": "GmHeYGfKLa",
      "report": {
        "title": "",
        "main": "I agree with the comments provided by the authors, which are clear and well-argued. That said, these points do not change my overall assessment of the paper, which I consider methodologically sound and well-executed. My initial evaluation therefore remains unchanged, as the concerns I raised did not call into question the validity or overall quality of the work"
      },
      "replyto": "RiBrlqWdZG"
    },
    {
      "type": "REVIEWER_COMMENT",
      "rid": "70T0RSrvF0",
      "report": {
        "title": "",
        "main": "I appreciate the author’s detailed explanation of both the linear class and the experimental results. I have a quick follow-up question regarding the boundedness condition in the theorem. For any score function $s$, whether bounded or unbounded, would it be valid to instead consider a transformed score function $g \\circ s$, where $g: \\mathbb{R} \\to [0, 1]$ is strictly increasing, for example, $g(x) = 1 / (1 + \\exp(-x))$? This would ensure that the new score $g \\circ s$ satisfies the boundedness condition, and it seems the result would still hold for any original score $s$. Does this intuition seem correct? I’m not suggesting that the theorem statement or proof should be changed as the current theorem looks good to me, but I wanted to verify this idea.\n\nOverall, I believe this paper addresses an important and practically problem. The rebuttal further demonstrates the authors’ thoughtfulness and commitment. I will maintain my score of strong accept."
      },
      "replyto": "TWBbsYateF"
    },
    {
      "type": "AUTHOR_REBUTTAL",
      "rid": "TWBbsYateF",
      "replyto": "DPdsHqLh4n",
      "report": {
        "main": "We thank the reviewer for the helpful comments.\n\nWeakness 1: \"Clarify the definition of a linear class?\"\n\nResponse to Weakness 1:\nIn our setting, we call a set of functions $H$\nfrom $\\mathcal{X}\\to \\mathbb{R}$\na \"linear hypothesis class\" if\n(1) $H$ forms a finite-dimensional vector space\nand\n(2) for each function $h\\in H$, the second moment $E_1[|h(X)|^2]$ is finite.\n\nWeakness 2: \"What if we violate the assumptions on $H$?\" \n\nResponse to Weakness 2:\nWe thank the reviewer for the question about our regularity conditions\non the hypothesis class $H$.\nIndeed, our theoretical guarantees on the performance of LR-QR\nrely on\nthe true likelihood ratio $r$ being close in $L^2$-norm to\nthe hypothesis class $H$.\nThis is reflected in the misspecification error term\n$- (1-\\alpha) E_1[ |r(X) - r_B(X)| ]$\nappearing in the lower bound in Theorem 4.3.\n\nFurther, our guarantees rely on\nimplicit assumptions\non the dimensionality on $H$.\nTo illustrate the dependence on $d$ arising from Condition 3 in Appendix E, \nsuppose $\\Phi$ forms an orthonormal basis for $P_1$. \nThen applying the empirical sample covariance tail bound from Chapter 5.6 of [5], \nwe have $\\lambda_{min}(\\hat \\Sigma) \\ge 1 - O(d \\log(dn_3)/n_3)$ with probability $1-o(n_3^{-1})$. \nThis is of constant order if $d \\log(d) \\ll n_3$. \nSo our bounds are meaningful if $d \\ll n_3/\\log(n_3)$ (which allows a growing dimension).\n\nUnfortunately, with the revised conference rules,\nwe are unable to provide additional ablation plots\nto examine the effect of misspecification.\nHowever, we are happy to provide such plots in the revised version.\nFor each of the three experiments,\nwe can run LR-QR with hypothesis classes of varying complexities\n(e.g., linear combinations of the last-layer features \nof pretrained models of varying sizes)\nand compare the resulting coverage properties.\nWe thank the reviewer for their interest.\n\nQ1: Clarification about the Communities and Crime experiment.\n\nResponse to Q1:\nWe thank the reviewer for allowing us to clarify the Communities and Crime experiment.\nIndeed, in our paper, our goal is to achieve marginal coverage at the nominal level in the test domain.\nOur description of the Communities and Crime experiment\nin Section 5.2 contained a typo, which we would like to correct here.\nWe would like to clarify that we are not attempting\nto provide conditional coverage over each of the four groups.\nRather, **we design four distinct covariate shifts**,\nrun the LR-QR algorithm in each of the four scenarios,\nand evaluate the marginal coverage in the test domain.\nTo elaborate,\nlet us assign the index $i = 1$ to the Black subgroup,\n$i=2$ to the White subgroup,\n$i=3$ to the Asian subgroup,\nand $i=4$ to the Hispanic subgroup.\nLet $Z$ denote the set of datapoints\nthat were not used for training the regression model.\nThen, for each $i\\in [4]$,\nwe design a covariate shift between calibration and test\nas follows:\nthe $i$-th calibration set $Z_{cal,i}$ includes \nall individuals in $Z$\nthat are not of race $i$,\nand the $i$-th test set\nincludes \nall individuals in $Z$\nthat are of race $i$.\nThus, for each $i\\in [4]$, \nwe induce a covariate shift \nbetween $Z_{cal,i}$ and $Z_{test,i}$,\nshifting probability mass from \n\"not race $i$\"\nto \"race $i$\".\n\nIn Figure 1, we evaluate each algorithm on each of the four experimental setups. Again, this is not conditional coverage, but rather marginal coverage in distinct experiments.\nOur results show that on this challenging 127-dimensional task,\nthe LR-QR algorithm achieves excellent marginal coverage at test-time,\nfor each of the four distinct choices of covariate shift.\n\nQ2: \"Is $S\\in [0,1]$ inconsistent with the experiments?\"\n\nResponse to Q2:\nThe assumption that $S\\in [0,1]$ is simply made for technical convenience.\nOur theoretical results easily generalize to the case of nonnegative and bounded scores. In the MMLU task, this assumption is satisfied, since the score is $1-f(x)_y \\in [0,1]$.\nIn the Communities and Crime regression task, our score is the residual $|y-\\hat f(x)|$, where $y$ is the crime rate and $\\hat f$ is a bounded predictor. Hence, this score is also bounded.\nOn the RxRx1 classification task, the scores are nonnegative, but as noted by the reviewer they are not bounded apriori. \nEmpirically, the LR-QR algorithm performs very well in these scenarios, so we conjecture that the boundedness assumption can be relaxed, and we view this as an interesting direction for further work. Moreover, in the final version of the paper, we will provide additional experiments with the log-score replaced by either the standard score $1-f(x)_y \\in [0,1]$ or other bounded scores.\n\nQ3: \"Why do we assume a linear class?\"\n\nResponse to Q3:\nOn a technical level, in our theoretical results, we leverage the linearity of $H$ \nto relate the first-order conditions of the LR-QR problem \nto the test-time marginal coverage under the covariate shift $r$.\nThis linearity is also the key property leveraged by\nthe pioneering work [2] in order to study conditional coverage. \n(For a detailed derivation of the connection\nbetween the first-order conditions of the LR-QR problem\nand the test-time marginal coverage,\nplease see the start of Section 3\nor the proof of Proposition 4.1.)\n\nWe would like to emphasize that a linear hypothesis class can be very rich and can contain highly nonlinear functions, e.g., the space of functions representable by linear combinations of the last-layer features of a pretrained model. Consequently, $r\\in H$ does not imply that $r$ is linear, and we do not view the assumption that $r\\in H$ as being restrictive in practice. \nIndeed, we perform experiments involving high-dimensional datasets:\nthe Communities and Crime dataset has a 127-dimensional input,\nthe RxRx1 dataset has a 512 pixel-by-512 pixel image input,\nand the MMLU dataset has a 1024-dimensional text input.\nIn these challenging settings,\nLR-QR performs extremely well,\nwhich is consistent with our assumption that $r$ lies within $H$ or close to $H$. \nThis underscores the fact that LR-QR is a practically significant algorithm\nin the high-dimensional setting,\nwith strong and meaningful theoretical guarantees.\n \nMoreover, we would like to emphasize that such a linear function class setting is now quite standard and well-accepted in the conformal prediction literature (see e.g., [2, 3, 4]), starting with the pioneering work of [1], which has been widely adopted in the community (e.g., cited more than 100 times).\n\n[1] Gibbs et al., \"Conformal prediction with conditional guarantees\".\n\n[2] van der Laan et al., \"Generalized Venn and Venn-Abers Calibration with Applications in Conformal Prediction\".\n\n[3] Bairaktari et al., \"Kandinsky Conformal Prediction\".\n\n[4] Cherian et al., \"Large language model validity via enhanced conformal prediction methods\".\n\n[5] Vershynin. \"High-dimensional probability\"."
      }
    },
    {
      "type": "AUTHOR_REBUTTAL",
      "rid": "iyqKOyke56",
      "replyto": "LCBdLhaxyg",
      "report": {
        "main": "We thank the reviewer for the helpful comments.\n\nStrength 1:  \"The observation linking the optimum of the pin-ball objective and coverage.\"\n\nResponse to Strength 1:\nThis connection is known from the works [2, 3], as we have already stated in the paper (see line 121). However, our main innovation is the regularization term, which is both conceptually novel and significantly improves performance. We will be more clear about this in the revision.\n\nWeakness 1: \"Why is high-dimensionality hard?\" \n\nResponse to Weakness 1:\nIn general, estimating a high-dimensional function incurs the \"curse of dimensionality\", whereby accurate estimation at a single point requires an exponential number of nearby datapoints. More specifically, high-dimensional estimation has been widely studied in statistics and ML, and there are many results showing that even under pretty strong smoothness assumptions, this is very hard [5]. \n\nGiven that the likelihood ratio is a high-dimensional function when $\\text{dim}(\\mathcal{X})$ is large, likelihood ratio estimation suffers from similar hardness results.\nAs the reviewer suggests, a natural method for likelihood ratio estimation is through logistic regression.\nSpecifically, given i.i.d. samples $\\{ (X_i, Y_i) : i\\in [n] \\}$ with $X_i\\in \\mathbb{R}^d$ and $Y_i\\in \\{0,1\\}$,\none can fit a logistic regression model to obtain \na probabilistic classifier $\\hat p(x)$ that returns the predicted probability\nthat $x$ was sampled from class 1;\nthen, one returns the likelihood ratio estimate $\\hat r(x) = \\hat p(x) / (1 - \\hat p(x))$.\nHowever, in the literature, theoretical results show that logistic regression \nincurs large estimation errors in high dimension; see e.g., [8].\nHere, we numerically illustrate this phenomenon with the following simple setting.\nGiven a dimension $d$,\nand given a fixed sample size $n_{train} = 10000$,\nwe sample $n_{train}/2$ datapoints from $N(-\\frac{\\mathbf{1}}{\\sqrt d}, \\frac{1}{d} I_d)$\nand $n_{train}/2$ datapoints from $N(+\\frac{\\mathbf{1}}{\\sqrt d}, \\frac{1}{d} I_d)$,\nwhere $\\mathbf{1}$ denotes the vector of all ones,\nand $I_d$ denotes the identity covariance matrix.\nHere, datapoints from $N(-\\frac{\\mathbf{1}}{\\sqrt d}, \\frac{1}{d} I_d)$ form class 0\nand datapoints from $N(+\\frac{\\mathbf{1}}{\\sqrt d}, \\frac{1}{d} I_d)$ form class 1.\n(We choose this scaling in order to ensure that the signal-to-noise ratio \nremains of constant order as we vary $d$.)\nIn this setting, the true likelihood $p(x)$ satisfies\n$\\log(\\frac{p(x)}{1-p(x)}) = \\beta_0 + \\beta^\\top x$ for $x\\in \\mathbb{R}^d$,\nwhere $\\beta_0 = 0$ and $\\beta = 2\\sqrt{d} \\mathbf{1}$.\nWe fit a logistic regression model on the $n_{train}$ samples\nto obtain the fitted parameters $\\hat \\beta_0$ and $\\hat \\beta$.\nWe vary the dimension $d \\in \\{ 10, 30, 50, 70, 90 \\}$,\nand consider the $\\ell_2$ estimation error $(\\|\\hat \\beta_0 - \\beta_0\\|^2 + \\|\\hat \\beta - \\beta\\|^2)^{1/2}$\n(where $\\|\\cdot\\|$ denotes $\\ell_2$-norm),\naveraged over $n_{batches} = 100$ independent draws of the training data.\nThe results (mean ± standard deviation) are given below.\nAs we see, the risk increases rapidly with dimension, which illustrates the curse of dimensionality.\nConsequently, the resulting likelihood ratio estimator $\\hat p(x) / (1-\\hat p(x))$ \nwill be far from the true likelihood ratio $p(x) / (1-p(x))$, as well.\n\nd = 10: risk = 1.1e+1 ± 1.2e-1\n\nd = 30: risk = 5.2e+1 ± 1.6e-2\n\nd = 50: risk = 9.3e+1 ± 1.1e-2\n\nd = 70: risk = 1.3e+2 ± 8.1e-3\n\nd = 90: risk = 1.7e+2 ± 7.0e-3\n\nWeakness 2 : \"Clarify whether the idea has appeared elsewhere.\"\n\nResponse to Weakness 2:\nOur approach avoids the direct estimation of the likelihood ratio, and in this sense it is novel; we are not aware of this technique having appeared in this exact form before. \nMost prior works on conformal prediction require\ndirect estimation of the likelihood ratio,\nwhich as explained in the response to Weakness 1 above,\nincurs the curse of dimensionality\nin high-dimensional settings.\nWhile related techniques have appeared in other works on covariate shift \noutside of the conformal prediction literature\n(we cite the paper [66], Zhang et al.), \nwe believe that our specific regularizer is novel.\n\nWeakness 3: \"How does it remove the high-dimensional inaccuracy?\"\n\nResponse to Weakness 3:\nAfter using the change of measure formula, the regularizer/quantity that we need to estimate becomes an average over a distribution from which we have a data set. By estimating this with a sample average, we obtain high accuracy, while avoiding the need to estimate the high-dimensional likelihood ratio function.\n\nQ1 + Q2: \"Does $H$ contain nonlinear functions? Is it restrictive?\"  \n\nResponse to Q1 + Q2:\nWe would like to emphasize that a linear hypothesis class can be very rich and can contain highly nonlinear functions.\nIn our setting, we call a set of functions $H$\nfrom $\\mathcal{X}\\to \\mathbb{R}$\na \"linear hypothesis class\" if\n(1) $H$ forms a finite-dimensional vector space\nand\n(2) for each function $h\\in H$, the second moment $E_1[|h(X)|^2]$ is finite.\nIn particular,\nthe space of functions representable by linear combinations of the last-layer features of a pretrained model\nis an example of a linear hypothesis class.\nConsequently, $r\\in H$ does not imply that $r$ is linear, and we do not view the assumption that $r\\in H$ as being restrictive in practice. \n\nOn a technical level, in our theoretical results, we leverage the linearity of $H$ \nto relate the first-order conditions of the LR-QR problem \nto the test-time marginal coverage under the covariate shift $r$.\nThis linearity is also the key property leveraged by\nthe pioneering work [2] in order to study conditional coverage. \n(For a detailed derivation of the connection\nbetween the first-order conditions of the LR-QR problem\nand the test-time marginal coverage,\nplease see the start of Section 3\nor the proof of Proposition 4.1.)\n\nFurther, we would like to note that our experiments are consistent with our regularity conditions.\nWe perform experiments involving very high-dimensional datasets:\nthe Communities and Crime dataset has a 127-dimensional input,\nthe RxRx1 dataset has a 512 pixel-by-512 pixel image input,\nand the MMLU dataset has a 1024-dimensional text input.\nIn these challenging settings,\nLR-QR performs extremely well,\nwhich is consistent with the two regularity conditions discussed above. \nThis underscores the fact that LR-QR is a practically significant algorithm\nin the high-dimensional setting,\nwith strong and meaningful theoretical guarantees.\n\nMoreover, we would like to emphasize that such a linear function class setting is now quite standard and well-accepted in the conformal prediction literature (see e.g., [9, 10, 11]), starting with the pioneering work of [2], which has been widely adopted in the community (e.g., cited more than 100 times).\n \nQ3: \"Not a finite-sample guarantee, compare to [1].\"\n\nResponse to Q3:\nCompared to [1], our setting is fundamentally different and more difficult, as it considers coverage under covariate shift. This is more closely related to the works [6,7], and others that we compare with. In this setting, it is known from [7] that it is *impossible* to obtain finite-sample coverage with a non-trivial prediction set in general. Motivated by this result, we aim to establish asymptotic coverage bounds. In contrast, [1] considers the simpler setting of no distribution shift, which explains why they are able to obtain finite-sample coverage with non-trivial prediction sets.)\n\nStandard exchangeability arguments used in conformal prediction (e.g., in [1]) do not apply to our setting. Therefore, \nto achieve these bounds, we need to use different and novel theoretical tools (e.g., the stability result in Lemma G.1). \nWe are able to derive a coverage lower bound with error terms that holds with high probability over the calibration data.\nThe good empirical performance of the LR-QR algorithm in our experiments suggests that in practice, the coverage has an excellent finite-sample behavior.\n\n\nQ4: \"Correction for non-optimality/misspecification of the h estimator?\"\n\nResponse to Q4:\nFirst, we would like to clarify that in the LR-QR algorithm, we never estimate $h$. Therefore, there is no need to consider a correction.\n\nHowever, implicitly, our methods do impose the condition that the likelihood ratio is close to the hypothesis class $H$. Indeed, the last term $-(1-\\alpha) E_1[|r(X)-r_B(X)|]$\nin the lower bound in Theorem 4.3 accounts for the fact that the hypothesis class $H$ might not contain the true likelihood ratio $r$.\nThis quantity is proportional to the $L^1$ distance from $r$ to $H$; hence, the more misspecified $H$ is, the weaker our guarantee becomes.\n\nRegarding the other parts of the question, we would like to emphasize that the hypothesis class $H$ can include nonlinear functions $h$, and that the LR-QR algorithm does not require estimating the likelihood-ratio directly. Indeed, in our experiments we use linear combinations of features of pre-trained foundation models (LLMs) for multiple choice Q&A, which are highly non-linear functions of the original input text.\n\n[2] Gibbs et al., \"Conformal prediction with conditional guarantees\".\n\n[3] Jung et al., \"Batch multivalid conformal prediction\".\n\n[4] Foygel Barber et al., \"The limits of distribution-free conditional predictive inference\".\n\n[5] Wainwright, \"High-dimensional statistics\".\n\n[6] Tibshirani et al., \"Conformal prediction under covariate shift\".\n\n[7] Yang et al., \"Doubly Robust Calibration of Prediction Sets under Covariate Shift\".\n\n[8] Sur et al., \"A modern maximum-likelihood theory for high-dimensional logistic regression\".\n\n[9] van der Laan et al., \"Generalized Venn and Venn-Abers Calibration with Applications in Conformal Prediction\".\n\n[10] Bairaktari et al., \"Kandinsky Conformal Prediction\".\n\n[11] Cherian et al., \"Large language model validity via enhanced conformal prediction methods\"."
      }
    },
    {
      "type": "AUTHOR_REBUTTAL",
      "rid": "sryxkizmcX",
      "replyto": "wINPnKDe1w",
      "report": {
        "main": "We thank the reviewer for the helpful comments.\n\nQ1: \"Justify regularity conditions.\"\n\nResponse to Q1:\nWe thank the reviewer for the insightful questions about the regularity conditions. \n\nRegarding the conditions on $H$,\nwe would like to emphasize that a linear hypothesis class can be very rich and can contain highly nonlinear functions.\nIn our setting, we call a set of functions $H$\nfrom $\\mathcal{X}\\to \\mathbb{R}$\na \"linear hypothesis class\" if\n(1) $H$ forms a finite-dimensional vector space\nand\n(2) for each function $h\\in H$, the second moment $E_1[|h(X)|^2]$ is finite.\nIn particular,\nthe space of functions representable by linear combinations of the last-layer features of a pretrained model\nis an example of a linear hypothesis class.\nConsequently, $r\\in H$ does not imply that $r$ is linear, and we do not view the assumption that $r\\in H$ as being restrictive in practice. \n\nOn a technical level, in our theoretical results, we leverage the linearity of $H$ \nto relate the first-order conditions of the LR-QR problem \nto the test-time marginal coverage under the covariate shift $r$.\nThis linearity is also the key property leveraged by\nthe pioneering work [2] in order to study conditional coverage. \n(For a detailed derivation of the connection\nbetween the first-order conditions of the LR-QR problem\nand the test-time marginal coverage,\nplease see the start of Section 3\nor the proof of Proposition 4.1.)\n\nMoreover, we would like to emphasize that such a linear function class setting is now quite standard and well-accepted in the conformal prediction literature (see e.g., [2, 3, 4]), starting with the pioneering work of [1], which has been widely adopted in the community (e.g., cited more than 100 times).\n\nRegarding the effect of misspecification on the coverage lower bound, the last term $-(1-\\alpha) E_1[|r(X)-r_B(X)|]$ in the lower bound in Theorem 4.3 accounts for the fact that our guarantee is weaker if the $L^1$ distance from $r$ to $H$ is large. We hope this addresses the concern of how sensitive the coverage is to misspecification, and we will be happy to add a more detailed discussion to the paper.\n\nFinally, we would like to note that our experiments are consistent with our regularity conditions.\nWe perform experiments involving very high-dimensional datasets:\nthe Communities and Crime dataset has a 127-dimensional input,\nthe RxRx1 dataset has a 512 pixel-by-512 pixel image input,\nand the MMLU dataset has a 1024-dimensional text input.\nIn these challenging settings,\nLR-QR performs extremely well,\nwhich is consistent with the two regularity conditions discussed above. \nThis underscores the fact that LR-QR is a practically significant algorithm\nin the high-dimensional setting,\nwith strong and meaningful theoretical guarantees.\n\nOverall, we believe that our regularity conditions are practically reasonable, but we believe relaxing our conditions is an interesting future direction.\n\nQ1B. \"How to choose lambda?\"\n\nResponse to Q1B: \nAs the reviewer has noted, introducing the regularization term, which controlled by $\\lambda$, is a crucial contribution of our work.\nMoreover, as the reviewer mentioned, in practice it can be quite conveniently tuned using cross-validation. In fact, we have carefully studied this problem in Section 5.1, and designed a bespoke criterion to cross-validate on (because standard accuracy does not work--- we do not assume access to labeled data from the target domain). Overall, the choice of $\\lambda$ is an important issue, but we believe that our current approach handles it satisfactorily.\n\nQ2: \"Clarifications regarding Section 3.\"\n\nResponse to Q2:\nWe appreciate the detailed suggestions regarding the exposition in Section 3.\nOur presentation was quite compact due to the page limit, but we are happy to expand it in the final version.\nIndeed, the two crucial ideas we seek to convey in Section 3 are\n(1) the connection between the first-order optimal condition and the marginal coverage in the test domain, \nas introduced by [1],\nand\n(2) the motivation for our novel regularization,\nvia a data-dependent choice of the hypothesis class $H$.\nHere, we elaborate on (1) and lines 117-129,\nto clarify the key steps of the derivation.\nBy inspecting the definition of the pinball loss in Equation (1),\nwe see that the derivative of the pinball loss with respect to its first argument is given by\n$$\\frac{d}{dc} \\ell_{\\alpha}(c, s) \n= -(1-\\alpha) \\mathbf{1}[s>c] + \\alpha \\mathbf{1}[s\\le c]\n= \\mathbf{1}[s\\le c] - (1-\\alpha).$$\nCombining this identity and the chain rule,\nwe can calculate the directional derivative\nof $h\\mapsto E_1[ \\ell_{\\alpha}(h, S) ]$ in the direction $g$\nto be\n$$ \\frac{\\partial}{\\partial \\epsilon} E_1[\\ell_{\\alpha}(h+\\epsilon g, S)] \n= E_1\\left[ \\frac{\\partial}{\\partial \\epsilon} (h+\\epsilon g)  \n\\cdot \\frac{\\partial}{\\partial h} \\ell_{\\alpha}(h, S) \\right] \n= E_1[ g (\\mathbf{1}[S\\le h] - (1-\\alpha)) ],$$\nwhere in the first step we interchanged derivative and expectation,\napplied the chain rule,\nand evaluated at $\\epsilon=0$,\nand where in the second step we used the formula for the derivative of the pinball loss.\nWhen $g$ is the Radon--Nikoydm derivative $dP_{2,X}/dP_{1,X}$,\nthen as the reviewer rightly observes,\nthis allows us to apply the change-of-measure identity\nto the last expression to obtain $E_2[ \\mathbf{1}[S\\le h] - (1-\\alpha) ]$,\nwhere $E_2$ now denotes expectation with respect to the test distribution.\nFinally, since the expectation of an indicator can be written as a probability,\nour directional derivative becomes the marginal test-time excess coverage\n$P_2[S\\le h] - (1-\\alpha)$, as claimed.\nWe will update Section 3 with these comments in the revised paper.\n\n[1] Gibbs et al., \"Conformal prediction with conditional guarantees\".\n\n[2] van der Laan et al., \"Generalized Venn and Venn-Abers Calibration with Applications in Conformal Prediction\".\n\n[3] Bairaktari et al., \"Kandinsky Conformal Prediction\".\n\n[4] Cherian et al., \"Large language model validity via enhanced conformal prediction methods\"."
      }
    },
    {
      "type": "AUTHOR_REBUTTAL",
      "rid": "3UYW139SN8",
      "replyto": "l130xV3LkX",
      "report": {
        "main": "We thank the reviewer for the helpful comments.\n\nWeakness 1: \"Providing code.\" \n\nResponse to Weakness 1: \nOur code is currently ready to be shared; \nhowever, the conference does not allow us to share links,\notherwise we would include it here.\nAs a result, we will include our code with the revised paper.\nWe thank the reviewer for their interest.\n\nWeakness 2: \"Experimental details?\"\n\nResponse to Weakness 2: \n\nRegarding point (2.1), \nwe thank the reviewer for allowing us to clarify the Communities and Crime experiment.\nOur description of the Communities and Crime experiment\nin Section 5.2 contained a typo, which we would like to correct here.\nIn the experiment,\nwe design four distinct covariate shifts,\nrun the LR-QR algorithm in each of the four scenarios,\nand evaluate the marginal coverage in the test domain.\nTo elaborate,\nlet us assign the index $i = 1$ to the Black subgroup,\n$i=2$ to the White subgroup,\n$i=3$ to the Asian subgroup,\nand $i=4$ to the Hispanic subgroup.\nLet $Z$ denote the set of datapoints\nthat were not used for training the regression model.\nThen, for each $i\\in [4]$,\nwe design a covariate shift between calibration and test\nas follows:\nthe $i$-th calibration set $Z_{cal,i}$ includes \nall individuals in $Z$\nthat are not of race $i$,\nand the $i$-th test set\nincludes \nall individuals in $Z$\nthat are of race $i$.\nThus, for each $i\\in [4]$, \nwe induce a covariate shift \nbetween $Z_{cal,i}$ and $Z_{test,i}$,\nshifting probability mass from \n\"not race $i$\"\nto \"race $i$\".\nIn Figure 1, we evaluate each algorithm on each of the four experimental setups.\nOur results show that on this challenging 127-dimensional task,\nthe LR-QR algorithm achieves excellent marginal coverage at test-time,\nfor each of the four distinct choices of covariate shift.\nWe thank the reviewer for this question regarding the choice of covariate shift in Section 5.2.\nDue to space limitations, we were unable to elaborate in the initial submission.\n\nRegarding points (2.2) through (2.4), we thank the reviewer for catching the error in the legend;\nwe will correct this in the revised version.\nIn Figure 1, for each race, the left-most bar (in blue) denotes LR-QR.\nWe are also happy to add error bars to Table 1 in the revised paper (they are quite small and do not change the interpretation of the results).\n\nWeakness 3: \"Clarify the limitation?\"\n\nResponse to Weakness 3:\nIn the limitation stated in the Discussion section,\nwe mean that\nit would be of interest in future work\nto study the error terms appearing in the coverage lower bound\nin Theorem 4.3.\nIn particular, it may be possible to understand these terms\nwhen optimizing over particular function classes,\nor under certain assumptions on the true likelihood ratio $r$.\nWe believe this could shed further light on the practical efficacy\nof the LR-QR algorithm, \nand strengthen our theoretical guarantees.\n\nQ1 + Q2 - \"Clarify effect of $\\lambda$ in Proposition 4.1; clarify the infinite-sample setting?\"\n\nResponse to Q1 + Q2:\nIndeed, in the statement of Proposition 4.1, $\\lambda$ does not appear in the lower bound of $(1-\\alpha)$; however, in the proof, we show that the lower bound can be improved to\n$$\\ge (1-\\alpha) + 2\\lambda \\beta E_1[ (r_{H}(X) - \\beta h(X))^2 ],$$\nwhere $(\\beta, h)$ denotes the population LR-QR solution, which in turn depend on $\\lambda$. \nThis shows that, at the population level, $\\lambda$ has an effect, which is however not straightforward to interpret---for instance, the term $\\lambda \\beta E_1[ (r_{H}(X) - \\beta h(X))^2 ]$ above is of course non-monotone in $\\lambda$ in general. For conciseness, we have omitted this discussion from the paper, but we are happy to add it. \n\nThe question of whether the optimization problem returns the true $r$ is interesting but perhaps surprisingly subtle, as this does not seem to follow directly from our analysis. However, regardless of this question, if $r$ lies in $H$, then even in the case of zero regularization, the LR-QR threshold achieves valid test-time coverage. However, the solution of the optimization problem in this case is not $r$ itself, but rather the conditional quantile function (as the problem is unregularized quantile regression).\n\nQ3: \"Why do we assume a linear class?\"\n\nResponse to Q3:\nOn a technical level, in our theoretical results, we leverage the linearity of $H$ \nto relate the first-order conditions of the LR-QR problem \nto the test-time marginal coverage under the covariate shift $r$.\nThis linearity is also the key property leveraged by\nthe pioneering work [2] in order to study conditional coverage. \n(For a detailed derivation of the connection\nbetween the first-order conditions of the LR-QR problem\nand the test-time marginal coverage,\nplease see the start of Section 3\nor the proof of Proposition 4.1.)\n\nWe would like to emphasize that a linear hypothesis class can be very rich and can contain highly nonlinear functions, e.g., the space of functions representable by linear combinations of the last-layer features of a pretrained model. Consequently, $r\\in H$ does not imply that $r$ is linear, and we do not view the assumption that $r\\in H$ as being restrictive in practice. \nIndeed, we perform experiments involving high-dimensional datasets:\nthe Communities and Crime dataset has a 127-dimensional input,\nthe RxRx1 dataset has a 512 pixel-by-512 pixel image input,\nand the MMLU dataset has a 1024-dimensional text input.\nIn these challenging settings,\nLR-QR performs extremely well,\nwhich is consistent with our assumption that $r$ lies within $H$ or close to $H$. \nThis underscores the fact that LR-QR is a practically significant algorithm\nin the high-dimensional setting,\nwith strong and meaningful theoretical guarantees.\n \nMoreover, we would like to emphasize that such a linear function class setting is now quite standard and well-accepted in the conformal prediction literature (see e.g., [2, 3, 4]), starting with the pioneering work of [1], which has been widely adopted in the community (e.g., cited more than 100 times).\n\nQ4: \"How to obtain unlabeled calibration data?\"\n\nResponse to Q4:\nIndeed, given datapoints $\\{ (X_i, Y_i) : i\\in [n_1+n_3] \\}$\ndrawn i.i.d. from $P_1$, we can split the data into\na labeled calibration set \n$\\{ (X_i, Y_i) : i\\in [n_1] \\}$\nand an unlabeled calibration set\n$\\mathcal{S}_3 = \\{ X_i : i\\in [n_1] \\}$\nby simply dropping the label $Y_i$ from $(X_i, Y_i)$ for $n_1+1 \\le i \\le n_3$.\n\nHowever, to achieve provable coverage guarantees, our current approach requires the two datasets to be indepenent.\nThus, it is not possible to set the unlabeled calibration set $\\mathcal{S}_3$\nto be equal to the features $\\{ X_i : i\\in [n_1] \\}$\nof the labeled calibration data $\\{ (X_i, Y_i) : i\\in [n_1] \\}$;\nif we reuse data in this way, then we violate the i.i.d. assumption that is necessary for our theoretical guarantees.\n\nQ5: \"Is the theoretical $\\lambda$ consistent with the experimental $\\lambda$?\"\n\nResponse to Q5: \nThis is a great question.\nAs shown in Figure 4 of Section B of the Appendix,\nfor the Communities and Crime task,\nthe regularization strength selected through cross-validation\naligns closely with\nthe regularization strength suggested by our theory in Equation (4).\nIn the other two experiments, we observe similar trends, \nwhere the selected regularization is consistent with our theory. \nUnfortunately, with the revised conference rules, we are unable to provide the resulting plots.\nWe are happy to elaborate in the revised paper.\n\n[1] Gibbs et al., \"Conformal prediction with conditional guarantees\".\n\n[2] van der Laan et al., \"Generalized Venn and Venn-Abers Calibration with Applications in Conformal Prediction\".\n\n[3] Bairaktari et al., \"Kandinsky Conformal Prediction\".\n\n[4] Cherian et al., \"Large language model validity via enhanced conformal prediction methods\"."
      }
    },
    {
      "type": "AUTHOR_REBUTTAL",
      "rid": "GwFmUFEXaM",
      "replyto": "pB2Sjlgq2O",
      "report": {
        "main": "We thank the reviewer for the helpful comments.\n\nWeakness 1: \"Elaborate on high dimensionality.\"\n\nResponse to Weakness 1:\nThis is a great question and merits a detailed answer. The reason why we have not already expanded on this in detail in the submission is due to space limitations; because it turns out that the characterization of allowed dimensionalities is quite subtle, as we explain next. \n\nOur theoretical results are meaningful as long as the dimension $d$ of the function class does not grow too rapidly with $n_1$, $n_2$, and $n_3$. Specifically, in Theorems 4.2 and 4.3, $d$ appears implicitly in the constants, e.g., $c$, $c'$, $c''$, $A$, and $A'$. Explicitly, we have $A = A_{10}$ and $A' = A_{14}$, where the quantities $A_{10}$ and $A_{14}$ are defined in Appendix F. Although the exact formulae for $A$ and $A'$ are rather complicated, both $A$ and $A'$ depend only polynomially and inverse-polynomially on the following quantities: $\\lambda_{min}(\\Sigma)$, $\\lambda_{max}(\\Sigma)$, $c_{min}$, $c_{max}$, $B$, $C_{\\Phi}$, $C_{1,max}$, and $C_{1,upper}$, as defined in Appendix E.\n\nThe first four quantities depend on the choice of basis $\\Phi$ only through the smallest and largest eigenvalues of the population and sample covariance matrices $\\Sigma$ and $\\hat{\\Sigma}$, which entails a mild dependence on $d$.\nThe radius $B$ can be taken to be a constant.\nThe quantity $C_{\\Phi}$ can be taken to be a constant if the basis functions are normalized correctly.\nThe quantities $C_{1,max}$ and $C_{1,upper}$ depend polynomially on the preceding six quantities.\nThus, $A$ and $A'$ introduce only mild dependence on the complexity of the function class.\n\nTo illustrate the dependence on the dimension $d$ of the function class, suppose $\\Phi$ forms an orthonormal basis for $P_1$. Then applying the empirical sample covariance tail bound from Chapter 5.6 of [1], we have $\\lambda_{min}(\\hat \\Sigma) \\ge 1 - O(d \\log(dn_3)/n_3)$ with probability $1-o(n_3^{-1})$. This is of constant order if $d \\log(d) \\ll n_3$. So our bounds are meaningful if $d \\ll n_3/\\log(n_3)$, which allows a growing dimension.\n\nAlso, we would like to point out that in our experiments, $d = \\dim(H)$ is typically smaller than the dimension of the original input; for instance, in our pre-trained LLM experiment with GPT-2 Small, the context length (input dimension) is 1024, while the feature dimension is 768.\n\nWe would like to emphasize again that our key contribution is the development of a method that performs well empirically and has theoretical guarantees in such a high-dimensional case, which is not available in prior work.\n\nQ1 + Q2 + Q5: Notation.\n\nResponse to Q1 + Q2 + Q5: We thank the reviewer for the detailed comments. Indeed, LR-QR applies to both regression and classification tasks. We will fix this in the revision.\n\nQ3: \"Why a linear hypothesis class?\" \n\nResponse to Q3: \nIn our setting, we call a set of functions $H$\nfrom $\\mathcal{X}\\to \\mathbb{R}$\na \"linear hypothesis class\" if\n(1) $H$ forms a finite-dimensional vector space\nand\n(2) for each function $h\\in H$, the second moment $E_1[|h(X)|^2]$ is finite.\nOn a technical level, in our theoretical results, we leverage the linearity of $H$ \nto relate the first-order conditions of the LR-QR problem \nto the test-time marginal coverage under the covariate shift $r$.\nThis linearity is also the key property leveraged by\nthe pioneering work [2] in order to study conditional coverage. \n(For a detailed derivation of the connection\nbetween the first-order conditions of the LR-QR problem\nand the test-time marginal coverage,\nplease see the start of Section 3\nor the proof of Proposition 4.1.)\n\nWe would like to emphasize that a linear hypothesis class can be very rich and can contain highly nonlinear functions, e.g., the space of functions representable by linear combinations of the last-layer features of a pretrained model. This is the reason for the example in L105 (see also answer to the suggestion). Consequently, $r\\in H$ does not imply that $r$ is linear, and we do not view the assumption that $r\\in H$ as being restrictive in practice. \nIndeed, we perform experiments involving high-dimensional datasets:\nthe Communities and Crime dataset has a 127-dimensional input,\nthe RxRx1 dataset has a 512 pixel-by-512 pixel image input,\nand the MMLU dataset has a 1024-dimensional text input.\nIn these challenging settings,\nLR-QR performs extremely well,\nwhich is consistent with our assumption that $r$ lies within $H$ or close to $H$. \nThis underscores the fact that LR-QR is a practically significant algorithm\nin the high-dimensional setting,\nwith strong and meaningful theoretical guarantees.\n \nMoreover, we would like to emphasize that such a linear function class setting is now quite standard and well-accepted in the conformal prediction literature (see e.g., [3, 4, 5]), starting with the pioneering work of [2], which has been widely adopted in the community (e.g., cited more than 100 times).\n\nQ4: \"Why i.i.d.?\"\n\nResponse to Q4:\nIn the proof of our generalization bound in Theorem 4.2, we use the i.i.d. assumption to (1)  apply the stability result Lemma G.1 and (2) to apply Hoeffding's inequality to control empirical process terms that arise (e.g., Terms (III) and (IV) on page 25). At present, it is not clear how to extend the analysis to the exchangeable setting, but relaxing the i.i.d. condition is an interesting direction for further work.\n\nQ6.A: \"Is $r$ linear?\"\n\nResponse to Q6.A:\nWe would like to clarify that a linear hypothesis class can be very rich and contain highly nonlinear functions, e.g., the space of functions representable by a pretrained model with a scalar read-out layer. Consequently, $r\\in H$ does not imply $r$ is linear.\n\nQ6.B: \"How plausible is $r\\in H$? Include examples.\"\n\nResponse to Q6.B:\nAs discussed in the response to Q3 and above, a linear hypothesis class with non-linear features can include non-linear functions. In many applications involving conformal prediction, one leverages pre-trained predictors (e.g., neural networks) to compute appropriate score functions and use split conformal calibration. In such settings, we can also leverage the associated features used in the pre-trained models, e.g., last-layer features of a neural net. Whenever such features explain the covariate shift (i.e., are good for classifying the source vs target domains), our approach is quite likely to perform well.\n\nQ7: \"Strengthen the misspecification lower bound?\"\n\nResponse to Q7:\nWe thank the reviewer for the suggestion. Indeed, since $\\mathbf{1}[S(X,Y)\\le h^*(X)]$ only takes on the values $0$ and $1$, we have\n$$ E_1[(r(X) - r_{H}(X)) \\mathbf{1}[S(X,Y)\\le h(X)] ] \n\\le E_1[\\max(0, r(X) - r_{H}(X))],$$\nhence we can improve the coverage lower bound on line 185 to\n$$P_2[Y\\in C(X)]\\ge (1-\\alpha) - E_1[\\max(0, r(X) - r_{H}(X))].$$\nWe will add this in the revised paper.\n\nQ8: \"How to specify $\\Phi$?\"\n\nResponse to Q8:\nIn our theoretical results, the functions $\\Phi = (\\phi_1,\\ldots,\\phi_d)^\\top$ form a basis for the linear hypothesis class $H$,\nso $d = \\text{dim}(H)$ is the dimension of the feature space. \nIn practice, we do not need to explicitly write out $\\Phi$. We simply choose a set of features and perform gradient descent over it. Our method returns the same results as long as we have specified a fixed linear space, regardless of the parametrization (so we do not need to find an orthogonal basis $\\Phi$).\n\nThe dimension of $H$ is an algorithmic choice (e.g., how many pretrained features) and is independent of the dimensionality $\\text{dim}(\\mathcal{X})$ of the original input space.\n\nThe reason why we have not introduced a dedicated notation for $\\dim(\\mathcal{X})$ is that it is never used anywhere. Only $\\dim(H)$ affects the optimal regularization strength $\\lambda^*$ for the LR-QR algorithm.  We will clarify this in the revision.\n\nQ9 + Q10: \"Justify the restrictions $\\beta\\in \\mathcal{I}$ and $\\|h\\| \\le B$ in LR-QR.\"\n\nResponse to Q9 + Q10:\nIn Lemma L.4 of the appendix, we show that the unconstrained population solution lies within the region $\\mathcal{I}\\times H_B$, so at the population level, one loses nothing by restricting to $(\\beta, h) \\in \\mathcal{I}\\times H_B$. This justifies the restriction to $B$ in our algorithm.\n\nRegarding the dependence of the bounds in Theorems 4.2 and 4.3 on $B$, $B$ appears in the quantities\n$c$, $c'$, $c''$, $A$, and $A'$ (we will make this clear in the revision). We provide explicit formulae for these quantities in the proofs of Theorems 4.2 and 4.3, in terms of the quantities defined in Section F of the Appendix. It can be seen that these quantities depend only polynomially on $B$. We will add a detailed discussion to the final version. \n\nQ11: \"Definition of $r_B(X)$?\"\n\nResponse to Q11:\nWe define $r_B$ on lines 229-230 prior the theorem; $r_B$ denotes the orthogonal projection of $r$ onto the closed convex set $H_B$ in the Hilbert space induced by the inner product $\\langle f,g\\rangle = E_1[fg]$. We will link to the definition in the revision.\n\nSuggestions: Thank you! We will make all the changes.\n\nResponse to S1: We thank the reviewer for this suggestion, we can move this to later. The reason for introducing it was to explain how linear spaces can cover non-linear functions in ML, and thus to motivate our approach.\n\nResponse to S2: $E_i$ are defined on line 95. We will fix the footnote in the revision.\n\nResponse to S3: As you suggested, we used these labels for added emphasis; we hope this is alright.\n\nResponse to S4: We will add this in the revision.\n\nResponse to S5: We will add this in the revision.\n\n[1] Vershynin. \"High-dimensional probability\".\n\n[2] Gibbs et al., \"Conformal prediction with conditional guarantees\".\n\n[3] van der Laan et al., \"Generalized Venn and Venn-Abers Calibration with Applications in Conformal Prediction\".\n\n[4] Bairaktari et al., \"Kandinsky Conformal Prediction\".\n\n[5] Cherian et al., \"Large language model validity via enhanced conformal prediction methods\"."
      }
    },
    {
      "type": "OFFICIAL_REVIEW",
      "rid": "pB2Sjlgq2O",
      "report": {
        "summary": "This manuscript considers conformal prediction under high-dimensional covariate shift. The\nauthors introduce the Likelihood Ratio-Regularized Quantile Regression (LR-QR) algorithm. By\ncombining the pinball loss with a suitable choice of regularization, the authors construct a threshold\nfunction by getting around direct estimation of the unknown likelihood ratio, which can be difficult\nin high-dimensional setting. The authors provide theoretical properties and experiments to back up\ntheir proposed method.",
        "ethical_concerns": "NO or VERY MINOR ethics concerns only",
        "final_justification": "I thank the authors for addressing my comments and suggestions on the initial submission. The rebuttal and the planned revisions are satisfactory, and I am pleased to raise my initial rating to 5.",
        "limitations": "Yes",
        "strengths_and_weaknesses": "Strengths:\n1. Conformal prediction under covariate shift is an interesting problem that is of practical\nimportance. This manuscript proposes a promising method to handle such a problem.\n2, The proposed approach offers a natural and effective way to incorporate regularization techniques\nin situations where the likelihood ratio function is unknown. The underlying idea is both novel\nand well-justified.\n3. Theoretical results are provided to support the proposed methodology, and they are nontrivial\nto establish.\n4. The manuscript is generally well written, and the presentation follows a logical progression.\n\nWeaknesses:\n1. While the title and main text emphasize the consideration of ’high-dimensional covariate\n(shift),’ the manuscript lacks a clear discussion of this feature. How high is the dimension of\nthe covariate X? Is it treated fixed or diverging with the data size? Relative to the sizes $n_1$, $n_2$,\nand $n_3$ for labeled or unlabeled source data points and target data points, how large is the\ndimension of the covariate? How do different dimensionality settings influence the theoretical\ndevelopments, including the established bounds, regularity conditions, and proofs?\n2. The presentation can be improved with careful revision. Several notations are used inconsistently\nor unclearly, and further clarification is needed in several places (see specific comments below)",
        "questions": "\\textbf{Questions:}\n\n\\begin{itemize}\n\\item Key symbols $\\mathbb{P}_1$ and $\\mathbb{P}_2$ are not consistently defined or used, Their meanings and usage vary between Sections 1 and 2.\n  \n    1. Lines 25–26: The statement ``In the case that the calibration and test distributions coincide ($\\mathbb{P}_1 = \\mathbb{P}_2$), ...\"\n    does not align with the definition of $\\mathbb{P}_1$ and $\\mathbb{P}_2$:  $\\mathbb{P}_1$ is defined over both inputs and outputs, \nwhile $\\mathbb{P}_2$ is defined only over inputs (Lines 21–22).\n\n    2. Lines 36–37: In the definition of the likelihood ratio function $r(x) = d\\mathbb{P}_{2,X}/d\\mathbb{P}_{1,X}$, the \ndistributions  $P_{2,X}$ and $P_{1,X}$ are not clearly defined in Section 1,\n though they appear more explicitly (yet still implicitly) in Section 2.\n  \n\\item Line 100: The prediction set $C: \\mathcal{X} \\rightarrow 2^{\\mathcal{Y}}$ suggests that the output space $\\mathcal{Y}$ is discrete (e.g., for classification). If the method is intended for regression,\n the terminology \"prediction set” could be adjusted to `\"prediction interval/region,” \nor the authors should clarify that the method is focused on classification.\n\n\\item Lines 105–106: It states, ``In this paper, a linear hypothesis class refers to a linear subspace of functions \nfrom $\\mathcal{X} \\rightarrow \\mathbb{R}$ that are square-integrable with respect to $\\mathbb{P}_{1,X}$.” \nWhy is this class particularly considered? Provide motivation or justification.\n\n\\item Lines 111–113: Calibration data are assumed to be i.i.d., which may be unnecessarily restrictive. One strength of conformal prediction is its reliance on weaker assumptions such as exchangeability. Can the method be extended to exchangeable data? If not, explain why the i.i.d. assumption is essential.\n\n\\item Notation inconsistency: The function $C(x)$ is defined differently in Lines 100 and 118 using different threshold symbols $q(x)$ and $\\tilde{q}(x)$. This variation seems unnecessary. Define $C(x)$ once and refer to it consistently.\n\n\\item Line 170: The statement that valid coverage is guaranteed if ${\\cal H}$ is linear and contains the true likelihood ratio $r$ implicitly requires $r$ to be linear. How plausible is this in real-world settings? Provide discussion or examples to help evaluate the adequacy of restricting ${\\cal H}$ to linear functions.\n    How likely would\n this happen for distributions often used in applications? \n    Provide discussion or examples to help evaluate the adequacy of restricting ${\\cal H}$ to linear functions. While it is understood that focusing on\n the linear hypothesis class ${\\cal H}$ can be critical in establishing meaningful theoretical results, a natural concern is its feasibility or adequacy in handling various practical distributions.\n\n\\item Lines 181–183: The lower bound involving $-E_1[(r(X) - r_{\\cal H}(X))^2]^{1/2}$ is derived via the Cauchy–Schwarz inequality. Given the indicator function’s $\\{0,1\\}$ values, could a tighter bound, such as $\\max(0, E_1[r(X) - r_{\\cal H}(X)])$, be used to describe the lower bound in Line 185?\n\n\\item Lines 212–213: Why is a fixed collection $\\Phi = (\\phi_1, \\ldots, \\phi_d)^\\top$ of $d$ basis functions assumed? What is $d$? Is it related to $\\dim(X)$?\n    (The dimension of $X$ does not appear to be explicitly represented using a dedicated notation.)\n    How are these basis functions chosen?\n\n\\item Lines 212–214: The introduction of interval ${\\cal I}$ appears to restrict the domain of the minimization in (LR-QR) from $\\beta \\in \\mathbb{R}$ to a compact subinterval of positive values. Justify this restriction and explain its impact on the solution.\n\n\\item Line 214: The $B$-ball ${\\cal H}_B$ defined in Line 214 depends on the choice of $B$, which in turn may influence the solution $(\\hat h, \\hat \\beta)$ in (3). However, the  results in Theorems 4.2 and 4.3 do not explicitly depend on $B$. Is this discrepancy  meaningful? The lack of $B$ in the bounds  makes to statements in Lines 239-240 less meaningful, though one may intuitively understand the impact of varying the value of $B$.\n\n \\item Line 233: What is $r_B(X)$ in Theorem 4.3? It is used without prior definition.\n\n   \\end{itemize}\n\n\n\n\n\\textbf{Suggestions:}\n\n\\begin{itemize}\n\n\\item The example in Lines 106–110 does not seem to be helpful. It can either be removed or further explained in terms of its relevance to the subsequent development.\nThe description of the “linear hypothesis class” in Lines 105–106 could be moved to the location around Line 122, where the linear hypothesis class ${\\cal H}$ first appears.\n\n\\item Clearly describe the key notations  $E_1$ \nand $E_2$ in relation to\nthe distributions $P_{1,X}$ \nand $P_{2,X}$  \n(or even $P_1$ \nand $P_2$). This clarification will help align the use \nof $E_{\\mathbb{Q}}$ in Line 126 with the other notations.\nBy the way, $P$ and $Q$ in footnote 1 on page 3 should be written as $\\mathbb{P}$ and\n$\\mathbb{Q}$, respectively.\n\n\\item The equation labels “(LR-QR)” in Line 157 and “(Empirical-LR-QR)” in Line 163\nshould be changed to “(1)” and “(2)” to be consistent with numerical labels such as\n(3) in Line 217 and (4) in Line 226 (though authors might intend to use lettered names\nto emphasize the differences in those minimization problems).\n\n\\item In Lines 171–172, it would be helpful to also present the mathematical expression\nof the projection of $r$ onto ${\\cal H}$ in the Hilbert space.\n\n\\item In Line 119, use a symbol different from $S$ to represent a random variable\nto avoid confusion with the use of $S(\\cdot, \\cdot)$ as the nonconformity score defined in Line 98.\n\n\\end{itemize}\n\n(NOTE: For unknown reasons, some LaTeX symbols cannot be displayed properly  in the OpenReview display system, even though they appear properly in my locally compiled PDF).",
        "paper_formatting_concerns": "NA",
        "responsible_reviewing_acknowledgement": "Yes",
        "code_of_conduct_acknowledgement": "Yes"
      },
      "scores": {
        "quality": "3",
        "clarity": "3",
        "significance": "3",
        "originality": "4",
        "rating": "5"
      },
      "meta": {
        "confidence": "4"
      }
    },
    {
      "type": "OFFICIAL_REVIEW",
      "rid": "l130xV3LkX",
      "report": {
        "summary": "This paper introduces a conformal prediction method for the covariate shift setting (i.e. when the distribution of the $X$ in the test set is different from the distribution of the $X$ in the calibration set). Whereas existing methods require the estimation of a particular likelihood ratio function, the authors here present an algorithm, called likelihood ratio regularized quantile regression (LR-QR), which outputs a threshold function without directly estimating the likelihood ratio. To do this, they assume that unlabeled data from both distributions are available and minimize a particular objective function (Eq. in line 163). They show theoretically that when there is no estimation error (i.e. expectations are known) and under several assumptions, the function produced by the optimizer achieves valid coverage in the test domain. In the finite sample setting, the validity becomes asymptotic if the class of functions on which we optimize is sufficiently large. Finally, they show the effectiveness of their method on several data sets.",
        "ethical_concerns": "NO or VERY MINOR ethics concerns only",
        "final_justification": "I was positive about this article. After the rebuttal and based on the other reviews, I am sticking with my rating.",
        "limitations": "yes",
        "strengths_and_weaknesses": "Strengths:\n\n1) The paper is well-written and the problematic is well motivated.\n\n2) The main idea is interesting and well-presented.\n\n3) This line of research is of particular interest for the CP community.\n\nWeaknesses:\n\n1) The supplementary material does not include the code necessary to run the algorithm. Providing this code would improve reproducibility.\n\n2)  The experimental section lacks clarity compared to the theoretical section (reason why I put a borderline accept but I am willing to increase it because overall this is a good paper).\n    \n     2.1) Section 5.2 \"Communities and Crime\": This section is unclear (at least for me), particularly regarding how the covariate shift is simulated.\n\n    2.2) The results on the size for LR-QR appear to be missing.\n\n    2.3) It is unclear where the results for the coverage of LR-QR are presented in Figure 1.\n\n    2.4) There is no error bar in Table 1.\n\n3) The conclusion only contains one limitation (and this limitation is not clear to me) --> Line 356 : \"to have results that control of the slack in coverage\" ??",
        "questions": "1\\ Is Proposition 4.1 true for any $\\lambda$? If yes, I do not understand where is the impact of this hyper-parameter.\n\n2\\ Furthermore, if there is no impact, is the intuition being that in the infinite sample size setting, if the true $r$ is in $H$ then we do not need to regularized the objective as the optimizer is going to return $r$ anyway?\n\n3\\ Line 121: Why $h$ need to be in a linear hypothesis class H ?\n\n4\\ Do you think it could be possible to use the $X$ from $P_{1, X}$ of the calibration instead of assuming that we have another unlabeled set?\n\n5\\ In Eq (4), you provide an optimal value for $\\lambda$. Is this value consistent with the one obtained across all the experiments? (not only Figure 4).",
        "paper_formatting_concerns": "everything is ok.",
        "responsible_reviewing_acknowledgement": "Yes",
        "code_of_conduct_acknowledgement": "Yes"
      },
      "scores": {
        "quality": "3",
        "clarity": "3",
        "significance": "3",
        "originality": "3",
        "rating": "4"
      },
      "meta": {
        "confidence": "3"
      }
    },
    {
      "type": "OFFICIAL_REVIEW",
      "rid": "wINPnKDe1w",
      "report": {
        "summary": "This paper addresses the problem of conformal prediction under covariate shift, where the distribution of features differs between a source (calibration) and a target (test) domain. The authors propose a new method called Likelihood Ratio Regularized Quantile Regression (LR-QR) to construct prediction sets that achieve valid coverage in the target domain without explicitly estimating the density ratio $r(x)=dP_{2,X}/dP_{1,X}$ (which can be prohibitive at high dimensions). The key idea is to incorporate a regularization term into a quantile regression target that implicitly encourages the learned threshold function $h(x)$ to adapt to the unknown likelihood ratio.\n\nThe paper addresses the problem of constructing conformal prediction sets under covariate shift—when calibration data comes from a source distribution $P_1$ and test data from a different target distribution $P_2$ sharing the same $Y\\mid X$ but with shifted marginals (pp. 1–2). Existing methods often estimate the density-ratio\n\n$$\nr(x)\\;=\\;\\frac{dP_{2,X}}{dP_{1,X}}(x),\n$$\n\nwhich is challenging in high dimensions (p. 2).\n\n---\n\n## Method (LR-QR)\n\nThe authors propose **Likelihood-Ratio Regularized Quantile Regression** (LR-QR), which replaces direct ratio estimation with a novel regularizer in a quantile-regression objective (pp. 3–4). Concretely, they solve\n\n$$\n\\min_{h,\\;\\beta}\\;\\mathbb{E}_{P_1}\\bigl[\\ell_\\alpha\\bigl(h(X),S(X,Y)\\bigr)\\bigr]\n\\;+\\;\\lambda\\;\\mathbb{E}_{P_1}\\bigl[(\\beta\\,h(X)-r(X))^2\\bigr],\n$$\n\ninvolving only \\(\\mathbb{E}_{P_1}[h^2]\\) and \\(\\mathbb{E}_{P_2}[h]\\), both easily estimated from unlabeled samples (pp. 4–5; Algorithm 1).\n\n---\n\n## Theory\n\n* **Population regime:**\n  If the hypothesis class contains the true ratio $r$, LR-QR attains exact $(1-\\alpha)$-coverage under $P_2$ (Prop. 4.1, p. 5).\n\n* **Finite-sample regime:**\n  They prove a generalization bound (Theorem 4.2, p. 6) showing the empirical minimizer’s risk is within\n\n  $$\n    O\\Bigl(n_1^{-\\tfrac13}\\,(n_2+n_3)^{-\\tfrac13}\\Bigr)\n  $$\n\n  of optimal, and derive a coverage guarantee (Theorem 4.3, p. 7) that the test-domain coverage is at least $(1-\\alpha)$ minus controllable error terms.  The optimal regularization scales as\n\n  $$\n    \\lambda \\;\\propto\\; n_1^{-\\tfrac13}\\,(n_2+n_3)^{-\\tfrac13}\n    \\quad\\text{(Eq. 4, p. 6).}\n  $$\n\n---\n\n## Empirical Results\n\nOn three high-dimensional benchmarks, LR-QR consistently tracks nominal coverage and yields competitive (often smaller) set sizes:\n\n1. **Communities & Crime** regression under four race-based splits (Fig. 1).\n2. **RxRx1** cell-image classification across 14 biological batches (Fig. 2).\n3. **MMLU** multiple-choice with an LLM (Table 1).\n\nAn ablation over $\\lambda$ confirms that moderate regularization (theory-predicted regime) best balances coverage and efficiency (Fig. 4, p. 14).\n\n---\n\n**Overall**, LR-QR offers a scalable, theoretically grounded approach to conformal prediction under high-dimensional covariate shift **without** explicit ratio estimation, backed by strong empirical performance.",
        "ethical_concerns": "NO or VERY MINOR ethics concerns only",
        "limitations": "Yes",
        "strengths_and_weaknesses": "The technical quality of the paper is high. The methodology is derived from sound principles of quantile regression and importance weighting, and the authors provide a rigorous theoretical analysis to support their claims. In particular, Proposition 4.1 and its corollaries prove that the LR-QR solution achieves valid target coverage in the population setting if the hypothesis class contains the true density ratio (and even if it does not, one can quantify the coverage gap). This is a non-trivial theoretical guarantee, and the proof (which has been moved to the appendix) seems to use tools from learning theory (stability bounds, etc.) to deal with finite sample deviations. The paper also relies on a novel analysis of coverage by stability – this suggests that the theoretical results are quite advanced and not just a routine application of existing theorems. The derivations appear to be mathematically sound, given the stated regularity conditions (e.g. linear hypothesis space, integrability and convex assumptions in Appendix E). I found no errors in the reasoning, and important steps  are adequately justified (footnote 1). The authors even derive a guideline for the choice of the regularization parameter $\\lambda$ in practice based on the trade-off of terms of order $1/\\sqrt{n_1}$ and $1/\\sqrt{n_2}$ (number of labeled vs. unlabeled points), which is a valuable insight to avoid ad hoc tuning.\n\nExperimental validation is another strong point: the paper evaluates LR-QR in three different domains (tables, vision, NLP) and compares it to six baselines, showing superior or comparable performance. It is shown that LR-QR achieves coverage very close to the nominal 90% in the target domain, whereas some baselines fall short (e.g., the default split conformal method under Shift drops to ~78% coverage) or overshoot (some robust methods exceed 95% coverage because they are too conservative). At the same time, LR-QR maintains smaller prediction sets than the overly conservative methods, indicating a favorable trade-off between validity and efficiency. The authors also perform  cross-validation to select $\\lambda$ (theory-guided) without using test labels, and an ablation study of regularization (Appendix B) to provide deeper insight.",
        "questions": "- A minor problem in terms of technical quality is the fact that the theory is based on certain assumptions. For example, the main coverage guarantee assumes a linear hypothesis class (and even then conditions such as strong convexity or an independence condition for features according to Appendix E/F are required). In practice, authors restrict $H$ to linear functions (often a linear layer over a pre-trained representation), which is consistent with theory, but this can limit the flexibility of $H$ to approximate $r(x)$ when $r(x)$ is very complex. It is understandable that generalizing the theory to nonlinear or very large function classes is challenging (due to overfitting concerns), and the work mitigates this problem by using representation learning (pre-trained models) to make linear $H$ more expressive. Nonetheless, the overfitting guarantee is asymptotic in finite samples and up to an error term, and it depends on conditions that are not completely under the control of the experimenter (e.g., how well $r(x)$ lies within the range of the chosen features). This is not a critical flaw, – just a recognition that, as with any theory-heavy work, practical performance depends on how well reality matches assumptions. - The experimental results suggest that the method is robust, but the paper could be strengthened by a brief discussion of how sensitive the coverage is to misspecification of $H$ or violation of the assumptions (the appendix addresses this with the distance term $||r - r_H||$, but it might be worth highlighting this in the main text). Another minor quality issue is that the method introduces an additional hyperparameter $\\lambda$; while theory dictates the order, in practice the exact choice is tuned – however, the paper handles this well via cross-validation, so I don’t see it as a major drawback.\n- One area where clarity could be improved is the explanation of the “Algorithmic Principles” (section 3) – in particular lines 117–129 of the draft. The derivation presented there is somewhat difficult to follow and seems a little sloppy in its current form. In this section, the authors use the first-order optimality conditions of quantile loss minimization to argue that if the hypothesis class $H$ contains a function proportional to the ratio of the true density, then the learned predictor achieves exact coverage under this covariate shift. While the idea is sound, the explanation is rather poor. Essentially, it imposes the condition that at the optimum $h^(x)$, the expected gradient in each direction $g(x)$ in $H$ is zero. By inserting a special choice $g(x) = \\frac{dQ_X}{dP_{1,X}}(x)$ (the Radon-Nikodym derivative of a shifted distribution $Q$ after that of the source distribution), they deduce that $\\mathbb{E}_{P_1}[g(X)(\\mathbf{1}{S \\le h^(X)} - (1-\\alpha))] = 0$ implies that $\\mathbb{E}_{Q}[,\\mathbf{1}{S(X,Y) \\le h^(X)},] = 1-\\alpha$. In other words, the prediction set defined by $h^$ has an exact $(1-\\alpha)$ coverage under any covariate shift $Q$ whose density ratio is in $H$. The paper’s presentation quickly skips through these steps. I find the argument in Cherian and Gibbs clearer to follow.",
        "paper_formatting_concerns": "No",
        "responsible_reviewing_acknowledgement": "Yes",
        "code_of_conduct_acknowledgement": "Yes"
      },
      "scores": {
        "quality": "4",
        "clarity": "4",
        "significance": "3",
        "originality": "3",
        "rating": "5"
      },
      "meta": {
        "confidence": "5"
      }
    },
    {
      "type": "OFFICIAL_REVIEW",
      "rid": "LCBdLhaxyg",
      "report": {
        "summary": "The authors address the problem of covariate shift in Conformal Prediction. The standard approach to establishing CP validity in that scenario requires estimating a likelihood ratio. The paper describes a computationally advantageous approach based on regularising the pinball objective used in quantile regression.",
        "ethical_concerns": "NO or VERY MINOR ethics concerns only",
        "final_justification": "The authors provided all needed clarifications during the discussion period. I raised my score to 4 and would vote to accept the paper.",
        "limitations": "Yes",
        "strengths_and_weaknesses": "**Strength**\n\nThe observation linking the optimum of the pin-ball objective and coverage under distribution shift is interesting. Is this the first time this has been observed and used to build an estimation approach?\n\n**Weaknesses**\n\nIt is unclear why the likelihood ratio *may be inaccurate for high-dimensional data*. As this is the motivation for their work, the authors can spend a few more words explaining the reasons for the claim. One of the simplest likelihood ratio estimators is based on fitting a logistic regression model, whose performance intuitively increases with the input dimensionality. The authors could have also run an ablation experiment to show that the likelihood ratio estimation becomes inaccurate in high dimensions.\n\nThe approach seems to require estimating a model for the likelihood ratio, exploiting the change-of-measure identity. The authors should clarify whether the idea has appeared elsewhere, why it can not be used to direct likelihood ratio estimation, and how it removes the high-dimensional inaccuracy.",
        "questions": "- Does the \"linear hypothesis class\" contain non-linear regression models?\n- Setting $g=dP/dQ$ implicitly implies that the likelihood ratio is in the linear hypothesis class. How restrictive is this assumption?\n- The validity in Equation 2 is different from the finite-sample validity of Conformal Prediction. In [1], a threshold correction is estimated on a calibration set to conformalize the obtained intervals. How does that approach relate to the finite-sample setup in Section 4.2?\n- Does the correction in Theorem 4.3 account for the non-optimality of the likelihood ratio estimator, h? Can a similar bound be obtained for non-linear $h$?\n\n[1]\nRomano, Yaniv, Evan Patterson, and Emmanuel Candes. *Conformalized quantile regression.* Advances in neural information processing systems 32 (2019).",
        "paper_formatting_concerns": "NA",
        "responsible_reviewing_acknowledgement": "Yes",
        "code_of_conduct_acknowledgement": "Yes"
      },
      "scores": {
        "quality": "3",
        "clarity": "2",
        "significance": "1",
        "originality": "3",
        "rating": "4"
      },
      "meta": {
        "confidence": "4"
      }
    },
    {
      "type": "OFFICIAL_REVIEW",
      "rid": "DPdsHqLh4n",
      "report": {
        "summary": "This paper tackles the problem of covariate shift in conformal prediction, where existing methods often rely on estimating a likelihood ratio function that may be hard to compute in high dimensions. The authors propose a new method, LRQR, which avoids estimating the likelihood ratio directly but still achieves valid marginal coverage. This is done under a mild assumption formalized through a hypothesis class $\\mathcal{H}$. The method is supported by strong theoretical results and is benchmarked against several state-of-the-art approaches on real datasets.",
        "ethical_concerns": "NO or VERY MINOR ethics concerns only",
        "final_justification": "I appreciate the author’s detailed explanation of both the linear class and the experimental results during the rebuttal. Overall, I believe this paper addresses an important and practically problem. The rebuttal further demonstrates the authors’ thoughtfulness and commitment. I will maintain my score of strong accept.",
        "limitations": "yes",
        "strengths_and_weaknesses": "Strengths\n1. I find the paper clearly written and easy to follow.\n2. The paper addresses a case where existing techniques may not apply due to data-dependent regularizers, and introduces a novel conditioning argument to overcome this.\n3. The theoretical development is comprehensive and appears well-grounded. Although I did not verify all proofs in detail, the results are built upon solid theoretical foundations.\n4. The proposed method is compared against strong baselines and evaluated on realistic benchmark datasets.\n\nWeaknesses\n1. I would appreciate a more formal and precise definition of the hypothesis class $\\mathcal{H}$, as mentioned around lines 105–110. It is unclear what exactly constitutes a “linear hypothesis class” in the authors’ framework.\n2. It is not clear how to verify whether a given dataset satisfies the assumptions required by $\\mathcal{H}$. I would like to see a simulation that intentionally violates this assumption and examines how the method behaves in such cases.",
        "questions": "1. It seems that the method does not aim to achieve conditional conformal coverage. If I am wrong, I would appreciate clarification. Otherwise, could the authors explain why they perform conditional evaluations across subgroups (e.g., by race or category) in data analysis, if the method is only designed for marginal validity?\n\n2. On line 104, the authors state that their theory requires scores in the $[0,1]$ range. But many common scores (e.g., residuals or negative log-likelihoods) are not bounded this way, as seen in the later experiments. Could the authors clarify the necessity of this restriction and how it aligns with practice?\n\n3. I would appreciate a high-level explanation of why the linear hypothesis class is needed and how it is used in the proof.",
        "paper_formatting_concerns": "no",
        "responsible_reviewing_acknowledgement": "Yes",
        "code_of_conduct_acknowledgement": "Yes"
      },
      "scores": {
        "quality": "4",
        "clarity": "4",
        "significance": "4",
        "originality": "4",
        "rating": "6"
      },
      "meta": {
        "confidence": "3"
      }
    }
  ]
}