{
  "forum_id": "3q6lJTN45T",
  "paper_title": "Uncertainty-Guided Exploration for Efficient AlphaZero Training",
  "reviews": [
    {
      "type": "CHAIR_COMMENT",
      "rid": "nTZXIL1DwU",
      "report": {
        "title": "Paper Decision",
        "main": "All reviewers recommend acceptance and praise the clear writing and well designed experiments. I follow their recommendation and also recommend acceptance.\n\nReviewer gKQg made some valid observations about the type of uncertainty (e.g. from policy decisions, which the authors acknowledged) and asked for additional baselines that the authors promised to include. The authors are reminded to include these discussions and experiments in the final version of the paper. \n\nUpon reading the paper myself, I noted that the related work section is missing a related branch of literature about planning to explore (listed blow). The objective is not directly comparable to the method presented in this paper, but appear related enough to the core problem to be mentioned.\n\n**Additional references on planning to explore**\n\nYi Sun, Faustino J. Gomez, and Jurgen Schmidhuber. Planning to be surprised: Optimal Bayesian exploration in dynamic environments. Artificial General Intelligence - 4th International Conference, 2011.\n\nPranav Shyam, Wojciech Jaskowski, and Faustino Gomez. Model-based active exploration. Proceedings of the 36th International Conference on Machine Learning, 2019.\n\nRamanan Sekar, Oleh Rybkin, Kostas Daniilidis, Pieter Abbeel, Danijar Hafner, and Deepak Pathak. Planning to explore via self-supervised world models. Proceedings of the 37th International Conference on Machine Learning, 2020.\n\nCarlos E. Luis, Alessandro G. Bottero, Julia Vinogradska, Felix Berkenkamp, and Jan Peters. Model-based uncertainty in value functions. International Conference on Artificial Intelligence and Statistics, 2023.\n\nYaniv Oren, Viliam Vadocz, Matthijs T. J. Spaan, and Wendelin Bohmer. Epistemic Monte Carlo Tree Search. International Conference on Learning Representations, 2025."
      },
      "replyto": "3q6lJTN45T"
    },
    {
      "type": "REVIEWER_COMMENT",
      "rid": "v2KyOZMeZa",
      "report": {
        "title": "",
        "main": "I thank the authors for their responses and clarifications to my questions.  I maintain my positive view of the paper."
      },
      "replyto": "wOlETzt1NB"
    },
    {
      "type": "AUTHOR_COMMENT",
      "rid": "HtuJN4h530",
      "report": {
        "title": "",
        "main": "Thank you for your suggestions. We'll include the additional baselines (min(max(p(a|s)) and min(|mcts_v(s) − 0.5|)) and expanded RMSE results in the revision."
      },
      "replyto": "IcXE1U0fvc"
    },
    {
      "type": "AUTHOR_COMMENT",
      "rid": "DKXppFUVVT",
      "report": {
        "title": "",
        "main": "Thank you for your feedback. We appreciate your insights on our work."
      },
      "replyto": "Al5Z6h083n"
    },
    {
      "type": "REVIEWER_COMMENT",
      "rid": "IcXE1U0fvc",
      "report": {
        "title": "Response",
        "main": "Thank you for the clarification and for considering my suggestions. In addition to the previously mentioned baseline, I would also suggest including a simpler variant: selecting by min(|mcts_v(s) − 0.5|). To reduce the chance of different baselines always picking the same state, I recommend that for each selection, five candidate states be chosen at random, and the most uncertain one among them be selected.\n\nAs long as the final revision includes these additional baselines and expanded RMSE results across more simulation counts, I am happy to maintain my current score."
      },
      "replyto": "DIDmJw4OrZ"
    },
    {
      "type": "REVIEWER_COMMENT",
      "rid": "CI8bT068Tv",
      "report": {
        "title": "",
        "main": "Thank you to the authors for their detailed rebuttal, and for the additional clarifications. Your responses have addressed several of my key concerns. While I understands the motivation for using a Bayesian approach in a low sample setting, the rebuttal only promises an additional discussion. An ablation study comparing it to a simpler frequentist average, even on a smaller scale, would have been valuable to empirically demonstrate the added value of this component.  Despite this point, the authors' responses have successfully addressed most of my concerns. I have raised my score and now lean towards acceptance."
      },
      "replyto": "iimyhgzngx"
    },
    {
      "type": "AUTHOR_COMMENT",
      "rid": "VIY5xVR11B",
      "report": {
        "title": "",
        "main": "Thank you for the feedback. We will incorporate the answers in the revision."
      },
      "replyto": "JMAPpTNqJu"
    },
    {
      "type": "REVIEWER_COMMENT",
      "rid": "JMAPpTNqJu",
      "report": {
        "title": "",
        "main": "Thank you for taking the time to answer my questions. Could you incorporate the answers into the paper itself (or clarify them more explicitly as you did in your comment, where it wasn't very clear)?"
      },
      "replyto": "Ju2IZv0bwt"
    },
    {
      "type": "AUTHOR_COMMENT",
      "rid": "DIDmJw4OrZ",
      "report": {
        "title": "",
        "main": "We thank the reviewer for the comment. Due to the limited time during the rebuttal discussion phase, we were unable to evaluate the suggested min(max(p(a|s)))) baseline, but we'll include it in the final revision. To provide additional insight in the interim, we previously experimented with a baseline using training loss as a branching metric, where the branching points are selected from positions with policy loss exceeding a tunable threshold. While not identical, this approach shares a conceptual similarity to the reviewer's suggestion, as the policy loss reflects policy uncertainty. In our experiments, this baseline performed only slightly better than random branching and consistently underperformed the baseline without branching and our method. We observed that training loss is often sensitive to rarely visited or unseen states. This suggests that simple uncertainty proxies may often require additional heuristics or regularization to be effective in practice. On the other hand, our LCR method can be interpreted as a generalization of selecting nodes in a value range (such as 0.3~0.7), and our work provides insights into the interpretability of varying LCR threshold corresponding to varying the value range.\n\nWe'll provide more simulation results for the RMSE analysis in the final revision due to limited compute resources during the rebuttal discussion phase. We again thank the reviewer for the feedback."
      },
      "replyto": "XopW8WuGB2"
    },
    {
      "type": "REVIEWER_COMMENT",
      "rid": "XopW8WuGB2",
      "report": {
        "title": "Comments",
        "main": "Thank you for your detailed responses and additional experiments. My primary concern remains that the chosen baseline (random branching) is too weak. The key contribution of your work should be focused on effectively selecting intermediate positions from which exploration yields valuable information to update the model. Simple alternatives such as MCTS value-based or policy uncertainty-based methods (e.g., for value between 0.3~0.7, select the node with min(max(p(a|s)))) should perform better than random and serve as stronger baselines. Therefore, my primary interest is in confirming experimentally whether your proposed method demonstrates clear advantages over these simpler approaches.\n\nTo clarify, my suggestion is not yet as demanding as methods in the \"Learning to Stop\" paper, where an uncertainty network needs to be trained. Nor do I currently ask you to consider shifts in value or policy during prolonged MCTS searches. Rather, my goal is to see clear evidence that your method surpasses simpler and intuitive baselines.\n\nAdditionally, I appreciate the provided RMSE analyses for various simulation counts. Could you include more extensive results, such as simulations counts of 5, 10, 25, 50, and possibly 1600, to further confirm robustness across a wider range of scenarios?"
      },
      "replyto": "namVZJhAbO"
    },
    {
      "type": "AUTHOR_REBUTTAL",
      "rid": "Ju2IZv0bwt",
      "replyto": "eGZKYtHm9o",
      "report": {
        "main": "We thank the reviewer for the feedback. We have conducted additional experiments for the rebuttal, and we will include them in the final revision, as this year's rebuttal phase doesn't allow authors to upload a PDF or any images. We address each comment as follows:\n\n**Q**: Generalization to the non-Bernoulli case: In the Discussion section, you allude to the possibility of using quantiles. Is there any obstruction to obtaining a similar closed form for common distributions, like Gaussian or Beta distributions?\n\n**A**: The generalization to the non-Bernoulli case typically does not yield a closed form when computing Pr(|X-Y| > t), as the sum (or difference) of two independent random variables is the convolution of their distributions. However, in practice, the integration can be estimated using numerical techniques.\n\n**Q**: Is it possible to add uncertainty bands / error bars to some figures (such as Figures 6b, 7b, 8a, and 8b)? I assume that these can be obtained by running multiple trials and using a metric such as standard error, or a confidence interval.\n\n**A**: We'll include the standard deviation and confidence interval in the revision. The standard deviation for Figure 6 (b) and Figure 7(b) is about 1.0% and Figure 8 is about 2.1%.\n\n**Q**: Can this approach be extended to n-player games, as in Multiplayer AlphaZero?\n\n**A**: We believe our approach can be extended to n-player settings. Since our method leverages the MCTS value and LCR estimation to quantify uncertainty, it is, in general, compatible with Multiplayer AlphaZero and similar variants.\n\n> Page-by-page comments and suggestions:\n\nWe will incorporate the comments and suggestions into the final revision. We provide clarifications as follows:\n\n> Page 2:\n> \"change decisions after the tree search\"\n\nThis refers to the difference between the best action decided by the NN policy and the one selected after performing MCTS. This concept is further discussed in Section 2.2.\n\n> Page 6:\n> \"fluctuate around\"\n\nThis describes situations where win rate values remain close to the initial value across time steps. For example: …, 0.6, 0.62, 0.58, 0.59, … indicates fluctuation around 0.6.\n\n> \"capture the turning point\"\n\nThis refers to identifying positions where a significant change in win rate occurs, such as a sudden drop from 0.59 to 0.1, which might reflect a critical mistake or forced move. The LCR can be used to detect such turning points.\n\n> Page 9:\n> \"our method achieves equivalent strength\"\n\nThis refers to achieving the same playing strength when comparing ours to the baseline.\n\nWe again thank the reviewer for their feedback to improve the clarity of our work."
      }
    },
    {
      "type": "AUTHOR_REBUTTAL",
      "rid": "namVZJhAbO",
      "replyto": "wZmSsWnB8J",
      "report": {
        "main": "We thank the reviewer for the feedback. We have conducted additional experiments for the rebuttal, and we will include them in the final revision, as this year's rebuttal phase doesn't allow authors to upload a PDF or any images. We address each comment as follows:\n\n> Using random selection as the baseline for branching is weak, as obviously certain positions should not be explored from.\n\nOur method is designed to achieve two complementary goals: (1) reducing variance through value ensembling from multiple games, and (2) exploring overlooked but potentially promising decisions. The random branching baseline highlights the limitations of relying solely on (1) and demonstrates the importance of branching position selection in our proposed strategy.\n\n> There is no direct comparison with the MCTS value baseline. Theoretically, MCTS values themselves inherently capture uncertainty effectively.\n\nWe agree that MCTS value inherently captures uncertainty. Typically, there are two ways to model this uncertainty: the frequentist and the Bayesian perspectives. Our method adopts a Bayesian interpretation, where the MCTS value is assumed to be a random variable, rather than a fixed estimate. This choice does not imply that the Bayesian approach is universally better for modeling uncertainty in MCTS values; instead, it reflects the specific interests of our setting. In particular, our proposed branching method typically only has a small number of variations (V), placing us in a low-sample regime. As a result, Bayesian methods can offer more sample efficiency than frequentist ones by incorporating the assumed prior distribution and explicitly modeling uncertainty, as analyzed in Section 4.1 for the Bernoulli distribution. We thank the reviewer for raising this point, and we will include a discussion in the revision.\n\n> The authors only consider uncertainty in terms of value estimation but neglect uncertainty related to policy decisions. For instance, methods such as those described in the \"Learning to Stop\" paper might be more appropriate, especially since agents can directly simulate outcomes. Furthermore, many states, such as the initial state, can remain persistently uncertain in value, regardless of the number of simulations performed.\n\nOur method focuses on identifying high-uncertainty positions that can alter the game result, as value labels exhibit high variance in the original AlphaZero self-play process. In particular, for positions with low value uncertainty but high policy uncertainty, even though there is significant variability in the move to play (high policy uncertainty), the game result is also highly determined (low value uncertainty). In general, in addition to exploring the uncertainty position, our work also aims to reduce the value label variance. Exploring positions with low value uncertainty but with high policy uncertainty is left as future work.\n\n> The authors do not explore alternative uncertainty estimation methods sufficiently. For example, if MCTS value remains stable throughout the search of a state, it may indicate inherent certainty in the uncertainty itself rather than genuine uncertainty about the position. Conversely, fluctuating values might signify genuine uncertainty and an area needing further training.\n\nIn addition to the previous discussion, our work focuses on analyzing the proposed LCR metric, and we include a discussion of alternative uncertainty estimation in Appendix A.2.4. We appreciate the reviewer's perspective, and future studies on incorporating uncertainty during search can complement our work.\n\n> The chosen threshold (lcr_0=0.48) appears arbitrary. A more principled approach, such as selecting the top 10% most uncertain positions, might yield better performance.\n\nThe choice of LCR_0 is based on the initial value (0.6) for an empty position. The threshold serves as an interpretable hyperparameter and can be adjusted accordingly with different value thresholds. On the other hand, we adopt a fixed threshold to ensure that branching occurs only at positions with sufficiently high variability. This is particularly important in cases where none of the positions in a game are suitable for branching due to the exploration noise introduced in the self-play. For instance, as discussed in the visualization in Appendix A.1, some games have few to no branching points (shown in entirely blue lines) due to exploring a clearly losing position. In such cases, enforcing a fixed-percentage strategy could lead to branching at low-variability positions, potentially reducing the overall quality of exploration. Conversely, there are games where more than 30% of the positions exhibit high LCR. Overall, we find that using a fixed threshold offers a flexible way to ensure efficient exploration across diverse game scenarios.\n\n> Additionally, the optimal number of variations (V=10) was determined empirically without providing deeper insights or theoretical justifications for why this specific number is particularly effective.\n\nThe variation V is a hyperparameter of our algorithm, and we connect the study of variation V to the LCR per move metric, as discussed in Section 5.3. Our observations show that increasing V allows for a broader exploration of uncertainty at the selected positions and leads to improved performance. However, the benefit of increasing V begins to saturate beyond a certain point, indicating diminishing returns. Our study provides an empirical insight into the hyperparameter, and we consider a more analytical study for future work.\n\n**Q**: Distribution of LCR-Uncertain States: Could the authors provide an analysis of how the LCR-uncertain states are distributed across different game stages (e.g., early, mid, late game)? Understanding this distribution could offer insights into which game phases most benefit from the proposed branching strategy.\n\n**A**: We will include a figure showing the LCR distribution across different game stages in the final revision. To summarize the figure, the data distribution shows a higher density of uncertain positions in the early stages of the game. Since our branching strategy aims to capture the turning point in the later game phase, the figure shows the sample distribution peak around move 110. We appreciate the reviewer's suggestion, as it helped us better illustrate how our proposed LCR metric quantifies uncertainty across various phases of the game.\n\n**Q**: Impact of MCTS Simulation Counts on LCR Accuracy: It would be valuable to investigate how the accuracy of the LCR metric varies with different MCTS simulation counts. Considering recent methods frequently utilize fewer simulations (e.g., 100-200), compared to traditional settings (e.g., 800), evaluating LCR across varying simulation counts could validate its robustness and practical applicability.\n\n**A**: We'll include three figures similar to Figure 5 in Section 5.2 showing the impact of fewer MCTS simulation counts. To summarize the figure, both empirical results and analytical estimators for 100, 200, and 400 simulations exhibit a similar trend to that observed with 800 simulations (as shown in Figure 5 of Section 5.2). Moreover, our LCR estimator remains close to the empirical results across these settings. In general, these observations suggest that our estimator is robust with various simulation counts. We also include their RMSE in the next response.\n\n**Q**: Clarification on RMSE Analysis Methodology: The current RMSE evaluation approach is not entirely clear. A suitable method might involve first obtaining multiple simulation results (like geting n=1000 z values) for each of the 20,000 positions, calculating their average as the ground truth, and then comparing this ground truth with estimates obtained from varying numbers of simulations (from 1 up to V=10). Could the authors clarify or consider revising their RMSE analysis accordingly?\n\n**A**: In Figure 5, the RMSE was computed by comparing the empirical mean (blue line) with the estimated mean LCR (orange line). The blue line represents the average of observed label changes across all positions at each move, while the orange line is the average of individual LCR estimates at the same moves. On the other hand, in response to the feedback, we will also include another RMSE result based on per-position comparisons. Specifically, we simulate a larger number of game results from the same position to obtain an empirical change rate, and then compare this to the estimated LCR. We'll provide additional graphs in the revision.\n\nThe following table summarizes the RMSE values computed using both approaches with various simulation counts: (1) the \"mean comparison\" method used in the paper, where * indicates the value reported in the paper, and (2) a new \"per-position comparison\" result, where we simulate 10 game results per position and compute RMSE relative to the estimated LCR. The RMSE for the per-position comparison is higher, as each position requires more simulations for accurate estimation. While we use 10 simulations per position due to available compute resources, the results still suggest a close match between the empirical estimates and our proposed analytical estimator.\n\n| Simulations | RMSE (Mean comparison) | RMSE (Per-Position comparison) |\n|---|---|---|\n| 100 | 0.05 | 0.12 |\n| 200 | 0.04 | 0.11 |\n| 400 | 0.03 | 0.18 |\n| 800 | 0.02* | 0.14 |"
      }
    },
    {
      "type": "AUTHOR_REBUTTAL",
      "rid": "wOlETzt1NB",
      "replyto": "L0U7PHoOmn",
      "report": {
        "main": "We thank the reviewer for the feedback. We have conducted additional experiments for the rebuttal, and we will include them in the final revision, as this year's rebuttal phase doesn't allow authors to upload a PDF or any images. We address each comment as follows:\n\n> Perhaps it was just me, but it took a second pass through the paper to grasp the overall idea of what was happening in the paper, what the main idea actually was. I think a lot of this was due to a misunderstanding of how some of the terminology (ie \"variations\") was being used. I think that could have been made a bit more clear.\n\nWe use the terms branch and variation interchangeably in the paper. To improve clarity, we'll revise and move footnote 2 to an earlier section in the paper.\n\n> It seems that a few more alternatives could have been included in the experimental results, beyond simply the baseline and random selection of branching points. For example, uniformly sampling among branch points with LCR above threshold, instead of utilizing the time step of the move to bias towards later in the game.\n\nWe'll include a figure showing the distribution of high-uncertainty positions across moves in the final revision. This figure shows the data distribution and the sampling distribution, which is obtained by drawing from the data distribution with weights proportional to the number of moves. With this analysis, we can employ a different sampling strategy, such as uniform sampling, and compute its corresponding sample distribution to gain insights from the properties of the sample distribution, including the mean and quantiles.\n\n> It is unclear how some of the decisions made, like V=10, would translate to other domains beyond Go.\n\nThe variation V is a hyperparameter to our algorithm. Similar to Figure 6(b), we believe that studying the relationship between the variation V and LCR per move for a few training iterations can provide a projection for performance in other application domains.\n\n**Q**: I was a bit surprised that the experiment in section 5.2 only included two independent game plays from each position. Would the results change if more game plays were performed, getting a more accurate estimate of LCR for each position, but perhaps sacrificing the number of positions that could be averaged over?\n\n**A**: We have conducted an additional experiment using 10 independent game plays per position (compared to 2 previously), and will include a corresponding figure in the final revision. The results follow the same trend as in the original Figure 5. We'll also include results for 100, 200, and 400 simulations in the revision."
      }
    },
    {
      "type": "AUTHOR_REBUTTAL",
      "rid": "iimyhgzngx",
      "replyto": "sGE95BJI8e",
      "report": {
        "main": "We thank the reviewer for the feedback. We have conducted additional experiments for the rebuttal, and we will include them in the final revision, as this year's rebuttal phase doesn't allow authors to upload a PDF or any images. We address each comment as follows:\n\n> GPU-hour counts are given, but end-to-end wall-time and memory impact of branching are not reported.\n\nAs noted in Section 5.1, the wall‑time for each experiment can be computed by dividing the reported GPU‑hours by the number of GPUs used. Moreover, we'll also include the Slurm job scheduling logs as part of our final data artifact. Regarding memory usage, our proposed method requires storing only an additional LCR variable per game step, which corresponds to about a 2.5% increase in memory usage (calculated by sizeof(float) / sizeof(Record)). We'll include detailed runtime and memory usage information in the revision.\n\n> Branching change the visited distribution; effect on final policy optimality vs exploration bias is not analized.\n\nOur proposed method preserves the training targets unbiased, as in standard AlphaZero: policy labels come from the MCTS visit counts, and value labels remain the unbiased average of game returns. Moreover, the AlphaZero algorithm doesn't promise global optimality but instead relies on iterative policy improvement via self‑play MCTS [1]. Because our method does not modify the PUCT formula and the MCTS policy‑improvement operator, each iteration under the shifted visit distribution remains a valid policy‑improvement step, although the sequence of improved policies may differ from the original AlphaZero. As a result, we still retain AlphaZero's core policy improvement behavior. Overall, we acknowledge that a quantitative analysis on the final policy optimality of the AlphaZero algorithm and its variants remains an open problem for future investigation.\n\n[1]: Grill, J. B., Altché, F., Tang, Y., Hubert, T., Valko, M., Antonoglou, I., & Munos, R. (2020, November). Monte-Carlo tree search as regularized policy optimization. In International Conference on Machine Learning (pp. 3769-3778). PMLR.\n\n**Q**: Could the authors provide wall-clock training time and per-move latency overhead relative to the baseline?\n\n**A**: We'll include the runtime latency and memory usage in the revision.\n\n**Q**: How robust is performance to the LCR threshold or to choosing 5 vs 10 branches when total compute is fixed?\n\n**A**: In the revised version, we'll include a graph showing the distribution for positions whose LCR exceeds a LCR threshold. More specifically, the graph will show a gradual increase in percentage for each move as the LCR threshold is decreased. The result also aligns with our intuition, as a highly uncertain position is typically accompanied by a highly uncertain adjacent previous/next position. For instance, consider a sequence of LCR values: …, 0.47, 0.48, 0.49, 0.46, …\n\nAt threshold LCR_0 = 0.48, 2 positions are included in the candidate pool.\n\nAt LCR_0 = 0.47, 3 positions are included.\n\nAt LCR_0 = 0.46, 4 positions are included.\n\nAs a result, this suggests that the LCR threshold is a robust hyperparameter, since a slight change in the threshold often only admits a small portion of adjacent uncertain positions without causing abrupt changes in the selection volume. \n   \nOn the other hand, all experiments in the paper are compared under a fixed total compute resource, including the study of variation V in Section 5.3. The compute resource per iteration is determined by the hyperparameter G in Algorithm 1, which is fixed among all settings for each game.\n\n**Q**: An ablation without the Bayesian update would clarify its added value?\n\n**A**: Our method adopts a Bayesian perspective to model the MCTS value as a random variable, rather than a fixed estimate under the frequentist view. This modeling choice is particularly motivated by our branching strategy, which typically only has a small number of variations (V). To address this low-sample setting, the Bayesian approach can offer better sample efficiency by leveraging the assumed prior distributions. While we don't include an ablation study comparing the Bayesian update to a frequentist counterpart, we'll include a discussion in the revision to clarify the role of the Bayesian update in our approach.\n\n**Q**: The Elo ratings for both baseline and Ours are still small on Figure 8 (b). Could the authors provide a figure with more training samples?\n\n**A**: We'll include a figure with more training samples in the final revision. It is to be noted that Figure 8 (b) is based on a pre-trained model with an Elo rating of 9958, corresponding to a training sample of 0 in the figure, as our goal was to evaluate the model at a later phase of training. At this stage, smaller Elo gains are expected as the performance curve starts to plateau."
      }
    },
    {
      "type": "OFFICIAL_REVIEW",
      "rid": "sGE95BJI8e",
      "report": {
        "summary": "The paper tackles a long-standing inefficiency in AlphaZero-style self-play: most positions are visited only once and the single game result used as a training target is noisy.\n\nThe authors propose **Uncertainty-Guided Branching (UGB)**:\n\n- Label Change Rate – an analytic, closed-form estimate of how likely the game outcome would flip if the same position were replayed. A Bayesian update refines LCR when repeated roll-outs are available.\n- Where / how / what to branch – positions whose posterior LCR exceeds a threshold are selected; 10 runner-up MCTS moves are replayed from each such position; their outcomes are ensembled to reduce value-label variance.\n- Extensive experiments on 9 × 9 and 19 × 19 Go shows an improved sample efficiency over the baseline by 58.5% on 9x9 Go in the early stage of training and by 47.3% on 19x19 Go in the late stage of training.",
        "ethical_concerns": "NO or VERY MINOR ethics concerns only",
        "final_justification": "I appreciate the commitment to include detailed wall-clock time, latency overhead, and memory usage analysis in the final revision. For Bayesian Update Ablation, the rebuttal only promises an additional discussion.",
        "limitations": "See questions.",
        "strengths_and_weaknesses": "## Strengths\n\n- The paper is well structured with core ideas explained.\n\n- Tackles an important inefficiency problem in Go self-play.\n\n## Weaknesses\n\n- GPU-hour counts are given, but end-to-end wall-time and memory impact of branching are not reported.\n\n- Branching change the visited distribution; effect on final policy optimality vs exploration bias is not analized.",
        "questions": "1. Could the authors provide wall-clock training time and per-move latency overhead relative to the baseline?\n2. How robust is performance to the LCR threshold or to choosing 5 vs 10 branches when total compute is fixed?\n3. An ablation without the Bayesian update would clarify its added value?\n4. The Elo ratings for both baseline and Ours are still small on Figure 8 (b). Could the authors provide a figure with more training samples?",
        "paper_formatting_concerns": "None",
        "responsible_reviewing_acknowledgement": "Yes",
        "code_of_conduct_acknowledgement": "Yes"
      },
      "scores": {
        "quality": "3",
        "clarity": "3",
        "significance": "3",
        "originality": "3",
        "rating": "5"
      },
      "meta": {
        "confidence": "3"
      }
    },
    {
      "type": "OFFICIAL_REVIEW",
      "rid": "L0U7PHoOmn",
      "report": {
        "summary": "This paper proposes a novel uncertainty-guided exploration of positions in self-play for AlphaZero. Using a proposed Label Change Rate (LCR) metric, positions with high uncertainty are identified after self-play trajectories are generated.  The LCR values are used to sample an uncertain state, and a new action is sampled from the policy in that state, generating a new trajectory. This is repeated V times, and all the generated trajectories are used to estimate values of states and as training data for the Neural Network training phase of AlphaZero. Experimental results show the accuracy of the LCR metric, and the sample efficiency gains of the proposed method, in two variants of Go.",
        "ethical_concerns": "NO or VERY MINOR ethics concerns only",
        "final_justification": "For the reasons outline earlier, I think that this is an interesting approach and the obtained results are encouraging.  I like this paper and think that it should be shared.",
        "limitations": "Yes",
        "strengths_and_weaknesses": "Strengths: \n- The paper was generally clear and well-written.  \n- The proposed idea is simple, and to my knowledge original, but shows clear promise in the experimental results. \n- The evaluation experiments were well-designed and clear. I liked the methodology used to determine the best V value, as an example.\n\nWeaknesses: \n- Perhaps it was just me, but it took a second pass through the paper to grasp the overall idea of what was happening in the paper, what the main idea actually was.  I think a lot of this was due to a misunderstanding of how some of the terminology (ie \"variations\") was being used.  I think that could have been made a bit more clear. \n- It seems that a few more alternatives could have been included in the experimental results, beyond simply the baseline and random selection of branching points.  For example, uniformly sampling among branch points with LCR above threshold, instead of utilizing the time step of the move to bias towards later in the game. \n- It is unclear how some of the decisions made, like V=10, would translate to other domains beyond Go.",
        "questions": "1. I was a bit surprised that the experiment in section 5.2 only included two independent game plays from each position. Would the results change if more game plays were performed, getting a more accurate estimate of LCR for each position, but perhaps sacrificing the number of positions that could be averaged over?",
        "paper_formatting_concerns": "None noticed.",
        "responsible_reviewing_acknowledgement": "Yes",
        "code_of_conduct_acknowledgement": "Yes"
      },
      "scores": {
        "quality": "3",
        "clarity": "3",
        "significance": "3",
        "originality": "3",
        "rating": "5"
      },
      "meta": {
        "confidence": "3"
      }
    },
    {
      "type": "OFFICIAL_REVIEW",
      "rid": "wZmSsWnB8J",
      "report": {
        "summary": "This paper addresses an important and practical problem: enhancing exploration efficiency in AlphaZero's training process. The authors correctly point out the inefficiency inherent in AlphaZero’s traditional approach of initiating self-play games from the starting position every time, leaving many high-uncertainty states under-explored.\n\nTo resolve this issue, the authors introduce a well-defined uncertainty estimation metric called \"Label Change Rate (LCR).\" LCR intuitively and effectively quantifies state uncertainty by calculating the variability of outcomes from the same position across multiple game plays. The authors further solidify this approach through a robust Bayesian inference framework. This method clearly identifies the core of the problem and serves as a strong baseline.\n\nThe experimental design is thorough: initially validating the effectiveness and accuracy of LCR, then analyzing the impact of different branching strategies and positions on exploration efficiency, and finally demonstrating the benefits through comprehensive end-to-end training evaluations. Overall, the experimental results are convincing, showing that the proposed uncertainty-guided exploration method significantly improves AlphaZero’s training efficiency and performance.",
        "ethical_concerns": "NO or VERY MINOR ethics concerns only",
        "limitations": "Yes",
        "strengths_and_weaknesses": "Strengths:\nMentioned in the summary. \n\nWeakness:\n- Using random selection as the baseline for branching is weak, as obviously certain positions should not be explored from.\n\n- There is no direct comparison with the MCTS value baseline. Theoretically, MCTS values themselves inherently capture uncertainty effectively.\n\n- The authors only consider uncertainty in terms of value estimation but neglect uncertainty related to policy decisions. For instance, methods such as those described in the \"Learning to Stop\" paper might be more appropriate, especially since agents can directly simulate outcomes. Furthermore, many states, such as the initial state, can remain persistently uncertain in value, regardless of the number of simulations performed.\n\n- The authors do not explore alternative uncertainty estimation methods sufficiently. For example, if MCTS value remains stable throughout the search of a state, it may indicate inherent certainty in the uncertainty itself rather than genuine uncertainty about the position. Conversely, fluctuating values might signify genuine uncertainty and an area needing further training.\n\n- The chosen threshold (lcr_0=0.48) appears arbitrary. A more principled approach, such as selecting the top 10% most uncertain positions, might yield better performance. Additionally, the optimal number of variations (V=10) was determined empirically without providing deeper insights or theoretical justifications for why this specific number is particularly effective.",
        "questions": "Distribution of LCR-Uncertain States:\nCould the authors provide an analysis of how the LCR-uncertain states are distributed across different game stages (e.g., early, mid, late game)? Understanding this distribution could offer insights into which game phases most benefit from the proposed branching strategy.\n\nImpact of MCTS Simulation Counts on LCR Accuracy:\nIt would be valuable to investigate how the accuracy of the LCR metric varies with different MCTS simulation counts. Considering recent methods frequently utilize fewer simulations (e.g., 100-200), compared to traditional settings (e.g., 800), evaluating LCR across varying simulation counts could validate its robustness and practical applicability.\n\nClarification on RMSE Analysis Methodology:\nThe current RMSE evaluation approach is not entirely clear. A suitable method might involve first obtaining multiple simulation results (like geting n=1000 z values) for each of the 20,000 positions, calculating their average as the ground truth, and then comparing this ground truth with estimates obtained from varying numbers of simulations (from 1 up to V=10). Could the authors clarify or consider revising their RMSE analysis accordingly?",
        "paper_formatting_concerns": "N/A",
        "responsible_reviewing_acknowledgement": "Yes",
        "code_of_conduct_acknowledgement": "Yes"
      },
      "scores": {
        "quality": "2",
        "clarity": "3",
        "significance": "3",
        "originality": "3",
        "rating": "4"
      },
      "meta": {
        "confidence": "4"
      }
    },
    {
      "type": "OFFICIAL_REVIEW",
      "rid": "eGZKYtHm9o",
      "report": {
        "summary": "The authors propose an uncertainty-guided MCTS exploration framework that improves upon standard AlphaZero. It branches out from high-uncertainty positions and explores multiple variations. This reduces the variance of the value label by ensembling multiple game outcomes. It also explores critical decision points that may yield improvements. This results in greater training efficiency.",
        "ethical_concerns": "NO or VERY MINOR ethics concerns only",
        "final_justification": "My questions and requests for clarification have been answered satisfactorily by the authors. I believe the paper merits acceptance.",
        "limitations": "Yes (page 9)",
        "strengths_and_weaknesses": "The experimental results look promising. I suggest adding error bars to some of the Figures (such as 6b, 7b, 8a, and 8b). These can be obtained by running multiple trials. Overall, the idea of uncertainty-guided exploration during MCTS makes a lot of sense.\n\nPage-by-page comments and suggestions:\n\nPage 1:\n\n\"It learns through self-play\" No need for italics and boldface here.\n\n\"alternative fashion\" → \"alternating fashion\"\n\n\"the strength\" → \"the agent's playing strength\"\n\nPage 2:\n\n\"change decisions after the tree search\" Unclear what this means. Change from the policy head's prediction? If so, state so.\n\n\"during self-play while\" Add comma before while.\n\nReduce the indentation of the contribution list.\n\n\"our analysis on Bernoulli distribution\" → \"our analysis of/on the Bernoulli distribution\"\n\n\"in an analytical form\" → \"in an analytical way\" / \"via an analytical form\" ?\n\nPage 3:\n\n\"policy and value to obtain the search result, typically requiring hundreds to thousands\nof neural network predictions to obtain a search result.\" Repetition of \"to obtain a/the search result\".\n\n\"red arrow in the figure\" → \"red arrow in Figure 2\"\n\nPage 4:\n\n\"In this section, we... in Section 4.1\" Redundant to say \"in section X\" twice.\n\n\"denoted by θ = LCR(s)\" Put LCR in upright font for consistency.\n\nLines 141-143 are a run-on sentence. Split into at least two sentences.\n\nPage 5:\n\nAlgorithm 1: \"has been played\" should not be italicized.\n\nAlgorithm 1: \"play_episode_from\" consider using normal text and font (as opposed to monospace with underscores) for consistency with the rest of the presentation of the algorithm.\n\n\"and thus can reduce the label variance\" doesn't grammatically fit with the rest of the sentence. Consider making it a new sentence: \"This reduces the label variance\".\n\nPage 6:\n\n\"where LCR0 represents\" Put LCR in upright font for consistency.\n\n\"so that we can discard positions whose win rates fluctuate around the initial win rate\" Unclear what this means. What precisely do you mean by \"fluctuate around\"? Consider rephrasing or elaborating.\n\n\"positions are weighted by their time step because we want to capture the turning point in the later game phase\" Unclear what \"capture the turning point\" means here. Consider clarifying.\n\n\"when G number of states are collected, and this hyperparameter is the same as...\" → \"when G states are collected, where G is the same hyperparameter as...\"\n\n\"In this section, ... in Section 5.1\" Redundant.\n\n\"Each training\" → \"Each training run\"\n\nPage 7:\n\n\"analytical estimators with\" Add comma before \"with\".\n\nPage 8:\n\n\"similar to our method\" → \"similarly to our method\"\n\nPage 9:\n\n\"our method achieves equivalent strength\" Equivalent to what? Standard AlphaZero? Clarify.\n\n\"allow the return to a specific state\" → \"allows the algorithm to return to a specific state\", if that's what you meant.",
        "questions": "Generalization to the non-Bernoulli case: In the Discussion section, you allude to the possibility of using quantiles. Is there any obstruction to obtaining a similar closed form for common distributions, like Gaussian or Beta distributions?\n\nIs it possible to add uncertainty bands / error bars to some figures (such as Figures 6b, 7b, 8a, and 8b)? I assume that these can be obtained by running multiple trials and using a metric such as standard error, or a confidence interval.\n\nCan this approach be extended to n-player games, as in Multiplayer AlphaZero?",
        "paper_formatting_concerns": "NA",
        "responsible_reviewing_acknowledgement": "Yes",
        "code_of_conduct_acknowledgement": "Yes"
      },
      "scores": {
        "quality": "3",
        "clarity": "3",
        "significance": "3",
        "originality": "3",
        "rating": "5"
      },
      "meta": {
        "confidence": "3"
      }
    }
  ]
}