{
  "forum_id": "4BsrGHtvW5",
  "paper_title": "Adaptive Context Length Optimization with Low-Frequency Truncation for Multi-Agent Reinforcement Learning",
  "reviews": [
    {
      "type": "CHAIR_COMMENT",
      "rid": "QqUdQHaS5X",
      "report": {
        "title": "Paper Decision",
        "main": "This paper proposes adaptive context length optimisation with low-frequency truncation for MARL to handle long-range non-Markovian problems.\n\nAll the reviewers are positive about this paper. The only reviewer with a negative score also increased their score during the rebuttal. There were concerns about the scale of the environments, but the authors provided results on complex SMACv2 during the rebuttal. The authors properly addressed all the concerns, which resulted in an increase in scores by all reviewers.\n\nAs one of the reviewers mentioned, it is worth publishing this work because it pushes the state-of-the-art in long context MARL."
      },
      "replyto": "4BsrGHtvW5"
    },
    {
      "type": "AUTHOR_COMMENT",
      "rid": "nt0SvWKJu8",
      "report": {
        "title": "",
        "main": "Thank you very much for your positive and thoughtful comments. We will incorporate your suggestions into our next revision."
      },
      "replyto": "w34HifmZpZ"
    },
    {
      "type": "REVIEWER_COMMENT",
      "rid": "w34HifmZpZ",
      "report": {
        "title": "",
        "main": "Thank you for the response! I will update my score to advocate for the acceptance of this paper."
      },
      "replyto": "AsW1l1Suco"
    },
    {
      "type": "AUTHOR_COMMENT",
      "rid": "AsW1l1Suco",
      "report": {
        "title": "",
        "main": "**Question1:**  \nSaying that sequence processing methods \"only process historical information\" is still a very critical detail that needs to be including in the problem setup, because it implies the existence of a free centralized communication channel. Although it is not as powerful as communicating after observing the environment but before taking actions (which would effectively become a single-agent POMDP), this still trivializes many multi-agent cooperative settings. As an example, the SMACv2 environment (used in this work) heavily emphasizes the importance of partial observability in their paper, especially in how it differs from the original SMAC environment. I don't think this is a paper-breaking flaw, but it should be mentioned in the text.\n\n**Answer:**  \nWe appreciate your comment, and we will explicitly clarify in Section 3.3 that the central agent in our method is only used to process historical information and does not have access to real-time observations across agents at decision time. We will also emphasize in Section 4.1 that the baseline methods used in our comparison follow a similar setting. Moreover, we will modify the experimental setup in Section 4.1 to distinguish between settings where agents have access to global historical information and those where they do not. In particular, we will add the experiments without cross-agent information sharing in new Section 4.6.\n\n\n**Question2:**  \nI disagree with the classification of environments as \"non-Markovian\" instead of as a Dec-POMDP. All the benchmarks used are originally described as Dec-POMDP (to the best of my knowledge), and we know that these environments are Markovian due to the fact that they are simulated on a computer and do not change over the course of training! Clearly, the computer memory used for the environment is sufficient as a Markov state as this is the actual mechanism by which the environments are simulated. If historical information is required for the transition dynamics (like delayed rewards or delayed actions), those are integrated into the state of the simulator. The only case where an environment would be considered \"non-Markovian\" is if the environment itself changes over the course of training; for instance, exploration terms (like [1] in your original rebuttal) are non-Markovian since the intrinsic/exploration reward is a function of the policy. The \"extended MDP\" described in 2.1 can definitely be reformulated as a Dec-POMDP where only agent-specific observations are observed and used in training, not the Markov state. Looking through the paper, it seems like replacing the current uses of \"state\" with \"observation\" would not break any theory or assumptions (in fact, it is already used in Appendix B!), but please correct me if I'm missing something critical.\n\n**Answer:**  \nThank you very much for your thoughtful comments. We would like to clarify the motivation behind our original use of the term “non-Markovian.” In strict mathematical terms, the Markov property refers to systems where the next state depends only on the current state and not on its history. However, when agents make decisions based on historical information, it may, mathematically speaking, violate the standard definition of Markovian inputs. Therefore, inspired by Reference [1], we model the environment as an extended MDP. However, after careful consideration, we agree that the environments we use are better modeled as Dec-POMDPs with historical information sharing rather than “non-Markovian.” Since the environment simulators are fixed and deterministic (except for any internal stochasticity), they are indeed Markovian in the full state space, and what agents observe is partial information. As you pointed out, we will revise the \"extended MDP\" described in Section 2.1 as a Dec-POMDP with historical information sharing where each agent only observes agent-specific observations and uses them in training.\n\n[1] Mutti, M., De Santi, R., & Restelli, M. (2022, June). The importance of non-markovianity in maximum state entropy exploration. In International Conference on Machine Learning (pp. 16223-16239). PMLR."
      },
      "replyto": "raDnP0xsmW"
    },
    {
      "type": "REVIEWER_COMMENT",
      "rid": "raDnP0xsmW",
      "report": {
        "title": "",
        "main": "Thank you for the detailed explanations. The new experiments without cross-agent information sharing are satisfactory to me, and the hyperparameter choices are valid, so I will increase my score as the core experiments seem valid to me.\n\nHowever, I still have some hesitations regarding the framework. Tl;dr: I think the setting should be framed as a Dec-POMDP with historical information sharing, clearly specifying what information policies have access to (their own current observation and historical observations from all agents).\n\n1. Saying that sequence processing methods \"only process historical information\" is still a very critical detail that needs to be including in the problem setup, because it implies the existence of a free centralized communication channel. Although it is not as powerful as communicating after observing the environment but before taking actions (which would effectively become a single-agent POMDP), this still trivializes many multi-agent cooperative settings. As an example, the SMACv2 environment (used in this work) heavily emphasizes the importance of partial observability in their paper, especially in how it differs from the original SMAC environment. I don't think this is a paper-breaking flaw, but it should be mentioned in the text.\n\n2. I disagree with the classification of environments as \"non-Markovian\" instead of as a Dec-POMDP. All the benchmarks used are originally described as Dec-POMDP (to the best of my knowledge), and we know that these environments are Markovian due to the fact that they are simulated on a computer and do not change over the course of training! Clearly, the computer memory used for the environment is sufficient as a Markov state as this is the actual mechanism by which the environments are simulated. If historical information is required for the transition dynamics (like delayed rewards or delayed actions), those are integrated into the state of the simulator. The only case where an environment would be considered \"non-Markovian\" is if the environment itself changes over the course of training; for instance, exploration terms (like [1] in your original rebuttal) are non-Markovian since the intrinsic/exploration reward is a function of the policy. The \"extended MDP\" described in 2.1 can definitely be reformulated as a Dec-POMDP where only agent-specific observations are observed and used in training, not the Markov state. Looking through the paper, it seems like replacing the current uses of \"state\" with \"observation\" would not break any theory or assumptions (in fact, it is already used in Appendix B!), but please correct me if I'm missing something critical."
      },
      "replyto": "ktBtwzVYuF"
    },
    {
      "type": "AUTHOR_COMMENT",
      "rid": "ktBtwzVYuF",
      "report": {
        "title": "",
        "main": "**Question1:**  \nIs it correct to say that each agent receives historical information from all other agents through the central agent? This would constitute major information leakage under the standard CTDE framework and would trivialize most partially observable environments (like Hanabi).\n\n**Answer:**  \nWe appreciate your comment, but there might be some misunderstanding regarding the role of our method. We would like to clarify that our work mainly focuses on how to efficiently and effectively extract historical information, rather than focusing on the training or execution paradigm (since it can be adapted to various paradigms), or attempting to propose a new one. The experiment design only aims to reduce computational cost without introducing unfair advantages. Specifically, we ensure the soundness of our method through the following five aspects:  \n1. The sequence processing modules (both central agent and baseline methods) only process historical information. No current time step information is included. Therefore, the current state still keeps the partially observable, and each agent remains unaware of others’ current observations or actions. Similar settings have been adopted [1][2], where global historical data is used to assist decision-making.\n2. Our design only aims to avoid redundant waste, and can be diverted to partially observable environments, where all historical sequences are gathered in a batch, processed in parallel using GPUs, and then independently distributed back to each agent. In a setting with n agents, if each distributed agent independently processed all information, the cost would multiply by n. In contrast, centralized processing reduces the overall complexity to roughly 1/n of that case. Furthermore, in partially observable settings—where agents can only access their own history—we also tested a version. This maintains the same logic while avoiding cross-agent information sharing. Representative results of this variant are included below.  \n|Task|AMAGO|Mamba|ACL-LFT|\n|:-:|:-:|:-:|:-:|\n|3 vs 1 with Keeper|83.4±3.6|79.8±3.5|87.3±3.1|\n|Counterattack-Hard|79.3±3.9|76.6±3.3|82.5±3.4|\n|3s5z vs 3s6z|72.1±3.3|69.8±3.5|75.9±3.0|\n|5m_vs_6m|46.4±4.2|42.0±4.1|50.6±3.9|\n|corridor|71.0±5.1|66.8±5.3|75.3±4.8|  \n3. In our original setting, all methods (including the central agent and baseline sequence processing methods) receive global historical information. This ensures that comparisons are fair.  \n4. All environments (including PettingZoo, MiniGrid,  Google Research Football, SMACV2),  we use are among the most common and representative benchmarks in the RL community in recent years [3-6]. This supports the validity of our experiments.  \n\nWe hope this clarifies our design and experimental setup.\n\n**Question2:**  \nHow are $W^g_Q$ and $W^g_K$ learned? The text describes them as \"learnable\" but I don't see the loss function used to train them.\n\n**Answer:**  \nWe sincerely thank the reviewer for pointing this out—it was a misstatement in the paper. The matrices \\\\(W_Q^g\\\\) and \\\\(W_K^g\\\\) are not learnable parameters. They are fixed projection matrices used only during execution, where the central agent computes attention over the agents’ local PPO outputs (policy distributions and value estimates) to compute the reward of central agent. These matrices are not updated during training and do not receive gradients, thus they have no impact on the optimization process. We will correct this in the final version.\n\n[1] Das, A., Gervet, T., Romoff, J., Batra, D., Parikh, D., Rabbat, M., & Pineau, J. (2019, May). Tarmac: Targeted multi-agent communication. In International Conference on machine learning (pp. 1538-1546). PMLR.\n[2] Bloom, J., Paliwal, P., Mukherjee, A., & Pinciroli, C. (2023, October). Decentralized multi-agent reinforcement learning with global state prediction. In 2023 IEEE/RSJ International Conference on Intelligent Robots and Systems (IROS) (pp. 8854-8861). IEEE.  \n[3] Terry, J., Black, B., Grammel, N., Jayakumar, M., Hari, A., Sullivan, R., ... & Ravi, P. (2021). Pettingzoo: Gym for multi-agent reinforcement learning. Advances in Neural Information Processing Systems, 34, 15032-15043.  \n[4] Chevalier-Boisvert, Maxime, et al. \"Minigrid & miniworld: Modular & customizable reinforcement learning environments for goal-oriented tasks.\" Advances in Neural Information Processing Systems 36 (2023): 73383-73394.  \n[5] Kurach, K., Raichuk, A., Stańczyk, P., Zając, M., Bachem, O., Espeholt, L., ... & Gelly, S. (2020, April). Google research football: A novel reinforcement learning environment. In Proceedings of the AAAI conference on artificial intelligence (Vol. 34, No. 04, pp. 4501-4510).  \n[6] Ellis, B., Cook, J., Moalla, S., Samvelyan, M., Sun, M., Mahajan, A., ... & Whiteson, S. (2023). Smacv2: An improved benchmark for cooperative multi-agent reinforcement learning. Advances in Neural Information Processing Systems, 36, 37567-37593."
      },
      "replyto": "NSit1cdBcD"
    },
    {
      "type": "AUTHOR_COMMENT",
      "rid": "gfc8wtp2UZ",
      "report": {
        "title": "",
        "main": "We sincerely thank the reviewer for the insightful comments that were instrumental in strengthening our paper.\n\n**Question1&3:**  \nDid the authors consider or test other dimensionality reduction or context selection techniques, such as learnable attention over history, PCA, or other compression methods? What guided the choice of Fourier/Littlewood-Paley methods, and are there observed advantages?\n\n**Answer:**  \nOur goal in applying Fourier-based low-frequency truncation is not only to reduce noise but also to capture global temporal trends, which are crucial for long-term coordination in MARL. Even when only considering denoising, unlike PCA or attention-based methods, our approach is non-parametric, preserves temporal structure, and requires no additional training. PCA removes temporal order, and attention introduces trainable parameters that may overfit and entangle semantics. Moreover, the degree of truncation provides a natural mechanism to control the granularity of long-term trends, which aligns well with the discrete action space of RL agents.\n\n**Question2:**  \nHow is the maximum/context length range decided for each environment/task? Could an automated or meta-learned approach further improve adaptability?\n\n**Answer:**  \nWe have already provided the maximum and context length range in Appendix C.2. And the current truncation intervals are designed to preserve key information as much as possible while following both empirical and conservative principles—specifically, that maximum low-frequency truncation usually does not exceed 1/4 of the total length, and the length range needs to conform to the Dyadic Partition of Unity.  \nOur method implements an adaptive truncation selection mechanism by defining the maximum interval as the largest power-of-two length within 1/4 of the full context, and constructing a descending power-of-two action space. While meta-learning could further refine this process, it introduces extra computational and parameter overhead, and may destabilize center-distributed training. Given that our method already selects the optimal truncation length during decision-making, such additions offer limited practical benefit.\n\n**Weakness1:**\nWhile the methodology proposes to reduce redundancy and computation, there is little concrete analysis (quantitative or qualitative) of the computational overhead introduced by the central agent or the multi-head attention mechanism, especially in large-scale settings. The claims of efficiency could thus be overstated.\n\n**Answer:**  \nIn an n-agent environment, the dominant computational cost comes from the neural network’s forward and backward passes. Centralized processing incurs this cost only once, whereas fully decentralized processing would result in roughly n times the cost. The additional overhead from selecting the optimal history length is minimal in comparison. The attention module we adopt is extremely lightweight: it uses only 1 head with very low-dimensional key (e.g., 9×n or 20×n) and query (e.g., 9×1 or 20×1) vectors, and introduces only a negligible number of additional parameters.  For length T and feature dimension d, a standard Transformer has a self-attention complexity of $O(T^2d)$ (or roughly $O(Td)$ for its SOTA variants) plus a feed-forward cost of $O(Td^2)$, with attention dominating for long sequences. In contrast, assume we retain the lowest 1/4 frequency components; this truncated sequence is processed by a two-layer MLP with complexity $O((T/4)d^2)$, which is substantially lower than the quadratic cost of baselines. Moreover, Section 4.5 presents a case study showing that the selected context length is much shorter than the original, substantially reducing the computational burden of distributed agents.\n\n\n**Weakness2:**  \nThe environments used are well-chosen for long-term dependencies, but results could be strengthened by reporting on additional MARL domains with severe non-stationary dynamics, environments with different reward delays, or settings with very large agent populations to more robustly demonstrate generalization.\n\n**Answer:**  \nWe would like to clarify that the chosen tasks may already involve non-Markovian characteristics, as they require long-term path planning and delayed coordination. To further validate our method in more complex and representative non-Markovian settings, we have additionally conducted extensive experiments on the challenging SMACv2 benchmark. The results are presented in the table below.  \n|SMACv2 (win rate)|RL-Method|Transformer|ToST|AMAGO|ACL-LFT|\n|:-:|:-:|:-:|:-:|:-:|:-:|\n|MMM2|MAPPO|92.4±2.5|92.9±3.1|94.1±2.9|95.2±2.3|\n| |QMIX|93.0± 2.2|93.6±2.4|94.7±1.8|95.9±1.9|\n| |QPLEX|93.2±2.3|93.3±2.6|94.9±2.8|96.2±2.4|\n|​​27m_vs_30m|MAPPO|90.5±3.9|91.3±3.4|93.2±3.6|94.6±3.3|\n| |QMIX|91.7±3.5|91.4±3.8|93.5±3.3|94.8±3.6|   \n| |QPLEX|91.4 ± 3.7|92.6±4.0|94.1±3.8|95.1±3.5|\n\n[1] Bahouri, H. (2011). Fourier analysis and nonlinear partial differential equations. Springer."
      },
      "replyto": "YL1qHSFAOV"
    },
    {
      "type": "AUTHOR_COMMENT",
      "rid": "WB1WkVtxkd",
      "report": {
        "title": "",
        "main": "Thank you very much for your positive and thoughtful comments. We will incorporate your suggestions into our next revision."
      },
      "replyto": "Zmq4jmnqvp"
    },
    {
      "type": "AUTHOR_COMMENT",
      "rid": "2kw0sxwLxO",
      "report": {
        "title": "",
        "main": "Thank you very much for your positive and thoughtful comments. We will incorporate your suggestions into our next revision."
      },
      "replyto": "LSxRiZbsxQ"
    },
    {
      "type": "REVIEWER_COMMENT",
      "rid": "LSxRiZbsxQ",
      "report": {
        "title": "",
        "main": "I thank the authors for the additional experiments, which are useful."
      },
      "replyto": "oYz3E2zjpQ"
    },
    {
      "type": "REVIEWER_COMMENT",
      "rid": "Zmq4jmnqvp",
      "report": {
        "title": "",
        "main": "Thank you for your thorough and clarifying rebuttal, which has fully addressed my concerns. I have accordingly decided to raise my rating."
      },
      "replyto": "DNAzu41XFB"
    },
    {
      "type": "AUTHOR_COMMENT",
      "rid": "oYz3E2zjpQ",
      "report": {
        "title": "Additional Experiments On Large-Scale Tasks",
        "main": "We thank the reviewer for the valuable suggestion.\n\nWe would like to clarify that the scenarios selected in our original submission—3s5z_vs_3s6z, 5m_vs_6m, and corridor—are among the relatively most challenging SMACv2 tasks, and have been widely adopted in prior works [1][2]. These tasks exhibit clear non-Markovian characteristics, such as delayed rewards, position-sensitive cooperation, and temporally extended dependencies—making them particularly suitable for assessing the strengths of ACL-LFT.  \nTo further demonstrate the scalability of our method, we have additionally conducted experiments on two large-scale scenarios with higher agent counts: MMM2 (10 agents) and 27m_vs_30m (27 agents). The results are summarized below.  \n|SMACv2 (win rate)|RL-Method|Transformer|ToST|AMAGO|ACL-LFT|\n|:-:|:-:|:-:|:-:|:-:|:-:|\n|MMM2|MAPPO|92.4±2.5|92.9±3.1|94.1±2.9|95.5±2.3|\n| |QMIX|93.0± 2.2|93.6±2.4|94.7±1.8|95.9±1.9|\n| |QPLEX|93.2±2.3|93.3±2.6|94.9±2.8|96.2±2.4|\n|​​27m_vs_30m|MAPPO|90.5±3.9|91.3±3.4|93.2±3.6|94.6±3.3|\n| |QMIX|91.7±3.5|91.4±3.8|93.5±3.3|94.8±3.6|   \n| |QPLEX|91.4 ± 3.7|92.6±4.0|94.1±3.8|95.1±3.5|\n\n[1] Li, C., Wang, T., Wu, C., Zhao, Q., Yang, J., & Zhang, C. (2021). Celebrating diversity in shared multi-agent reinforcement learning. Advances in Neural Information Processing Systems, 34, 3991-4002.  \n[2] Rutherford, A., Ellis, B., Gallici, M., Cook, J., Lupu, A., Ingvarsson Juto, G., ... & Foerster, J. (2024). Jaxmarl: Multi-agent rl environments and algorithms in jax. Advances in Neural Information Processing Systems, 37, 50925-50951."
      },
      "replyto": "I7ZSm4Kv7z"
    },
    {
      "type": "REVIEWER_COMMENT",
      "rid": "62kg12WomK",
      "report": {
        "title": "Request to Improve Review",
        "main": "I have updated my review; if the authors address my concerns, I will raise my score."
      },
      "replyto": "OCHatnuEks"
    },
    {
      "type": "REVIEWER_COMMENT",
      "rid": "NSit1cdBcD",
      "report": {
        "title": "",
        "main": "I still have some questions about this work.\n\n1. Is it correct to say that each agent receives historical information from all other agents through the central agent? This would constitute major information leakage under the standard CTDE framework and would trivialize most partially observable environments (like Hanabi).\n2. How are $W^g_Q$ and $W^g_K$ learned? The text describes them as \"learnable\" but I don't see the loss function used to train them."
      },
      "replyto": "c0hJzmCSBV"
    },
    {
      "type": "REVIEWER_COMMENT",
      "rid": "ILGsLDdfd1",
      "report": {
        "title": "",
        "main": "I thank the reviewer for the response, which addresses most of my concerns—especially the additional experiments on SMACv2. However, the tasks considered in SMACv2 are still relatively small in scale. I encourage the authors to evaluate their proposed algorithm on larger-scale tasks within SMACv2, as this would provide a more comprehensive assessment of its scalability."
      },
      "replyto": "Y6CYRDXXsm"
    },
    {
      "type": "AUTHOR_REBUTTAL",
      "rid": "h5jbbbbQg8",
      "replyto": "I7ZSm4Kv7z",
      "report": {
        "main": "We sincerely thank the reviewer for the insightful comments that were instrumental in strengthening our paper. Below we address each point, with major new experimental results on SMACv2 central to our responses.\n\n**Weaknesses1 & Weaknesses3 & Question3：**  \n1.The chosen benchmarking tasks seem to be quite simple to illustrate the efficiency of the proposed method for genuinely non-Markovian tasks. Specifically, tasks such as Sample Spread and MiniGrid Soccer Game appear to be mostly Markovian (actions depend primarily on the current state, not long historical states or actions). I believe it would be valuable to include more complex tasks, such as SMACv2 [1], to better demonstrate the method’s efficiency in truly non-Markovian environments.  \n2.Beyond PPO, it would be useful to know how the sequence processing methods perform when combined with different MARL algorithms (e.g., MAPPO, QMIX [3], or IMAX-PPO [4] ). The paper lacks such ablation studies.\n\n**Answer：**  \nWe would like to clarify that the chosen tasks may already involve non-Markovian characteristics, as they require long-term path planning and delayed coordination—especially in the GRF. To further validate our method in more complex and representative non-Markovian settings, we have additionally conducted extensive experiments on the challenging SMACv2 benchmark [1]. To simultaneously demonstrate the generality of ACL-LFT, we performed comprehensive ablation studies by integrating it with three distinct MARL algorithms: MAPPO [2], QMIX [3], and QPLEX [4]. The results are presented in the table below.  \n| SMACv2 (win rate)| RL-Method | Transformer | ToST| AMAGO| ACL-LFT|\n|:------:|:-----------:|:----------:|:---------:|:---------:|:---------:|\n| 3s5z vs 3s6z  | MAPPO  | 71.5 ± 3.9  | 72.2 ± 3.4 | 76.1 ± 2.9 |78.9 ± 2.8 |\n|               | QMIX   | 72.8 ± 3.7  | 73.7 ± 3.6 | 76.3 ± 3.1 |79.4 ± 2.9 |\n|               | QPLEX   | 73.6 ± 3.3  | 75.1 ± 3.6 | 77.5 ± 2.8|80.1 ± 3.0 |\n| 5m_vs_6m | MAPPO  | 44.5 ± 4.9  | 46.3 ± 4.4 | 48.1 ± 4.0 |52.7 ± 4.2 |\n|               | QMIX | 44.3 ± 5.5  | 46.9 ± 4.8 | 48.3 ± 4.3| 52.4 ± 4.6 |   \n|               | QPLEX   | 45.6 ± 5.7  | 47.3 ± 4.6 |49.5 ± 4.8 |53.9 ± 4.3 |\n| corridor | MAPPO  | 65.6 ± 5.7  | 68.1 ± 6.6 | 74.3 ± 4.8 |77.9 ± 5.3 |\n|               | QMIX   | 68.5 ± 5.9  | 70.3 ± 6.8 | 75.0 ± 5.3 |78.6 ± 5.4 |\n|               | QPLEX  | 70.6 ± 4.7  | 72.9 ± 4.6 | 76.3 ± 5.8 |79.2 ± 4.9 |\n\nAs shown in the table above, ACL-LFT consistently outperforms all evaluated baselines—including MAPPO, QMIX, and QPLEX—across all SMACv2 scenarios, with average improvements of +2.6% to +4.6% over the best-performing baseline (typically AMAGO). These consistent gains across diverse algorithms and environments strongly support ACL-LFT’s effectiveness in addressing complex non-Markovian dependencies.\n\n**Weaknesses2：**  \nThe sequence processing methods are combined with PPO — but PPO is inherently a single-agent algorithm. It is not clear how PPO is applied in the multi-agent tasks. If the authors run PPO independently for each individual agent, this is not an appropriate approach. The authors should consider using MAPPO [2] (a multi-agent version of PPO) to make the experiments more convincing.\n\n**Answer：**  \nWe would like to clarify that the PPO was referenced because it is used for training the central agent, whereas the distributed agents—in both our method and all baselines—are trained using the MAPPO framework. Algorithm 1 below illustrates the training procedure of the central agent and distributed agents, where the distributed agents follow the MAPPO framework. We will make the distinction clear and include the proper citation to MAPPO [2] in the final version.\n\n---  \n\n**Algorithm 1**    \nInitialize: each distributed agent's policy \\\\( \\\\theta_i\\\\), shared value function \\\\( \\\\phi \\\\) ; center agent's policy \\\\( \\\\theta_c \\\\), value function \\\\( \\\\phi_c\\\\) .  \n**for** episode = 1, 2, \\\\( \\\\ldots\\\\) **do**  \n  Initialize episode buffer \\\\( B_i\\\\);   \n  Reset environment;  \n  **for**  \\\\( t = 0 \\\\) to \\\\( T-1 \\\\) **do**   \n    **for** agent \\\\( i = 1 \\\\) to \\\\( n \\\\) **do**  \n      Extract historical state \\\\(s_t^{-1}\\\\);  \n      Discrete Fourier Transform \\\\( \\\\text{FFT} ( s_t^{-1} ) \\\\);  \n    Obtain low-frequency section \\\\(s_t^c\\\\);   \n    Obtain optimal contextual information \\\\(s_t^{-opt}\\\\);    \n    **end**  \n    **for** agent \\\\( i = 1 \\\\) to \\\\( N \\\\) **do**  \n      Obtain \\\\(a^i_t\\\\) by \\\\(s_t^{-opt}\\\\) and \\\\(s_t^{i}\\\\); \n                  Perform the \\\\(a^i_t\\\\);  \n      Obtain  \\\\(s^i_{t+1}\\\\) and \\\\(r^i_t\\\\), store \\\\(s^i_{t+1}\\\\) in \\\\( B_i\\\\);  \n      Store \\\\(\\\\tau_t^i\\\\);  \n    **end**  \n    Compute attention weights;     \n    Obtain \\\\( r^c_t = \\\\sum_{i=1}^n \\\\omega^i_t \\\\cdot r^i_t \\\\);  \n    Store \\\\(\\\\tau_t^c\\\\);     \n    **end**  \n    Compute returns \\\\( R_t^c\\\\); Compute advantages \\\\(A_t^c\\\\) using GAE;    \n    **for** epoch = 1 to \\\\(K_c\\\\) **do**  \n        Update policy \\\\(\\\\theta_c\\\\), value function\\\\(\\\\phi_c\\\\) ;   \n    **end**  \n    Construct centralized critic input \\\\( s_t^{global}\\\\);   \n    Compute returns \\\\( R_t^i \\\\); Compute advantages \\\\( A_t^i \\\\) using GAE;  \n    Aggregate all \\\\( \\tau_t^i \\\\) in shared buffer \\\\( B \\\\);;  \n    **for** epoch = 1 to \\\\( K_d \\\\) **do**  \n        Update policy \\\\( \\\\{ \\\\theta_i \\\\}_{i=1}^n \\\\); Update value function \\\\( \\\\phi \\\\);  \n    **end**  \n**end**\n\n---\n\n**Question1：**   \nIs the use of the Fourier Transform for context length optimization novel in reinforcement learning? This is not clearly explained in the current version.\n\n**Answer：**  \nIn MARL, the input dimensionality grows exponentially with the number of agents, introducing substantial redundancy and noise into the feature space. Existing methods leveraging Fourier Transform (FT) in RL primarily focus on enhancing feature representation—for example, in state sequence modeling or market dynamics separation [5][6]—by preserving the full frequency spectrum. While this improves expressivity, it fails to suppress irrelevant or redundant components.  \nIn contrast, our work introduces a novel paradigm: strategic spectral truncation for context compression in discrete MARL. Rather than treating FT as a pure representational tool, we employ it as an information filtering mechanism, selectively retaining low-frequency components to capture long-term dependencies while discarding high-frequency noise. \n\n**Question2：**   \nIn Theorem~1, what is \\\\(\\Omega\\\\), and why does \\\\( \\\\Omega(T) - O(T^{\\\\alpha}) = \\\\Omega(T) \\\\) when T is large?\n\n**Answer：** \nIn the given expression, \\\\( \\\\Omega(T) \\\\) denotes an asymptotic lower bound, meaning there exist constants \\\\( c_1 > 0 \\\\) and \\\\( T_1 > 0 \\\\) such that \\\\( \\\\Omega(T) \\\\geq c_1 T \\\\) for all \\\\( T > T_1 \\\\); while \\\\( O(T^{\\\\alpha}) \\\\) represents an asymptotic upper bound, implying there exist constants \\\\( c_2 > 0 \\\\) and \\\\( T_2 > 0 \\\\) such that \\\\( O(T^{\\\\alpha}) \\\\leq c_2 T^{\\\\alpha} \\\\) for all \\\\( T > T_2 \\\\). When \\\\( T \\\\) is sufficiently large and \\\\( 0 \\\\leq \\\\alpha < 1 \\\\), \\\\( O(T^{\\\\alpha}) = o(T) \\\\) is a higher-order infinitesimal relative to \\\\( T \\\\), meaning \\\\( T^{\\\\alpha} \\\\) grows slower than \\\\( T \\\\) and \\\\( O(T^{\\\\alpha}) \\\\) becomes negligible compared to \\\\( \\\\Omega(T) \\\\) in the limit. Consequently, \\\\( \\\\Omega(T) - O(T^{\\\\alpha}) \\\\geq c_1 T - c_2 T^{\\\\alpha} \\\\), and since \\\\( c_2 T^{\\\\alpha} \\\\) is \\\\( o(T) \\\\), it follows that \\\\( c_1 T - c_2 T^{\\\\alpha} = \\\\Omega(T) \\\\) as the subtraction term does not alter the linear growth rate, leading to  \\\\( \\\\Omega(T) - O(T^{\\\\alpha}) = \\\\Omega(T) \\\\) for sufficiently large \\\\( T \\\\).\n\n**Question3：**  \nCan the proposed method work in an offline learning setting?\n\n**Answer：** \nThe proposed method, which includes Fourier low-frequency truncation and adaptive context optimization is inherently compatible with offline reinforcement learning. Firstly, low-frequency feature extraction operates deterministically on historical trajectories, requiring no interaction with the environment. Secondly, the context-length optimization module leverages temporal gradients from stored transitions, making it fully trainable in an offline setting. Moreover, our method is plug-and-play, independent of the specific RL backbone or whether learning is conducted in an online or offline regime.\n\n**Limitations Supplement**: As the number of agents increases, the central agent be subject to increased computational demands, which could impact overall processing efficiency. In future work, this may be addressed by adopting more advanced or specialized network architectures to improve scalability and parallelization. This discussion will be included in the appendix of the revised version.\n\n[1] llis, B., Cook, J., Moalla, S., Samvelyan, M., Sun, M., Mahajan, A., Foerster, J. N., & Whiteson, S. (2023). SMACv2: An improved benchmark for cooperative multi-agent reinforcement learning. NeurIPs 2023\n\n[2] Yu, C., Velu, A., Vinitsky, E., Gao, J., Wang, Y., Bayen, A., & Wu, Y. (2022). The surprising effectiveness of PPO in cooperative multi-agent games. NeurIPS 2022\n\n[3] Rashid, T., Samvelyan, M., Schroeder de Witt, C., Farquhar, G., Foerster, J., & Whiteson, S. (2018). QMIX: Monotonic value function factorisation for deep multi-agent reinforcement learning, ICML 2018\n\n[4] Wang, J., Ren, Z., Liu, T., Yu, Y., & Zhang, C. (2020). Qplex: Duplex dueling multi-agent q-learning. arXiv preprint arXiv:2008.01062.\n\n[5] Ye, M., Kuang, Y., Wang, J., Rui, Y., Zhou, W., Li, H., & Wu, F. (2023). State sequences prediction via fourier transform for representation learning. Advances in Neural Information Processing Systems, 36, 67565-67588.\n\n[6] Jeon, J., Park, J., Park, C., & Kang, U. (2024, August). Frequant: A reinforcement-learning based adaptive portfolio optimization with multi-frequency decomposition. In Proceedings of the 30th ACM SIGKDD Conference on Knowledge Discovery and Data Mining (pp. 1211-1221)."
      }
    },
    {
      "type": "AUTHOR_REBUTTAL",
      "rid": "DNAzu41XFB",
      "replyto": "MiMflVXYIh",
      "report": {
        "main": "We thank the reviewer for the thoughtful comments.\n\n**Weakness1 &  Question1 & Question2 & Limitations 1 & Limitations 2:**  \n1.The motivation for using low-frequency truncation to extract long-range temporal dependencies is conceptually unclear and methodologically unjustified. In fact, low-frequency truncation typically removes low-frequency components, which encode global (long-term) trends, which appears counter-intuitive if the goal is to preserve long-term dependencies.  \n2.Why is the low-frequency truncation method removing low frequencies instead of high frequencies, if the goal is to retain global temporal information?  \n3.Can the authors provide any empirical analysis (e.g., frequency spectrum plots) that demonstrates the benefit of the truncation in capturing relevant dynamics?  \n4.The paper’s main methodological contribution—Fourier-based low-frequency truncation—is not clearly grounded in MARL-specific insights, and its theoretical support is weak.  \n5.The proposed approach assumes that removing low-frequency components enhances representation, which contradicts the usual interpretation in signal processing and undermines the core justification.\n\n**Answer:**  \nWe think you may have misunderstood the core idea of low-frequency truncation as used in our work. The term refers to retaining low-frequency components while removing high-frequency ones—not the reverse. This terminology is consistent with [1] page 393, where low-frequency truncation is introduced in the context of dyadic partition of unity to preserve large-scale structures.  Furthermore, while [1] applies this concept to continuous function spaces, we extend it to discrete temporal sequences and demonstrate its theoretical soundness in our setting, as detailed in Appendix A. The misunderstanding may due to an unclear explanation in the main text. We will include an explicit definition of low-frequency truncation in the revision to avoid further confusion.\nIn MARL, the challenges of input representation and increasing computation remain fundamental issues, as discussed in prior work [2]. To address this, we explore the use of Fourier-based low-frequency truncation and design a central agent, which offers two key advantages: (1) low-frequency components in the spectral domain tend to capture long-term patterns while discarding short-term noise, thus mitigating the complexity introduced by high-dimensional historical observations; (2) the degree of truncation provides a natural mechanism to control the granularity of long-term trends, which aligns well with the discrete action space of rl agents. Building on these, we introduce a central agent that adaptively selects the optimal level of low-frequency information, ensuring both efficiency and sufficiency in capturing global temporal dependencies.\n\n**Weakness2 & Weakness5:**  \n1.The theoretical section lacks meaningful insight and fails to provide a compelling justification for why this method would outperform fixed context models in environments with long-term dependencies.  \n2.Despite the technical depth in the mathematical formalism, the link between the theoretical analysis and the practical performance of the algorithm remains weak and mostly qualitative.  \n\n**Answer:**  \nIn this paper, Theorem 1 formally characterizes how adaptive context length reduces the loss of relevant historical information—measured via mutual information—compared to any fixed-length method. This guarantees that over time, the adaptive method preserves more useful history, leading to better long-term performance in environments with long-term dependencies. Though this advantage is hard to measure directly, section 4.3 renders the performance comparison between the overall method and fixed-length to quantify this advantage. To more clearly compare the performance difference between fixed and adaptive context lengths while excluding the effect of Fourier low-frequency truncation, we re-extracted and reorganized the data into the table below:  \n|GRF (win rate)|4 step|8 step|16 step|32 step|Adaptive step|\n|:-:|:-:|:-:|:-:|:-:|:-:|\n|3 vs 1 with Keeper|59.4±4.5|65.4±3.8|71.9±4.3|63.5±3.5|84.2±2.6|\n|Counterattack-Hard|60.3±5.1|71.5±4.4|62.1±3.9|53.3±4.7|82.7±2.9|\n\n**Weakness3 & Weakness4 & Question 4 & Limitations3 & Limitations4:**  \n1.The environments used in experiments (e.g., PettingZoo Sample Spread, MiniGrid Soccer, GRF scenarios) are not particularly representative of settings with significant long-range temporal dependencies. Therefore, experimental validation of the method’s core claim remains unconvincing.  \n2.The method is not compared against strong and relevant MARL baselines (e.g., QMIX, QPLEX, MAPPO), making it difficult to assess its true performance advantage.  \n3.Why are standard MARL baselines (e.g., QMIX, MAPPO) omitted from experimental comparisons?\n4.The experimental setup lacks tasks that truly stress long-range temporal dependencies, weakening the claimed benefits of adaptive context length.\n5.Important baselines from the MARL literature are omitted, casting doubt on the significance of the reported performance gains.\n\n**Answer:**  \nWe would like to clarify that the chosen tasks may already involve non-Markovian characteristics, as they require long-term path planning and delayed coordination—especially in the GRF. To further validate our method in more complex and representative non-Markovian settings, we have additionally conducted extensive experiments on the challenging SMACv2 benchmark [3], as suggested. Moreover, there may be a misunderstanding: the central agent and Transformer modules only process historical information and are not involved in decision-making. The output is passed as an extra feature to distributed agents (which are identical across our method and all baselines), which make decisions based on their current state and this historical representation. In our original implementation, distributed agents used MAPPO, while the central agent uses PPO as a single-agent module. To rule out MAPPO-specific gains, we also conducted experiments with QMIX and QPLEX as backbones, while the central agent uses DQN.\n|SMACv2 (win rate)|RL-Method|Transformer|ToST|AMAGO|ACL-LFT|\n|:-:|:-:|:-:|:-:|:-:|:-:|\n|3s5z vs 3s6z|MAPPO|71.5±3.9|72.2±3.4|76.1±2.9|78.9±2.8|\n| |QMIX|72.8± 3.7|73.7±3.6|76.3±3.1|79.4±2.9|\n| |QPLEX|73.6±3.3|75.1±3.6|77.5±2.8|80.1±3.0|\n|5m_vs_6m|MAPPO|44.5±4.9|46.3±4.4|48.1±4.0|52.7±4.2|\n| |QMIX|44.3±5.5|46.9±4.8|48.3±4.3|52.4±4.6|   \n| |QPLEX|45.6 ± 5.7|47.3±4.6|49.5±4.8|53.9±4.3|\n|corridor|MAPPO|65.6± 5.7|68.1±6.6|74.3±4.8|77.9±5.3|\n| |QMIX| 68.5±5.9|70.3±6.8|75.0±5.3|78.6±5.4|\n| |QPLEX|70.6±4.7|72.9±4.6|76.3±5.8|79.2±4.9|\n\n**Question 3:**  \nHow does the proposed method generalize to MARL environments with partial observability or non-stationarity, where context length adaptation may be more crucial?\n\n**Answer:**  \nAs you rightly pointed out, in complex non-Markovian MARL environments with long-term dependencies, non-stationary behavior patterns can severely hinder decision-making. Our method is specifically motivated by these challenges. Existing methods rely on fixed-length historical inputs, which may introduce substantial noise and increasing computational overhead. To address this, we introduce a central agent that adaptively extracts minimal but sufficient global contextual information, enabling agents to effectively make robust decisions under non-stationary. Moreover, although most real-world and benchmark environments are partially observable, global historical states are often accessible after the fact. This allows to reconstruct a fuller picture of the environment’s temporal evolution in next time step.  \nIn fully decentralized settings where global history is unavailable, our framework can be extended by letting the central agent process each agent’s local historical information independently to generate personalized context summaries. This variant preserves the core idea of the proposed method, while remaining fully compatible with partial observability constraints.\n\n**Question 5:**  \nCould the authors clarify how the central agent is trained online without inducing instability in the decentralized policies?\n\n**Answer:**  \nFirst, the optimization directions of the central and decentralized agents are largely aligned. Formally, the gradient of the central agent’s objective correlates positively with the combined gradient of all decentralized agents’ objectives, i.e.,\n\\\\[\\\\nabla_{\\\\pi} J_c(\\\\pi) = \\\\sum_{t=0}^{\\\\infty} \\\\gamma^{t} \\\\sum_{i=1}^{n} \\\\omega_{t}^{i} \\\\nabla_{\\\\pi} \\\\mathbb{E}[R_{i} \\\\mid \\\\pi]\\\\]\n\\\\[\\\\nabla_{\\\\pi} \\\\left( \\\\sum_{j=1}^{n} J_j(\\\\pi) \\\\right) = \\\\sum_{t=0}^{\\\\infty} \\\\gamma^{t} \\\\sum_{j=1}^{n} \\\\nabla_{\\\\pi} \\\\mathbb{E}[R_j \\\\mid \\\\pi]\\\\]\n\\\\[\\\\left\\\\langle \\\\nabla_{\\\\pi} J_c(\\\\pi), \\\\nabla_{\\\\pi} \\\\sum_{j=1}^{n} J_j(\\\\pi) \\\\right\\\\rangle > 0 \\\\quad \\\\text{when} \\\\omega_{t}^{i} > 0\\\\]\n Second, the training of the central agent and decentralized agents proceeds independently and sequentially within each iteration: the central agent updates first to provide a stable context representation, followed by decentralized agents updating their policies using the updated context. This staged training further mitigates instability by decoupling gradient updates and allowing progressive convergence.\n\n[1] Bahouri, H. (2011). Fourier analysis and nonlinear partial differential equations. Springer.\n[2] Riemer, M., Khetarpal, K., Rajendran, J., & Chandar, S. (2024). Balancing context length and mixing times for reinforcement learning at scale. Advances in Neural Information Processing Systems, 37, 80268-80302.\n[3] Ellis, B., Cook, J., Moalla, S., Samvelyan, M., Sun, M., Mahajan, A., ... & Whiteson, S. (2023). Smacv2: An improved benchmark for cooperative multi-agent reinforcement learning. Advances in Neural Information Processing Systems, 36, 37567-37593."
      }
    },
    {
      "type": "AUTHOR_REBUTTAL",
      "rid": "D1noHBpEmM",
      "replyto": "oiFao1Gfp6",
      "report": {
        "main": "We sincerely thank the reviewer for the insightful comments that were instrumental in strengthening our paper. \n\n**Weakness1 & Other Notes2 & Question4 & Question5:**   \n1.The method is generally unclear, especially in describing the central agent (see questions below). Specifically, it does not seem like decentralized execution is possible, which would give this method an unfair advantage over true CTDE methods. I would strongly advise providing pseudocode (in the appendix) to clarify how all parts interact.  \n2.The \"extended MDP\" is a non-standard formulation for MARL; a more appropriate framework would be the Dec-POMDP.  \n3. Given that a central agent is choosing the context length, is decentralized execution possible? Additionally, the incorporation of the historical (global) state data into decision-making (as seen in figure 1) also seems to violate decentralized execution.  \n4.What loss function is used to optimize \\\\(r_t^c\\\\)? It seems like this reward is used for training the value function, but it is unclear how the transformation matrices prior to the attention weight are optimized \\\\(W^g_Q\\\\) and \\\\(W^g_K\\\\).  \n\n**Answer:**  \nWe sincerely appreciate the reviewers' constructive feedback, we will supplement the appendix with the pseudocode. And to clarify concerns, pseudocode is provided below.\n\n---  \n\n**Algorithm 1**    \nInitialize: each distributed agents' policies \\\\( \\\\theta_i\\\\), shared value function \\\\( \\\\phi \\\\) ; center agent's policy \\\\( \\\\theta_c \\\\), value function \\\\( \\\\phi_c\\\\) .  \n**for** episode = 1, 2, ... **do**  \n  Initialize episode buffer \\\\( B_i\\\\);   \n  Reset environment;  \n  **for**  \\\\( t = 0 \\\\) to \\\\( T-1 \\\\) **do**   \n    **for** agent \\\\( i = 1 \\\\) to \\\\( N \\\\) **do**  \n      Extract historical state \\\\(s_t^{-1}\\\\) and Fourier Transform;  \n    Obtain \\\\(s_t^c\\\\);   \n    Obtain \\\\(s_t^{-opt}\\\\);    \n    **end**  \n    **for** agent \\\\( i = 1 \\\\) to \\\\( N \\\\) **do**  \n      Obtain \\\\(a^i_t\\\\) by \\\\(s_t^{-opt}\\\\) and \\\\(s_t^{i}\\\\); \n                  Perform \\\\(a^i_t\\\\);  \n      Obtain  \\\\(s^i_{t+1}\\\\) and \\\\(r^i_t\\\\);  \n      Store transition \\\\(\\\\tau_t^i\\\\), \\\\(s^i_{t+1}\\\\) in \\\\( B_i\\\\);  \n    **end**      \n    Obtain \\\\( r^c_t\\\\);  \n    Store center transition \\\\(\\\\tau_t^c\\\\);     \n    **end**  \n    Compute advantages \\\\(A_t^c\\\\);    \n    **for** epoch = 1 to \\\\(K_c\\\\) **do**  \n        Update policy \\\\(\\\\theta_c\\\\), value function\\\\(\\\\phi_c\\\\) ;   \n    **end**  \n    Construct centralized critic input \\\\( s_t^{global}\\\\);   \n    Compute advantages \\\\( A_t^i \\\\);  \n    Collect \\\\( \\tau_t^i \\\\) into shared buffer \\\\( B \\\\);  \n    **for** epoch = 1 to \\\\( K_d \\\\) **do**  \n        Update policy \\\\( \\\\{\\\\theta_i\\\\}_{i=1}^n \\\\), value function \\\\( \\\\phi \\\\);  \n    **end**  \n**end**\n\n---\nAll methods in our experiments (including ours and baselines) adopt the same setting: a centralized module only processes historical information and then sends it to distributed agents (all methods share the same network architecture) for decision-making. Thereby this design ensures a fair comparison across all baselines. The motivation for our centralized processing is to reduce redundant computation: rather than letting each agent independently encode its history, a single processing step (either jointly extracting global patterns or separately embedding each agent’s trajectory in batch) can substantially reduce the computational cost.\nFor our framework, we firstly indeed consider the standard Dec-POMDP setting. However, the reliance on historical information introduces non-Markovian dependencies, rather than merely violating partial observability assumptions. To address this, we follow the extended MDP formalism introduced in [1], which is used to characterize non-Markovian dependencies.  \nThe loss function that used optimize \\\\(r_t^c\\\\) as below:\n\\\\[L_t(\\\\theta_c,\\\\phi_c) = \\\\min \\\\left( \\\\frac{\\\\pi_{\\\\theta_c}(a_t^c|s_t^c)}{\\\\pi_{\\\\theta_c^{\\\\text{old}}}(a_t^c|s_t^c)} \n\\\\left( \\\\sum_{k=t}^{T} \\\\gamma^{k-t} r_k^c-V_{\\\\phi_c^{\\\\text{old}}}(s_t^c) \\\\right),\\\\text{clip} \\\\left( \\\\frac{\\\\pi_{\\\\theta_c}(a_t^c|s_t^c)}{\\\\pi_{\\\\theta_c^{\\\\text{old}}}(a_t^c|s_t^c)},1-\\\\epsilon,1 + \\\\epsilon\\\\right)\\\\left(\\\\sum_{k=t}^{T} \\\\gamma^{k-t} r_k^c - V_{\\\\phi_{\\\\text{old}}}(s_t^c) \\\\right)\\\\right)+ \\\\lambda_1\\\\left( V_{\\\\phi_c}(s_t^c)-\\\\sum_{k=t}^{T} \\\\gamma^{k-t} r_k^c \\\\right)^2+ \\\\lambda_2 \\\\sum_{a} \\\\pi_{\\\\theta_c}(a|s_t^c) \\\\log \\\\pi_{\\\\theta_c}(a|s_t^c)\\\\]\nRegarding the \\\\(W^g_Q\\\\) and \\\\(W^g_K\\\\), these are used only during data collection to compute \\(r_t^c\\\\) via an attention mechanism over distributed agents. During PPO training, \\(r_t^c\\\\) is treated as fixed,  \\\\(W^g_Q\\\\) and \\\\(W^g_K\\\\) are excluded from the trainable computation graph. They do not receive gradients and have no role in the optimization process.\n\n**Weakness2 & Weakness3 & Question1 & Question2:**  \n1.The benefits of the method seem very marginal relative to AMAGO despite being significantly more complex.  \n2.I do not see a hyperparameter sweep (especially over the learning rate), which may be giving a disadvantage to some baseline methods.  \n3.Why is a dynamic context length with transformer-based models better than using a modern RNN (like RWKV/Mamba/TTT) with truncated BPTT?  \n4.How large are the transformers used (layers, hidden dimension)? Are both the actor and critic transformers for the agents?  \n\n**Answer:**  \nAs for the rationale behind our method, unlike transformer models which apply attention to all time steps without a clear boundary on what constitutes “useful” history, our method explicitly selects a minimal but sufficient segment of historical information, effectively eliminating redundant context and reducing computation. To further validate the effectiveness of our method, we conduct additional experiments on the more challenging SMACv2 benchmark. Due to space constraints, we report representative results using MAPPO as the backbone, and include ablations across different RL algorithms (QMIX, QPLEX) as well as comparisons against a state-of-the-art RNN variant (Mamba). \n\n|SMACv2 (win rate)|RL-Method|Transformer|ToST|AMAGO|Mamba|ACL-LFT|\n|:-:|:-:|:-:|:-:|:-:|:-:|:-:|\n|3s5z vs 3s6z|MAPPO|71.5±3.9|72.2±3.4|76.1±2.9|72.6±3.2|78.9 ± 2.8|\n|5m_vs_6m|MAPPO|44.5±4.9|46.3±4.4|48.1±4.0|46.2±4.5|52.7±4.2|\n|corridor|MAPPO|65.6±5.7|68.1±6.6|74.3±4.8|69.0±5.9|77.9±5.3|\n\nWe clarify that the transformer model is used only as baselines for historical information processing to compare with central agent. In the central agent, neither the actor nor the critic is transformer-based, but employs architectures including MLP or CNN, as detailed in Appendix C.2. For the transformer-based baselines, we adopt commonly used configurations(2 layers, 128 hidden dimensions, 4 heads), and all methods are tuned with the same learning rate (0.001), detailed hyperparameters will be provided in the appendix due to space constraints.\nBesides, we initially select transformer-based baselines as they offer dynamic attention to relevant past information, which better captures historical dependencies than RNNs with truncated BPTT.  \n\n**Other Notes1:**  \nThe statement \"a tailored input representation for MARL is required\" (lines 45-46) does not follow from the earlier statements in the paragraph. It is unclear why a learned input representation from standard MARL is insufficient.  \n\n**Answer:**  \nMARL faces challenges unlike NLP because it involves asynchronous, multi-source, and unstructured data from multiple agents, with sparse rewards and diverse learning objectives, making unified, end-to-end input modeling ineffective and hindering generalization. And this issue was identified but unresolved in [2].\n\n**Other Notes3:**  \nThe simplifications in Equation 16 do not seem justified. In particular, \\\\(\\\\omega_t^i\\\\) still depends on \\\\(t\\\\) despite being outside of the sum, and it cannot simply be dropped out since the sum of weights over agents is 1.  \n\n**Answer:**  \nWe apologize for the oversight in handling \\\\(\\\\omega_t^i\\\\). Due to space constraints, we provide a minimal proof; details will be in the final version.  Goal alignment holds via gradient correlation:\n\\\\[\\\\nabla_{\\\\pi} J_c(\\\\pi) = \\\\sum_{t=0}^{\\\\infty} \\\\gamma^{t} \\\\sum_{i=1}^{n} \\\\omega_{t}^{i} \\\\nabla_{\\\\pi} \\\\mathbb{E}[R_{i} \\\\mid \\\\pi]\\\\]\n\\\\[\\\\nabla_{\\\\pi} \\\\left( \\\\sum_{j=1}^{n} J_j(\\\\pi) \\\\right) = \\\\sum_{t=0}^{\\\\infty} \\\\gamma^{t} \\\\sum_{j=1}^{n} \\\\nabla_{\\\\pi} \\\\mathbb{E}[R_j \\\\mid \\\\pi]\\\\]\n\\\\[\\\\left\\\\langle \\\\nabla_{\\\\pi} J_c(\\\\pi), \\\\nabla_{\\\\pi} \\\\sum_{j=1}^{n} J_j(\\\\pi) \\\\right\\\\rangle > 0 \\\\quad \\\\text{when } \\\\omega_{t}^{i} > 0\\\\]\n\n**Question3:**  \nTheorem 1 seems to make the implicit assumption that the theoretic optimal window length is finite, meaning that longer lengths would actually result in worse mutual information. Is there any justification for this idea?  \n\n**Answer:**  \nThe theoretic optimum window length is finite, aligning with mutual information (MI)'s definition \\\\(I(X;Y) = H(X) + H(Y) - H(X,Y)\\\\) . Longer windows degrade MI due to: noise contamination in distant data, non-stationarity making old data irrelevant, and crucially, biased empirical MI estimation in high dimensions under finite samples. \n\n**Limitations Supplement**: As the number of agents increases, the central agent be subject to increased computational burden. In future work, this may be addressed by adopting more advanced or specialized network architectures to improve scalability and parallelization. This discussion will be included in the appendix of the revised version.\n\n[1] Mutti, M., De Santi, R., & Restelli, M. (2022, June). The importance of non-markovianity in maximum state entropy exploration. In International Conference on Machine Learning (pp. 16223-16239). PMLR.\n[2] Riemer, M., Khetarpal, K., Rajendran, J., & Chandar, S. (2024). Balancing context length and mixing times for reinforcement learning at scale. Advances in Neural Information Processing Systems, 37, 80268-80302."
      }
    },
    {
      "type": "AUTHOR_REBUTTAL",
      "rid": "OCHatnuEks",
      "replyto": "YL1qHSFAOV",
      "report": {
        "main": "We believe this review may have been intended for a different submission, as the content discussed does not relate to our work.\n\nOur paper does **not** involve in-context learning (ICL), prompt construction, or large language models (LLMs). Instead, we study a **multi-agent reinforcement learning (MARL)** setting and introduce a central agent that dynamically optimizes the context length for each agent via temporal gradient analysis, enabling improved exploration and faster convergence to globally optimal policies.\n\nIn our paper, “adaptive context length” refers to the dynamically obtain optimal contextual information for distributed agent uses. This is fundamentally different from selecting the number of examples in a prompt for ICL.\n\nGiven the clear mismatch in topic, methodology, and terminology, we respectfully ask the reviewer to verify whether this review was submitted in error."
      }
    },
    {
      "type": "OFFICIAL_REVIEW",
      "rid": "I7ZSm4Kv7z",
      "report": {
        "summary": "- The paper develops an adaptive context length optimization method with low-frequency truncation for MARL. This is well motivated by the fact that decisions can be non-Markovian — that is, actions may depend on historical states and actions — but extending the MDP with long context lengths can be computationally expensive.\n- The authors propose using a central agent to optimize the context length, along with a Fourier-based low-frequency truncation approach to capture global temporal trends from the context.\n- Experiments on several multi-agent tasks (Sample Spread in MiniGrid Soccer Game and Google Research Football (GRF)) show that the proposed method appears to outperform other baselines that focus on sequence processing, such as Transformer-based methods and AMAGO.",
        "ethical_concerns": "NO or VERY MINOR ethics concerns only",
        "final_justification": "The authors have addressed most of my concerns. I believe the paper makes a meaningful contribution, and I maintain my evaluation as a borderline acceptance.",
        "limitations": "- There is no discussion of the limitations of the current work.\n- I do not see any major potential negative societal impact of this paper.",
        "strengths_and_weaknesses": "**Strengths**\n\n- The problem is well-motivated, and the paper appears to be the first in MARL to develop adaptive context length optimization for multi-agent learning.\n- The idea of using a Fourier-based low-frequency truncation approach to capture global temporal trends is interesting and sound.\n- The paper is well written and clear.\n- The experiments are quite convincing, except that the tasks used seem rather simple (as discussed below).\n\n**Weaknesses**\nWhile I think the methodological part of this paper is quite strong, the experiments are weak:\n\n- The chosen benchmarking tasks seem to be quite simple to illustrate the efficiency of the proposed method for genuinely non-Markovian tasks. Specifically, tasks such as Sample Spread and MiniGrid Soccer Game appear to be mostly Markovian (actions depend primarily on the current state, not long historical states or actions). I believe it would be valuable to include more complex tasks, such as SMACv2 [1], to better demonstrate the method’s efficiency in truly non-Markovian environments.\n- The sequence processing methods are combined with PPO — but PPO is inherently a single-agent algorithm. It is not clear how PPO is applied in the multi-agent tasks. If the authors run PPO independently for each individual agent, this is not an appropriate approach. The authors should consider using MAPPO [2]  (a multi-agent version of PPO) to make the experiments more convincing.\n- Beyond PPO, it would be useful to know how the sequence processing methods perform when combined with different MARL algorithms (e.g., MAPPO, QMIX [3], or IMAX-PPO [4] ). The paper lacks such ablation studies.\n\n[1] llis, B., Cook, J., Moalla, S., Samvelyan, M., Sun, M., Mahajan, A., Foerster, J. N., & Whiteson, S. (2023). SMACv2: An improved benchmark for cooperative multi-agent reinforcement learning. NeurIPs 2023\n\n[2] Yu, C., Velu, A., Vinitsky, E., Gao, J., Wang, Y., Bayen, A., & Wu, Y. (2022). The surprising effectiveness of PPO in cooperative multi-agent games. NeurIPS 2022\n\n[3] Rashid, T., Samvelyan, M., Schroeder de Witt, C., Farquhar, G., Foerster, J., & Whiteson, S. (2018). QMIX: Monotonic value function factorisation for deep multi-agent reinforcement learning, ICML 2018\n\n[4] Bui, T. V., Mai, T., & Nguyen, T. H. (2024). Mimicking To Dominate: Imitation Learning Strategies for Success in Multi-Agent Games. In Advances in Neural Information Processing Systems 37 (NeurIPS 2024).",
        "questions": "- Is the use of the Fourier Transform for context length optimization novel in reinforcement learning? This is not clearly explained in the current version.\n- In Theorem~1, what is $\\Omega$, and why does $\\Omega(T) - O(T^{\\alpha}) = \\Omega(T)$ when $T$ is large?\n- Can the proposed method work in an offline learning setting?\n\n\nPlease also address the questions and comments raised in the \\textbf{Weaknesses} section above.",
        "paper_formatting_concerns": "The paper format seems fine; I do not see any major issues.",
        "responsible_reviewing_acknowledgement": "Yes",
        "code_of_conduct_acknowledgement": "Yes"
      },
      "scores": {
        "quality": "2",
        "clarity": "3",
        "significance": "3",
        "originality": "3",
        "rating": "4"
      },
      "meta": {
        "confidence": "4"
      }
    },
    {
      "type": "OFFICIAL_REVIEW",
      "rid": "oiFao1Gfp6",
      "report": {
        "summary": "The work addresses the challenge of long context lengths in MARL with a new technique named ACL-LFT. The two novel components are (1) a method for adaptively optimizing context length using a central agent and (2) using Fourier transforms for low-frequency truncation. Their experiments demonstrate that adaptive context lengths outperform fixed context lengths and their work outperforms existing sequence processing methods.",
        "ethical_concerns": "NO or VERY MINOR ethics concerns only",
        "final_justification": "In the rebuttal, all my concerns with the paper were addressed, including promises to revise the text to follow more standard MARL formulations (Dec-POMDP) and clarify assumptions about the setting (communication of historical information). The authors also provided additional results to demonstrate that their work is helpful in the standard CTDE domain (no communication), which demonstrates to me that their method is general.\n\nI still feel that the method is more complex than prior baselines while only providing marginal benefit, but I think this work should be accepted as it pushes the frontier of long-context MARL methods.",
        "limitations": "Unclear; although the checklist says it is in the appendix, I cannot find it.",
        "strengths_and_weaknesses": "Strengths:\n- The evaluation settings include challenging MARL problems instead of only toy settings, demonstrating the effectivness of the technique in real-world scenarios.\n- The proposed method is novel\n\nWeaknesses:\n- The method is generally unclear, especially in describing the central agent (see questions below). Specifically, it does not seem like decentralized execution is possible, which would give this method an unfair advantage over true CTDE methods. I would strongly advise providing pseudocode (in the appendix) to clarify how all parts interact.\n- The benefits of the method seem very marginal relative to AMAGO despite being significantly more complex. \n- I do not see a hyperparameter sweep (especially over the learning rate), which may be giving a disadvantage to some baseline methods.\n\nOther Notes:\n- The statement \"a tailored input representation for MARL is required\" (lines 45-46) does not follow from the earlier statements in the paragraph. It is unclear why a learned input representation from standard MARL is insufficient.\n- The \"extended MDP\" is a non-standard formulation for MARL; a more appropriate framework would be the Dec-POMDP.\n- The simplifications in Equation 16 do not seem justified. In particular, $w_t^i$ still depends on $t$ despite being outside of the sum, and it cannot simply be dropped out since the sum of weights over agents is 1.",
        "questions": "- Why is a dynamic context length with transformer-based models better than using a modern RNN (like RWKV/Mamba/TTT) with truncated BPTT?\n- How large are the transformers used (layers, hidden dimension)? Are both the actor and critic transformers for the agents?\n- Theorem 1 seems to make the implicit assumption that the theoretic optimal window length is finite, meaning that longer lengths would actually result in worse mutual information. Is there any justification for this idea?\n- Given that a central agent is choosing the context length, is decentralized execution possible? Additionally, the incorporation of the historical (global) state data into decision-making (as seen in figure 1) also seems to violate decentralized execution.\n- What loss function is used to optimize $r_t^c$? It seems like this reward is used for training the value function, but it is unclear how the transformation matrices prior to the attention weight are optimized ($W^g_Q$ and $W^g_K$).",
        "paper_formatting_concerns": "None",
        "responsible_reviewing_acknowledgement": "Yes",
        "code_of_conduct_acknowledgement": "Yes"
      },
      "scores": {
        "quality": "2",
        "clarity": "1",
        "significance": "2",
        "originality": "3",
        "rating": "5"
      },
      "meta": {
        "confidence": "3"
      }
    },
    {
      "type": "OFFICIAL_REVIEW",
      "rid": "YL1qHSFAOV",
      "report": {
        "summary": "This paper introduces ACL-LFT, a framework designed to address the limitations of fixed context lengths in multi-agent reinforcement learning (MARL). The approach leverages a central agent that adaptively optimizes context length during training by performing temporal gradient analysis and employing a Fourier-based low-frequency truncation for input representation. This truncation allows for global temporal trends to be captured among agents while filtering redundancy, and the central agent's decisions are further refined using attention mechanisms over decentralized agent policies and value estimates. Theoretical results provide regret bounds for adaptive versus static context lengths, and the empirical evaluation demonstrates strong performance on multiple challenging long-term dependency environments (PettingZoo, MiniGrid, Google Research Football).",
        "ethical_concerns": "NO or VERY MINOR ethics concerns only",
        "final_justification": "I have updated my review; if the authors address my concerns, I will raise my score.",
        "limitations": "Yes.",
        "strengths_and_weaknesses": "Strengths: \n\n1. The proposed combination of a central agent with adaptive context length selection and a Fourier-based redundancy reduction module is well motivated by the challenges faced in MARL. Theoretical support is provided for the advantage of adaptive context length.\n\n2. The method is evaluated on a diverse set of challenging environments, specifically those known for long-term dependency and partial observability issues; these include PettingZoo, MiniGrid Soccer Game, and GRF Academy scenarios. \n\n3. The methodology is grounded with interpretable theoretical backing (Section 2.2, Littlewood-Paley theory) and ensures the frequency-domain truncations are mathematically justified.\n\nWeaknesses: \n\n1. While the methodology proposes to reduce redundancy and computation, there is little concrete analysis (quantitative or qualitative) of the computational overhead introduced by the central agent or the multi-head attention mechanism, especially in large-scale settings. The claims of efficiency could thus be overstated.\n\n2. The environments used are well-chosen for long-term dependencies, but results could be strengthened by reporting on additional MARL domains with severe non-stationary dynamics, environments with different reward delays, or settings with very large agent populations to more robustly demonstrate generalization.",
        "questions": "1. Did the authors consider or test other dimensionality reduction or context selection techniques, such as learnable attention over history, PCA, or other compression methods? What guided the choice of Fourier/Littlewood-Paley methods, and are there observed advantages?\n\n2. How is the maximum/context length range decided for each environment/task? Could an automated or meta-learned approach further improve adaptability?\n\n3. Did the authors consider or test other dimensionality reduction or context selection techniques, such as learnable attention over history, PCA, or other compression methods? What guided the choice of Fourier/Littlewood-Paley methods, and are there observed advantages?",
        "paper_formatting_concerns": "None.",
        "responsible_reviewing_acknowledgement": "Yes",
        "code_of_conduct_acknowledgement": "Yes"
      },
      "scores": {
        "quality": "2",
        "clarity": "3",
        "significance": "2",
        "originality": "2",
        "rating": "4"
      },
      "meta": {
        "confidence": "3"
      }
    },
    {
      "type": "OFFICIAL_REVIEW",
      "rid": "MiMflVXYIh",
      "report": {
        "summary": "This paper proposes a multi-agent reinforcement learning (MARL) framework, ACL-LFT, that adaptively adjusts the context length for decision-making via a central agent. The central agent leverages a Fourier-based low-frequency truncation module to process historical state sequences, with the goal of capturing global temporal trends and reducing redundant information. The authors claim their method improves efficiency in handling long-term dependencies and demonstrate experimental improvements over existing baselines on environments such as PettingZoo, MiniGrid, and Google Research Football.",
        "ethical_concerns": "NO or VERY MINOR ethics concerns only",
        "final_justification": "The authors’ rebuttal has satisfactorily resolved my earlier concerns; I will therefore raise my score.",
        "limitations": "* The paper’s main methodological contribution—Fourier-based low-frequency truncation—is not clearly grounded in MARL-specific insights, and its theoretical support is weak.\n* The proposed approach assumes that removing low-frequency components enhances representation, which contradicts the usual interpretation in signal processing and undermines the core justification.\n* The experimental setup lacks tasks that truly stress long-range temporal dependencies, weakening the claimed benefits of adaptive context length.\n* Important baselines from the MARL literature are omitted, casting doubt on the significance of the reported performance gains.\n\nThe paper introduces some interesting architectural ideas, but its core justification is flawed and the empirical evaluation does not convincingly demonstrate the claimed benefits. More theoretical and experimental rigor is needed before this work would be suitable.",
        "strengths_and_weaknesses": "*Strengths*:\n\n* The paper addresses a relevant challenge in MARL—context length selection—which can impact both computational efficiency and performance.\n* The method introduces a novel combination of low-frequency truncation via Fourier Transform and adaptive policy mechanisms.\n* The paper is well-organized and includes ablation studies and comparisons to fixed-length baselines.\n\n*Weaknesses*:\n\n* The motivation for using low-frequency truncation to extract long-range temporal dependencies is conceptually unclear and methodologically unjustified. In fact, low-frequency truncation typically removes low-frequency components, which encode global (long-term) trends, which appears counter-intuitive if the goal is to *preserve* long-term dependencies.\n* The theoretical section lacks meaningful insight and fails to provide a compelling justification for why this method would outperform fixed context models in environments with long-term dependencies.\n* The environments used in experiments (e.g., PettingZoo Sample Spread, MiniGrid Soccer, GRF scenarios) are not particularly representative of settings with significant long-range temporal dependencies. Therefore, experimental validation of the method’s core claim remains unconvincing.\n* The method is not compared against strong and relevant MARL baselines (e.g., QMIX, QPLEX, MAPPO), making it difficult to assess its true performance advantage.\n* Despite the technical depth in the mathematical formalism, the link between the theoretical analysis and the practical performance of the algorithm remains weak and mostly qualitative.",
        "questions": "1. Why is the low-frequency truncation method removing *low* frequencies instead of *high* frequencies, if the goal is to retain global temporal information?\n2. Can the authors provide any empirical analysis (e.g., frequency spectrum plots) that demonstrates the benefit of the truncation in capturing relevant dynamics?\n3. How does the proposed method generalize to MARL environments with partial observability or non-stationarity, where context length adaptation may be more crucial?\n4. Why are standard MARL baselines (e.g., QMIX, MAPPO) omitted from experimental comparisons?\n5. Could the authors clarify how the central agent is trained online without inducing instability in the decentralized policies?",
        "paper_formatting_concerns": "None",
        "responsible_reviewing_acknowledgement": "Yes",
        "code_of_conduct_acknowledgement": "Yes"
      },
      "scores": {
        "quality": "2",
        "clarity": "2",
        "significance": "2",
        "originality": "2",
        "rating": "3"
      },
      "meta": {
        "confidence": "4"
      }
    }
  ]
}