{
  "forum_id": "5g9qls1V7Q",
  "paper_title": "Self-diffusion for Solving Inverse Problems",
  "reviews": [
    {
      "type": "CHAIR_COMMENT",
      "rid": "lSfAW1TgdR",
      "report": {
        "title": "Paper Decision",
        "main": "The paper introduces self-diffusion for solving inverse problems. Here, the goal is to recover a target signal $x^{true}$ from observations $y = A x^{true}$. The paper proposes a diffusion based approach, where to reconstruct a given sample one trains a sequence of denoisers $D_{\\theta_t}$ with a cost that measures the mean squared measurement error between the observations y and the projected denoiused signal. This setup is conceptually similar to deep image prior, albeit with the object of training as an iterative denoiser rather than a general neural network. Similar to deep image prior, regularization is induced by the implicit prior encoded in the network architecture. The paper argues that the combination of neural network training and this noise schedule induce a spectral bias towards low frequencies, regularizing fitting and reconstruction. The paper illustrates the approach through synthetic frequency-sparse signal reconstruction, 2D and 3D MR reconstruction, radar estimation angle recovery and image inpainting, reporting favorable results vis deep image prior based reconstruction methods such as DIP, Aseq and IMJENSE. Comparisons to additional pre-trained model baselines were added during the rebuttal and discussion phase, robustifying the comparison to the literature. \n\nThe reviewers generally acknowledge the novelty of the approach, namely, solving inverse problems via a self-diffusion process trained on the given instance, regularized by the architectural bias of the denoiser. Reviewers raised a number of questions regarding the performance and computational cost of the proposed method, as well as its comparison to pretrained baselines. The authors response to review comments robustifies the experiments, showing quantitative performance that is generally comparable with the best of the considered models and in some cases the best (e.g., in MR reconstruction with FLAIR contrast). The response also addresses the issue of computational complexity, showing comparable performance to other DIP-based methods."
      },
      "replyto": "5g9qls1V7Q"
    },
    {
      "type": "AUTHOR_COMMENT",
      "rid": "3xVRWYlZ9d",
      "report": {
        "title": "",
        "main": "Dear Reviewers,\n\nToday is the last day we could reply to comments and make further clarification. If there are any remaining concerns, we are happy to address.\n\nThank you again for your thoughtful contributions and dedication.\n\nWarm regards,  \nAuthors"
      },
      "replyto": "5g9qls1V7Q"
    },
    {
      "type": "AUTHOR_COMMENT",
      "rid": "moicYRVcsQ",
      "report": {
        "title": "",
        "main": "Dear Reviewer,\n\nThank you again for your thoughtful comments and for acknowledging that our response clarified the performance gains of our method compared to competing approaches.\n\nRegarding the organization of our previous rebuttal: we acknowledge that it could have been better structured. Due to the strict character limit, we focused on addressing all key concerns raised and unfortunately did not have space to quote your full comments before our replies. We really appreciate for your time to read this long rebuttal.\n\nAs for the performance discussion, we would like to clarify that our comparisons were made against two main categories:\n\n* **DIP-based methods without training** (e.g., DIP, ASeq, IMJENSE), and\n* **Pretrained diffusion-based methods** (e.g., DDNM, DPS, CSGM).  \n  The results show that SDI **outperforms all DIP-based methods** and achieves **comparable performance to pretrained diffusion-based approaches** across most tasks.\n\nOur comments on denoising was to point out that  **pretrained diffusion models like IR-SDE still show limitations** (see Table denoising task) in denoising, suggesting that their performance may not always align with problem difficulty. We appreciate your clarification and your note that this does not affect your overall evaluation.\n\nThank you again for your constructive and thoughtful engagement throughout the review process.\n\nBest,  \nAuthors"
      },
      "replyto": "DHx4stBj4r"
    },
    {
      "type": "REVIEWER_COMMENT",
      "rid": "O66qFKhKNq",
      "report": {
        "title": "",
        "main": "I would like to thank the authors for their last answers. I better understand now the performance gain compared to other competing methods.\nOn the other hand, I am not really convinced by the comment \"Thoughts on denoising\". I had the impression that image denoising was known to be the simplest (and indeed) imaging inverse problem; and at least much easier than deblurring or large-region inpainting. As the authors mentioned, it may even not be seen as ill-posed because the measurement matrix $A=I$ is invertible. But of course, the practical difficulty that we face when doing either denoising of deblurring depends on the level of noise and the level of blur.\nPlease note that my opinion on this comment will not impact my overall judgment of this submission, and the authors do not have to argue further on this point."
      },
      "replyto": "WFDcyTqmb3"
    },
    {
      "type": "AUTHOR_COMMENT",
      "rid": "UkC0WG2JQx",
      "report": {
        "title": "",
        "main": "Dear Reviewer\n\nThank you for taking the time to read our responses and for acknowledging that they address your concerns.\n\nRegarding the computational cost and performance of the proposed method (SDI), we would like to highlight a few important points:\n\n1. **Computational Efficiency**\n   The computational demand of SDI is both reasonable and affordable. As shown in the runtime comparison table, SDI achieves the fastest inference speed on a standard desktop-tier GPU (NVIDIA 3090 Ti), outperforming even pretrained diffusion-prior-based methods like CSGM running on a more powerful NVIDIA 4090—despite the fact that 3090 Ti < 4090 in raw capability. This demonstrates the efficiency of SDI, especially considering that it does not rely on pretrained priors. While SDI may require more iterations, this trade-off is acceptable. Notably, a single 3090 Ti is inefficient for training a diffusion prior on 320×320 images.\n\n2. **Performance Comparison**\n   SDI outperforms all other DIP-based methods (DIP, Aseq, IMJENSE) across all tasks and remains competitive with pretrained diffusion-prior-based approaches (DDNM, DPS, CSGM).  \n   In the four evaluated low-level vision tasks:  \n   * **DDNM** (a pretrained diffusion-prior-based method) achieves the best performance in 2× super-resolution and inpainting.\n   * **SDI** achieves the best results in motion deblurring and performs comparably to DDNM in 4× super-resolution.  \n   \n   In MRI reconstruction:\n   * **SDI** outperforms all methods in the 4× acceleration task without ACS.\n   * **CSGM** is better in the 6× acceleration task, while SDI and CSGM perform similarly in the 4× acceleration task.\n     Importantly, when the diffusion prior exhibits bias toward specific image distributions, SDI demonstrates superior generalization compared to CSGM. As shown in the MRI reconstruction comparison, priors trained on T2-weighted images performed poorly when applied to FLAIR images.\n\n3. **Broader Contribution**\n   Beyond performance, SDI offers complementary value to pretrained-model-based approaches. It provides a flexible, self-supervised alternative that is especially advantageous in data-scarce scenarios or domains where biased priors may lead to serious consequences—such as in medical imaging.\n\n4. **Further development**\n  Given that we have fulfilled the reviewer’s original requests, we are unsure what further development is being referred to. We would be grateful for any clarification on what additional aspects the reviewer believes are needed to better demonstrate the value of our approach.\n\nBest regards,  \nThe Authors"
      },
      "replyto": "zFI6LgIFOy"
    },
    {
      "type": "REVIEWER_COMMENT",
      "rid": "CQsa5gdxpJ",
      "report": {
        "title": "",
        "main": "Thank you for addressing my concerns. After reading the other reviews and authors' responses, I find myself in agreement with reviewer rgwW, particularly on the point that the limited performance gap with great computational cost limits the interest in this method. I think that this work needs more development in order to show a clear benefit. For these reasons, I will keep my current score."
      },
      "replyto": "zq4YYjuQvg"
    },
    {
      "type": "REVIEWER_COMMENT",
      "rid": "8MCjz6txJ7",
      "report": {
        "title": "",
        "main": "I appreciate the thoughtful response and additional experiments. I have raised my score."
      },
      "replyto": "J8PjLY1EY4"
    },
    {
      "type": "AUTHOR_COMMENT",
      "rid": "WFDcyTqmb3",
      "report": {
        "title": "Thoughts on denoising task",
        "main": "We also acknowledge that denoising presents a fundamentally different challenge compared to other inverse problems. Unlike tasks such as inpainting or MRI reconstruction, which involve **incomplete observations** and are typically modeled as ill-posed problems via a forward operator $A$, denoising assumes $A = I$ and the degradation arises from additive noise $y = x + n$. In this case, the corruption is due to **information being corrupted by noise across the entire frequency spectrum**.\n\nThis distinction is important: in classical inverse problems, the ill-posedness can be addressed by incorporating a prior to regularize the solution space. In denoising, however, the challenge is not reconstructing from partial information but removing uncertainty that is entangled with the full signal—making recovery inherently harder and more prone to hallucination. This likely explains why pre-trained diffusion-based methods, e.g., IR-SDE, and ours show more modest gains in this setting.\n\nBest,  \nAuthors"
      },
      "replyto": "DHx4stBj4r"
    },
    {
      "type": "AUTHOR_COMMENT",
      "rid": "J8PjLY1EY4",
      "report": {
        "title": "",
        "main": "Apologies for missing comment on hyperparameter selection. As discussed in the rebuttal section **Hyperparameter Selection**, we use a single set of hyperparameters for all test samples in the same task. However, when the image size increases, more iterations are typically required."
      },
      "replyto": "E7PjtL5anO"
    },
    {
      "type": "AUTHOR_COMMENT",
      "rid": "cc2p6jIXym",
      "report": {
        "title": "",
        "main": "Thank you for taking the time to read our responses and for acknowledging that they address your concerns.\n\nRegarding the computational cost and performance of the proposed method (SDI), we would like to highlight a few important points:\n\n1. **Computational Efficiency**\n   The computational demand of SDI is both reasonable and affordable. As shown in the runtime comparison table, SDI achieves the fastest inference speed on a standard desktop-tier GPU (NVIDIA 3090 Ti), outperforming even pretrained diffusion-prior-based methods like CSGM running on a more powerful NVIDIA 4090—despite the fact that 3090 Ti < 4090 in raw capability. This demonstrates the efficiency of SDI, especially considering that it does not rely on pretrained priors. While SDI may require more iterations, this trade-off is acceptable. Notably, a single 3090 Ti is inefficient for training a diffusion prior on 320×320 images.\n\n2. **Performance Comparison**\n   SDI outperforms all other DIP-based methods (DIP, ASeq, IMJENSE) across all tasks and remains competitive with pretrained diffusion-prior-based approaches (DDNM, DPS, CSGM).  \n   In the four evaluated low-level vision tasks:  \n   * **DDNM** (a pretrained diffusion-prior-based method) achieves the best performance in 2× super-resolution and inpainting.\n   * **SDI** achieves the best results in motion deblurring and performs comparably to DDNM in 4× super-resolution.  \n   * While **SDI** is not specifically optimized for denoising, it still performs competitively—achieving results comparable to IR-SDE, which relies on a pretrained diffusion prior trained on large datasets.\n   \n   In MRI reconstruction:\n   * **SDI** outperforms all methods in the 4× acceleration task without ACS.\n   * **CSGM** is slightly better in the 6× acceleration task, while SDI and CSGM perform similarly in the 4× acceleration task.\n     Importantly, when the diffusion prior exhibits bias toward specific image distributions, SDI demonstrates superior generalization compared to CSGM. As shown in the MRI reconstruction comparison, priors trained on T2-weighted images performed poorly when applied to FLAIR images.\n\n3.  **Numerical results**\n   Unfortunately, the rebuttal PDF was cancelled, and we are only able to provide numerical results during the response phase. However, visual results for all tasks are included in our original submission and provide further qualitative evidence of SDI’s effectiveness.\n\n4. **Broader Contribution**\n   Beyond performance, SDI offers complementary value to pretrained-model-based approaches. It provides a flexible, self-supervised alternative that is especially advantageous in data-scarce scenarios or domains where biased priors may lead to serious consequences—such as in medical imaging. We sincerely appreciate your thoughtful consideration and your acknowledgment of the motivation behind SDI.\n   \nIf there are any other concerns, we are glad to clarify.\n\nBest regards,  \nThe Authors"
      },
      "replyto": "DHx4stBj4r"
    },
    {
      "type": "REVIEWER_COMMENT",
      "rid": "IgAa6ikaSK",
      "report": {
        "title": "",
        "main": "I have read all reviewers' comments and authors' responses. I would like to thank the authors, who provided several new numerical results that answer some of the reviewers' comments. Considering the limited performance gap on some tasks (e.g. denoising) compared to very high computational cost, I am still quite skeptical of the overall interest of the proposed methodology. However, I understand the authors' response formulated on paragraph 3 on (possibly not) available foundational models, and I agree with this comment.\nI have no further question."
      },
      "replyto": "S0P9fMmluD"
    },
    {
      "type": "AUTHOR_COMMENT",
      "rid": "zq4YYjuQvg",
      "report": {
        "title": "Thanks for acknowledgement",
        "main": "Dear Reviewer\n\nThanks for taking time to fill in the acknowledgement. Do you have any remaining concerns?"
      },
      "replyto": "zFI6LgIFOy"
    },
    {
      "type": "AUTHOR_COMMENT",
      "rid": "AYAL2fGNfT",
      "report": {
        "title": "",
        "main": "We thank you for taking time to read other reviews and rebuttals. We agree that the experiment in a noisier setting would make our work better. Therefore, we did two experiments in this rebuttal, i.e., one is MRI reconstruction under different noise levels and the other is denoising tasks for natural images, and the results are listed under reviewer rgwW, which shows SDI could work in that scenario, but performance gets worse."
      },
      "replyto": "i0RlwkB1Cs"
    },
    {
      "type": "REVIEWER_COMMENT",
      "rid": "dfx3miCICr",
      "report": {
        "title": "Thanks for the answer",
        "main": "I thank the authors for their answer. After having read the other reviews and the authors rebuttal, I still think the paper deserves to be published and I'll leave my rating as is. Meanwhile, I agree with reviezer rgwW on the fact that it would bring value to the paper to add more experiments in a noisy setting."
      },
      "replyto": "0P8kOjrKbr"
    },
    {
      "type": "AUTHOR_REBUTTAL",
      "rid": "S0P9fMmluD",
      "replyto": "DHx4stBj4r",
      "report": {
        "main": "## 1. Robustness to noise\nIn some well-regarded publications[1,2], the authors did tasks in the \"noiseless\" setting. In many cases, we obtain a degraded image $y$ that inherently includes noise and treated it as so-called \"noiseless\". Regarding the concerns of noise robustness, we did MRI reconstruction under different noise level. The results are shown in the table below.\n\n### MRI reconstruction under different noise level\nThe kspace data has a value range from 0 to 0.0055493987. We added Gaussian noise to the kspace data from 0.00001 to 0.00005. Due to change of rebuttal rules, we cannot further show the images for that, but we will include the results in our revised paper. \n|Noise Level|PSNR|SSIM|\n|-|-|-|\n|0.00001|32.71|0.6741|\n|0.00002|29.01|0.5531|\n|0.00003|26.69|0.4781|\n|0.00004|24.92|0.4071|\n|0.00005|23.85|0.3819|\n\n### Denoising task\nFurthermore, we included denoising results on the test sets of CBSD68[7] with noise level $\\sigma = 25$ here. \n\n|Method|PSNR↑|LPIPS↓|SSIM↑|\n|-|-|-|-|\n|DIP|25.44|0.307|0.6602|\n|FFDNET|**31.22**|0.121|**0.8821**|\n|IR-SDE[8]|28.09|**0.101**|0.7866|\n|SDI|28.10|0.207|0.7860|\n\nIn addition to the numerical metrics presented in the main paper, we provided extensive visual comparisons in the appendix across tasks and settings—including denoising, super-resolution, and inpainting—to offer a more complete picture of SDI’s performance.\n\n## 2. Comparison with pre-trained model based methods\nWe used DPS[1] and DDNM[2] to perform the low-level vision tasks and CSGM[3] to perform MRI reconstruction tasks on the datasets used in our submission. This serves as a comparison of the proposed algorithm with the pre-trained model based methods. Due to the limited space, please refer to results table under Reviewer UXaL.\n\n## 3. Why not use foundational models\nThe strength of SDI lies in its data-agnostic and pretrained-model-free nature, though it is computationally expensive. While pretrained models can offer powerful priors, they are often trained on specific datasets and may not generalize well across different modalities or data distributions. As demonstrated in the MRI reconstruction experiments, priors trained on T2-weighted images performed poorly when applied to FLAIR images, highlighting the risk of domain-specific bias.\n\nMoreover, foundational models are not always available or practical to use—particularly in domains like radar imaging or for very high-resolution images (e.g., 3000×1500 pixels), where pretrained solutions may be lacking or computationally infeasible. In contrast, SDI does not rely on external training data and can adapt directly to the observed image, making it especially useful for tasks in underrepresented or out-of-distribution scenarios.\n\nTherefore, SDI offers a valuable complement to pretrained models by providing a flexible, unbiased alternative when domain-specific priors are unavailable, ineffective, or inappropriate.\n\n## 4. Computational cost\nSDI achieves strong performance but at a relatively high computational cost. As shown in the table below, we provide a detailed runtime comparison across various methods and tasks. Methods like Aseq, DIP, and SDI all employ the same U-Net architecture with 88 million parameters.\n|Method|Task, Size|Iter/sec|Toatal iterations|GPU info|\n|-|-|-|-|-|\n|IMJENSE|MRI reconstruction, 320x320|11.92|1500|NVIDIA RTX 4090,  24GB|\n|Aseq|MRI reconstruction, 320x320|16.94|2000|NVIDIA RTX 3090 Ti, 24GB|\n|DIP|MRI reconstruction, 320x320|16.94|2000|NVIDIA RTX 3090 Ti, 24GB|\n|CSGM|MRI reconstruction, 320x320|11.39|1156|NVIDIA RTX 4090, 24GB|\n|wo noise SDI|MRI reconstruction, 320x320|16.94|2000|NVIDIA RTX 3090 Ti, 24GB|\n|SDI|MRI reconstruction, 320x320|16.94|2000|NVIDIA RTX 3090 Ti, 24GB|\n|DPS|low-level vision, 256x256|8.31|1000|NVIDIA RTX 4090, 24GB|\n|DDNM|low-level vision, 256x256|19.64|100|NVIDIA RTX 4090, 24GB|\n|SDI|low-level vision, 256x256|38.73|6000|NVIDIA RTX 3090 Ti, 24GB|\n|SDI|large image inpainting, 1500x2500|1.25|20000|NVIDIA RTX 3090 Ti, 24GB|\n\n## 5. Hyperparameters selection (convergence issues)\nThe table shows PSNR (dB) values for different $K$ (iterations) and $T$ (noise steps) combinations when reconstructing a MRI image (396x396) from a 6x-undersampled kspace.\n\n|Step, T\\Iteration, K|25|50|75|100|150|200|300|400|500|\n|-|-|-|-|-|-|-|-|-|-|\n|T=10|24.65|28.89|31.16|33.12|34.41|35.11|**35.95**|**35.96**|**36.06**|\n|T=20|29.35|33.27|34.04|35.30|35.69|**36.15**|**36.33**|**36.02**|**36.24**|\n|T=40|32.13|34.54|35.60|**35.96**|**36.19**|**36.17**|**36.07**|**36.04**|**36.11**|\n\n### Observations\n1. **Trend with $K$**: For each fixed $T$, PSNR generally increases with $K$ up to a certain point, then plateaus or slightly declines. \n2. **Effect of $T$**: Higher $T$ values tend to yield higher PSNR at lower $K$, but the advantage diminishes as $K$ increases. \n3. **Plateau and Decline**: After reaching a peak (e.g., 36.33 at $K=300, T=20$), PSNR tends to stabilize or decrease slightl\n4. **Computational Cost**: Total iterations ($K \\times T$) range from 250 ($K=25, T=10$) to 20000 ($K=500, T=40$). Generally, the more iterations, the higher PSNR before plateauing.\n\nTherefore, when choosing hyperparameters, first select $K$ to balance performance and computational cost, then consider $T$ for optimal PSNR.\n\n## 6. Structure of U-Net\nThe implementation of U-Net is from Aseq[4]. We will mention it in our reviesed paper.\n\n## 7. Piecewise stochastic process\nThe term *“piecewise stochastic process”* refers to how our self-diffusion procedure alternates between fixed-noise optimization steps and noise resampling across those steps. Specifically, within each noise step $t$, the Gaussian noise $\\epsilon_t \\sim \\mathcal{N}(0, I)$ is sampled once and held fixed for all $K$ gradient descent iterations of the denoiser. At the next step $t - 1$, the noise is resampled, which introduces stochasticity at the inter-step level. This leads to a process that is deterministic within each timestep but stochastic across time—a *piecewise stochastic* trajectory.\n\nIn the continuous-time limit, this behavior is modeled as a **stochastic differential equation (SDE)**:\n\n$$\nd\\mathbf{x}_t = (\\mathbf{x}_t - \\mathbf{x}^\\text{true}) dt + \\sigma(t) d\\mathbf{W}(t),\n$$\n\nwhere the Wiener process $\\mathbf{W}(t)$ captures the noise resampling. The drift term encourages convergence toward $\\mathbf{x}^\\text{true}$, while the diffusion term captures the structured noise injection.\n\n## 8. Convergence statement\nWe agree that the assumptions (e.g., idealized denoiser performance, bounded iterate norms, small denoiser error) were introduced informally. In the revised version, we will state these assumptions explicitly before the derivation and clearly separate them from the proof steps to clarify the argument’s scope and structure. We also agree that the convergence result should be formally stated as a theorem or proposition. Our intent was to provide intuition under a simplified setting rather than a fully general proof. We will revise the text to reflect this and clarify that the analysis illustrates plausible convergence behavior under idealized, interpretable conditions.\n\n## 9. Discussion on results\nWe agree that our discussion of the results, particularly in Sections 4.1 and 4.3, was limited. We appreciate the reviewer’s observation about the inpainting results—indeed, in some cases (e.g., Fig. 10, row 4), we could obeserve that SDI understand the image better.  \nIn the revised version, we will also expand the discussion to cover computational cost, hyperparameter selection, and the comparison with pretrained-model-based approaches—topics already addressed in this rebuttal.\n## 10. Unclear sentences\n\n1. Thereafter, supervised learning approaches, since deep neural networks have gained popularity, are used to learn mappings from large datasets of input-output pairs [5, 6].\n\n2. the predicted solution converges to the true solution under the Theorem 1 in Heckel and Soltanolkotabi (2020)\n\n3. This sentence includes many domain-specific terms. We are sorry we could not explain one by one due to the limited space. For more details, please refer to www.mriquestions.com .\n    \n    `The ... 4x/6x along the phase-encoding.... ACS lines are set to 20. The... directions.`\n   \n4. Radar detects barrier and non-barrier in its coverage area.\n   \n   `This is a typical... U-Net to a sigmoid activation function.`\n\n5. Heckel and Soltanolkotabi (2020) showed that if there exists a unique true image consistent with the measurements, then an untrained network can recover it by leveraging structural properties such as piecewise smoothness and low-frequency dominance, which are implicitly captured by the network during optimization.\n## 12. Answer to remaining questions\n1. Aseq[4] and IMJENSE[11] are DIP-based methods, published in NIPS and IEEE TMI respectively. They does not rely on pretrained priors.\n2. The curvature regularizer arises from the second-order term in the Taylor expansion of the expected loss under input noise (see Appendix C.1). This term takes the form: $$\\sigma(t)^2 \\cdot \\mathrm{Tr}(A \\nabla^2 D_{\\theta}(x_t) A^\\top),$$  \nwhere $\\nabla^2 D_{\\theta}(x_t)$ is the Hessian of the denoiser with respect to its input. Intuitively, this trace penalizes the curvature of the network’s output along directions relevant to the forward operator $A$. In the Fourier domain (Appendix C.2), high-frequency components correspond to larger second derivatives, i.e., higher curvature. Therefore, the regularizer imposes a stronger penalty on high-frequency content.\n3. We stopped the injection of noise at each time step and dubbed the method as \"wo noise SDI\".\n## 12. Minors\nWe corrected the typos in the text, introduced notation $\\theta_{t,k}$, and also included $x_T^{true} \\sim \\mathcal{N}(0,I)$ in Algorithm 1. \n## 13. Some Refs listed under Reviewer kzzf.   \n[9] R. Feng et al., \"IMJENSE: Scan-Specific Implicit Representation for Joint Coil Sensitivity and Image Estimation in Parallel MRI,\" in IEEE TMI, 2023."
      }
    },
    {
      "type": "AUTHOR_REBUTTAL",
      "rid": "0P8kOjrKbr",
      "replyto": "i0RlwkB1Cs",
      "report": {
        "main": "## Hyperparameter selection\n\nThanks for raising the importance of hyperparameter selection. The table shows PSNR (dB) values for different $K$ (iterations) and $T$ (noise steps) combinations when reconstructing a MRI image from a six-times undersampled kspace (396x396x16).\n\n| Step, T\\Iteration, K | 25    | 50    | 75    | 100       | 150       | 200       | 300       | 400       | 500       |\n|----------------------|-------|-------|-------|-----------|-----------|-----------|-----------|-----------|-----------|\n| T=10                 | 24.65 | 28.89 | 31.16 | 33.12     | 34.41     | 35.11     | **35.95** | **35.96** | **36.06** |\n| T=20                 | 29.35 | 33.27 | 34.04 | 35.30     | 35.69     | **36.15** | **36.33** | **36.02** | **36.24** |\n| T=40                 | 32.13 | 34.54 | 35.60 | **35.96** | **36.19** | **36.17** | **36.07** | **36.04** | **36.11** |\n\n### Observations\n1. **Trend with $K$**: For each fixed $T$, PSNR generally increases with $K$ up to a certain point, then plateaus or slightly declines. \n2. **Effect of $T$**: Higher $T$ values tend to yield higher PSNR at lower $K$, but the advantage diminishes as $K$ increases. \n3. **Plateau and Decline**: After reaching a peak (e.g., 36.33 at $K=300, T=20$), PSNR tends to stabilize or decrease slightl\n4. **Computational Cost**: Total iterations ($K \\times T$) range from 250 ($K=25, T=10$) to 20000 ($K=500, T=40$). Generally, the more iterations, the higher PSNR before plateauing.\n\nTherefore, when choosing hyperparameters, first select $K$ to balance performance and computational cost, then consider $T$ for optimal PSNR.\n\n## Multiscale Behavior\nThe multiscale behavior is supported by the supplementary materials for 1D simulation experiment in Section 3, which includes animation illustrating the spectra evolution. We cannot further show Fourier spectra evolution of 2D image to quantify low-to-high frequency reconstruction due to the new rules of rebuttal, but we will include it in our revised paper.\n\n## Limitation: computational cost\n\nOne limitation we will mentioned is that the performance of the proposed algorithm comes with a high computational cost. We included a comprehensive runtime comparison in the table below. Methods like Aseq, DIP and SDI use the same U-Net of 88M parameters for all the tasks. The newly developed pre-trained model based method, DDNM, is very efficient, which requires only 100 evaluations, while most DIP-based methods require thousands of NFEs.\n\n| Method       | Task, Image size                  | Iter/sec | Toatal iterations  | GPU info         |\n|--------------|-------------------------    |----------|-------------------|-----------------------|\n| IMJENSE      | MRI reconstruction, 320x320 | 11.92    | 1500            | NVIDIA RTX 4090,  24GB  |\n| Aseq         | MRI reconstruction, 320x320 | 16.94    | 2000            | NVIDIA RTX 3090 Ti, 24GB |\n| DIP          | MRI reconstruction, 320x320 | 16.94    | 2000            | NVIDIA RTX 3090 Ti, 24GB |\n| CSGM         | MRI reconstruction, 320x320 | 11.39    | 1156            | NVIDIA RTX 4090, 24GB |\n| wo noise SDI | MRI reconstruction, 320x320 | 16.94    | 2000            | NVIDIA RTX 3090 Ti, 24GB |\n| SDI          | MRI reconstruction, 320x320 | 16.94    | 2000            | NVIDIA RTX 3090 Ti, 24GB |\n| DPS          | low-level vision, 256x256   | 8.31     | 1000            | NVIDIA RTX 4090, 24GB |\n| DDNM         | low-level vision, 256x256   | 19.64    | 100             | NVIDIA RTX 4090, 24GB |\n| SDI          | low-level vision, 256x256   | 38.73    | 6000            | NVIDIA RTX 3090 Ti, 24GB |\n| SDI          | large image inpainting, 1500x2500 | 1.25 | 20000         | NVIDIA RTX 3090 Ti, 24GB |"
      }
    },
    {
      "type": "AUTHOR_REBUTTAL",
      "rid": "kuRc6NcFsF",
      "replyto": "zFI6LgIFOy",
      "report": {
        "main": "## 1. Comparison with pre-trained model based methods\nWe used DPS[1] and DDNM[2] to perform the low-level vision tasks and CSGM[3] to perform MRI reconstruction tasks on the datasets used in our submission. This serves as a comparison of the proposed algorithm with the pre-trained model based methods. The results are shown in the tables below. Generally, methods could recover high frequency details better with pre-trained prior models. Due to the rules of rebuttal, we cannot show the images for that, but we will include the results in the revised paper.\n\n### a. low-level vision tasks\nDDNM has the best performance over all tasks using only 100 network forward evaluations (NFEs) except for motion deblurring. But DDNM does not provide motion deblurring in their official reposity and we did not tune our implementation for that task thoroughly. Surprisingly, DPS does not perform close to the performance of DDNM using thousands of NFEs. This is consistent with the results that published in Aseq paper[4].\n\n| Method | 2× SR<br>PSNR↑/SSIM↑/NRMSE↓/LPIPS↓ | 4× SR<br>PSNR↑/SSIM↑/NRMSE↓/LPIPS↓ | Motion<br>PSNR↑/SSIM↑/NRMSE↓/LPIPS↓ | Inpainting<br>PSNR↑/SSIM↑/NRMSE↓/LPIPS↓ |\n|--------|-------|-------|--------|------------|\n| Aseq | 27.26/0.8359/0.0531/0.2141 | 24.14/0.7535/0.0719/0.3238 | 22.65/0.6886/0.084/0.4007 | 28.06/0.8589/0.0516/0.1788 |\n| DIP | 29.06/0.853/0.0388/0.0994 | 24.55/0.6855/0.065/0.3046 | 25.94/0.7375/0.0589/0.2522 | 29.41/0.931/0.0384/0.0684 |\n| DPS | 22.68/0.6685/0.0895/0.3655 | 20.32/0.5516/0.1099/0.4599 | 21.84/0.5981/0.0943/0.3394 | 25.67/0.7634/0.0635/0.267 |\n| DDNM | **31.44**/**0.9199**/**0.031**/**0.0346** | **26.44**/**0.8117**/**0.0541**/**0.203** | 22.40/0.6838/0.0886/0.3998 | **34.04**/**0.9718**/**0.023**/**0.0173** |\n| w/o noise SDI | 26.97/0.8852/0.0543/0.0907 | 24.09/0.7583/0.0704/0.2992 | 26.92/0.8202/0.0513/0.2375 | 25.42/0.884/0.0804/0.1037 |\n| SDI | 30.3/0.9186/0.0351/0.0858 | 25.82/0.811/0.0585/0.2563 | **27.76**/**0.8459**/**0.0481**/**0.2071** | 30.78/0.9296/0.0422/0.0534 |\n\n### b. MRI reconstruction\n\nFastMRI dataset is used in this experiment, which has T2 and FLAIR contrast images.\nThe diffusion model released by CSGM[3] was pretrained on T2 contrast images. CSGM performs the best in the reconstruction of T2 contrast images except in the case without ACS lines. CSGM requires 1150 NFEs, while the other pre-trained models based methods[5,6] could achieve better performance even without ACS lines using less NFEs.\nWhen CSGM apply this pre-trained model to FLAIR images, its performance is not as good as T2 contrast images. However, this does not mean that SDI is superior to pre-trained models. Further comparison would lead to a more domain-specific discussion. We may not provide further comparisons during this rebuttal session.\n\n***Reconstruction quality comparison for T2 contrast***\n| Method | 4×<br>PSNR↑/SSIM↑/NRMSE↓ | 6×<br>PSNR↑/SSIM↑/NRMSE↓ | 4× w/o ACS<br>PSNR↑/SSIM↑/NRMSE↓ |\n|--------|--------|--------|--------|\n| IMJENSE | 37.89/0.9650/0.0141 | 34.04/0.9434/0.0211 | N/A |\n| Aseq | 31.71/0.8867/0.0295 | 28.93/0.8423/0.0390 | 30.40/0.8693/0.0349 |\n| DIP | 37.66/0.9644/0.0147 | 33.85/0.9438/0.0214 | 36.05/0.9523/0.0201 |\n| CSGM | **38.78**/**0.9693**/**0.0119** | **37.55**/**0.9636**/**0.0136** | 34.00/0.9376/0.0208 |\n| wo_noise_SDI | 38.30/0.9683/0.0135 | 35.11/0.9519/0.0186 | 36.55/0.9543/0.0191 |\n| SDI | 38.08/0.9681/0.0131 | 35.83/0.9555/0.0166 | **37.66**/**0.9620**/**0.0152** |\n\n\n***Reconstruction quality comparison for FLAIR contrast***\n| Method | 4×<br>PSNR↑/SSIM↑/NRMSE↓ | 6×<br>PSNR↑/SSIM↑/NRMSE↓ | 4× w/o ACS<br>PSNR↑/SSIM↑/NRMSE↓ |\n|--------|--------|--------|--------|\n| IMJENSE | 37.68/0.9493/0.0144 | 34.63/0.9268/0.0201 | N/A |\n| Aseq | 31.09/0.8735/0.0307 | 28.33/0.8263/0.0416 | 30.0/0.8579/0.0345 |\n| DIP | 37.28/0.9473/0.0154 | 34.18/0.9217/0.0213 | 35.67/0.9389/0.0184 |\n| CSGM | 37.41/0.9435/0.0153 | 35.46/0.9286/0.0190| 32.53/0.9015/0.0262 |\n| w/o noise SDI | 37.95/**0.9572**/0.0138 | 35.21/0.9367/0.0187 | 36.39/**0.9454**/0.0164 |\n| SDI | **38.41**/0.9564/**0.0131** | **35.81**/**0.9387**/**0.0175** | **37.18**/0.9408/**0.0151** |\n\n\n## 2. Running Time Comparison for different methods\nThank you for raising the concern about computation cost. We included a comprehensive runtime comparison in the table below. Methods like Aseq, DIP and SDI use the same U-Net of 88M parameters for all the tasks. The newly developed pre-trained model based method, DDNM, is very efficient, which requires only 100 iterations, while most DIP-based methods require thousands.\n\n\n| Method       | Task, Image size                  | Iter/sec | Toatal iterations  | GPU info         |\n|--------------|-------------------------    |----------|-------------------|-----------------------|\n| IMJENSE      | MRI reconstruction, 320x320 | 11.92    | 1500            | NVIDIA RTX 4090,  24GB  |\n| Aseq         | MRI reconstruction, 320x320 | 16.94    | 2000            | NVIDIA RTX 3090 Ti, 24GB |\n| DIP          | MRI reconstruction, 320x320 | 16.94    | 2000            | NVIDIA RTX 3090 Ti, 24GB |\n| CSGM         | MRI reconstruction, 320x320 | 11.39    | 1156            | NVIDIA RTX 4090, 24GB |\n| wo noise SDI | MRI reconstruction, 320x320 | 16.94    | 2000            | NVIDIA RTX 3090 Ti, 24GB |\n| SDI          | MRI reconstruction, 320x320 | 16.94    | 2000            | NVIDIA RTX 3090 Ti, 24GB |\n| DPS          | low-level vision, 256x256   | 8.31     | 1000            | NVIDIA RTX 4090, 24GB |\n| DDNM         | low-level vision, 256x256   | 19.64    | 100             | NVIDIA RTX 4090, 24GB |\n| SDI          | low-level vision, 256x256   | 38.73    | 6000            | NVIDIA RTX 3090 Ti, 24GB |\n| SDI          | large image inpainting, 1500x2500 | 1.25 | 20000         | NVIDIA RTX 3090 Ti, 24GB |\n\n## 3. Perception metrics\nWe add LPIPS metric for low-level vision tasks. But the source code of LPIPS for MRI images in the given reference is not available. We will find a suitable for the revised paper.\n\n## 4. Hyperparameter sensitivity\n\nThe table shows PSNR (dB) values for different $K$ (iterations) and $T$ (noise steps) combinations when reconstructing an MRI image from a 6x-undersampled kspace.\n\n| Step, T\\Iteration, K | 25    | 50    | 75    | 100       | 150       | 200       | 300       | 400       | 500       |\n|----------------------|-------|-------|-------|-----------|-----------|-----------|-----------|-----------|-----------|\n| T=10                 | 24.65 | 28.89 | 31.16 | 33.12     | 34.41     | 35.11     | **35.95** | **35.96** | **36.06** |\n| T=20                 | 29.35 | 33.27 | 34.04 | 35.30     | 35.69     | **36.15** | **36.33** | **36.02** | **36.24** |\n| T=40                 | 32.13 | 34.54 | 35.60 | **35.96** | **36.19** | **36.17** | **36.07** | **36.04** | **36.11** |\n\n### a. Observations\n1. **Trend with $K$**: For each fixed $T$, PSNR generally increases with $K$ up to a certain point, then plateaus or slightly declines. \n2. **Effect of $T$**: Higher $T$ values tend to yield higher PSNR at lower $K$, but the advantage diminishes as $K$ increases. \n3. **Plateau and Decline**: After reaching a peak (e.g., 36.33 at $K=300, T=20$), PSNR tends to stabilize or decrease slightl\n4. **Computational Cost**: Total iterations ($K \\times T$) range from 250 ($K=25, T=10$) to 20000 ($K=500, T=40$). Generally, the more iterations, the higher PSNR before plateauing.\n\nTherefore, when choosing hyperparameters, first select $K$ to balance performance and computational cost, then consider $T$ for optimal PSNR.\n\n### b. DIP Baselines\n\nThe DIP used in our submission is enhanced with TV regularization. The results in the table below show the PSNR (dB) and SSIM values for DIP with and without TV regularization, when performing the same MRI reconstruction task in the previous table. Without TV regularization, the network can overfit to the data very quickly, leading to low PSNR. When evaluating DIP on each dataset used in our submission, we first tune the hyperparameters for one sample and then use the same hyperparameters for all samples.\n\n| Method    | Iter=250 | Iter=500 | Iter=750 | Iter=1000 | Iter=2000 | Iter=3000 | Iter=4000 | \n|-----------|-------|-------|-------|-------|-------|-------|-------|\n| DIP w/ TV | 31.1610/0.8138 | 32.2094/0.8342 | 33.9467/0.8531 | 34.6047/0.8613 | 35.1507/0.8783 | 33.6402/0.7990 | 35.5463/0.8466 | \n| DIP w/o TV | 29.8827/0.8418 | 30.2350/0.8199 | 29.8380/0.7951 | 29.6209/0.7761 | 28.9668/0.6701 | 28.0941/0.5870 | 26.8794/0.5366 |\n\n|Method    | Iter=5000 | Iter=6000 | Iter=7000 | Iter=8000 | Iter=9000 | Iter=10000 |\n|-------|-------|-------|-------|-------|-------|-------|\n| DIP w/ TV  | 35.6637/0.8548 | 35.6827/0.8644 | 35.6032/0.8728 | 35.3603/0.8779 | 35.4510/0.8861 | 35.3384/0.8923 |\n| DIP w/o TV | 26.0204/0.5049 | 25.3416/0.4552 | 24.3752/0.4192 | 23.8758/0.4003 | 23.4355/0.3849 | 22.8755/0.3619 |\n\n[1] H. Chung et al., \"Diffusion Posterior Sampling for General Noisy Inverse Problems,\" in ICLR, 2023.  \n[2] Wang, Yinhuai, Jiwen Yu, and Jian Zhang. \"Zero-shot image restoration using denoising diffusion null-space model.\" in ICLR, 2023.  \n[3] A. Jalal, et al., \"Robust Compressed Sensing MRI with Deep Generative Priors,\" in NIPS, 2021.  \n[4] Alkhouri, Ismail, et al. \"Image reconstruction via autoencoding sequential deep image prior.\" in NIPS, 2024.  \n[5] Luo, Guanxiong, et al. \"Bayesian MRI reconstruction with joint uncertainty estimation using diffusion models.\" MRM 90.1 (2023): 295-311.  \n[6] Huang, Shoujin, et al. \"Noise level adaptive diffusion model for robust reconstruction of accelerated mri.\" in MICCAI, 2024."
      }
    },
    {
      "type": "AUTHOR_REBUTTAL",
      "rid": "E7PjtL5anO",
      "replyto": "frop6j6qPs",
      "report": {
        "main": "## 1. Hyperparameter selection and DIP baselines\n\nThe table shows PSNR (dB) values for different $K$ (iterations) and $T$ (noise steps) combinations when reconstructing an MRI image from a 6x-undersampled kspace.\n\n|Step, T\\Iteration, K|25|50|75|100|150|200|300|400|500|\n|-|-|-|-|-|-|-|-|-|-|\n|T=10|24.65|28.89|31.16|33.12|34.41|35.11|**35.95**|**35.96**|**36.06**|\n|T=20|29.35|33.27|34.04|35.30|35.69|**36.15**|**36.33**|**36.02**|**36.24**|\n|T=40|32.13|34.54|35.60|**35.96**|**36.19**|**36.17**|**36.07**|**36.04**|**36.11**|\n\n### a. Observations\n1. **Trend with $K$**: For each fixed $T$, PSNR generally increases with $K$ up to a certain point, then plateaus or slightly declines. \n2. **Effect of $T$**: Higher $T$ values tend to yield higher PSNR at lower $K$, but the advantage diminishes as $K$ increases. \n3. **Plateau and Decline**: After reaching a peak (e.g., 36.33 at $K=300, T=20$), PSNR tends to stabilize or decrease slightl\n4. **Computational Cost**: Total iterations ($K \\times T$) range from 250 ($K=25, T=10$) to 20000 ($K=500, T=40$). Generally, the more iterations, the higher PSNR before plateauing.\n\nTherefore, when choosing hyperparameters, first select $K$ to balance performance and computational cost, then consider $T$ for optimal PSNR.\n\n### b. DIP Baselines\n\nThe DIP used in our submission is enhanced with TV regularization. The results in the table below show the PSNR (dB) and SSIM values for DIP with and without TV regularization, when performing the same MRI reconstruction task in the previous table. Without TV regularization, the network can overfit to the data very quickly, leading to low PSNR. When evaluating DIP on each dataset used in our submission, we first tune the hyperparameters for one sample and then use the same hyperparameters for all samples.\n\n|Method|Iter=250|Iter=500|Iter=750|Iter=1000|Iter=2000|Iter=3000|Iter=4000|\n|-|-|-|-|-|-|-|-|\n|DIP w/ TV|31.1610/0.8138|32.2094/0.8342|33.9467/0.8531|34.6047/0.8613|35.1507/0.8783|33.6402/0.7990|35.5463/0.8466|\n|DIP w/o TV|29.8827/0.8418|30.2350/0.8199|29.8380/0.7951|29.6209/0.7761|28.9668/0.6701|28.0941/0.5870|26.8794/0.5366|\n\n|Method|Iter=5000|Iter=6000|Iter=7000|Iter=8000|Iter=9000|Iter=10000|\n|-|-|-|-|-|-|-|\n|DIP w/ TV|35.6637/0.8548|35.6827/0.8644|35.6032/0.8728|35.3603/0.8779|35.4510/0.8861|35.3384/0.8923|\n|DIP w/o TV|26.0204/0.5049|25.3416/0.4552|24.3752/0.4192|23.8758/0.4003|23.4355/0.3849|22.8755/0.3619|\n\n## 2. Comparison with pre-trained model based methods\n\nSuggested by the Reviewer UXaL, we used DPS[1] and DDNM[2] to perform the low-level vision tasks and CSGM[3] to perform MRI reconstruction tasks on the datasets used in our submission. This serves as a comparison of the proposed algorithm with the pre-trained model based methods. The results are shown in the tables below.\n\n### a. low-level vision tasks\nDDNM has the best performance over all tasks using only 100 network forward evaluations (NFEs) except for motion deblurring. But DDNM does not provide motion deblurring in their official reposity and we did not tune our implementation for that task thoroughly. Surprisingly, DPS does not perform close to the performance of DDNM using thousands of NFEs. This is consistent with the results that published in Aseq paper[4].\n\n|Method|2× SR<br>PSNR↑/SSIM↑/NRMSE↓/LPIPS↓|4× SR<br>PSNR↑/SSIM↑/NRMSE↓/LPIPS↓|Motion<br>PSNR↑/SSIM↑/NRMSE↓/LPIPS↓|Inpainting<br>PSNR↑/SSIM↑/NRMSE↓/LPIPS↓|\n|-|-|-|-|-|\n|Aseq|27.26/0.8359/0.0531/0.2141|24.14/0.7535/0.0719/0.3238|22.65/0.6886/0.084/0.4007|28.06/0.8589/0.0516/0.1788|\n|DIP|29.06/0.853/0.0388/0.0994|24.55/0.6855/0.065/0.3046|25.94/0.7375/0.0589/0.2522|29.41/0.931/0.0384/0.0684|\n|DPS|22.68/0.6685/0.0895/0.3655|20.32/0.5516/0.1099/0.4599|21.84/0.5981/0.0943/0.3394|25.67/0.7634/0.0635/0.267|\n|DDNM|**31.44**/**0.9199**/**0.031**/**0.0346**|**26.44**/**0.8117**/**0.0541**/**0.203**|22.40/0.6838/0.0886/0.3998|**34.04**/**0.9718**/**0.023**/**0.0173**|\n|w/o noise SDI|26.97/0.8852/0.0543/0.0907|24.09/0.7583/0.0704/0.2992|26.92/0.8202/0.0513/0.2375|25.42/0.884/0.0804/0.1037|\n|SDI|30.3/0.9186/0.0351/0.0858|25.82/0.811/0.0585/0.2563|**27.76**/**0.8459**/**0.0481**/**0.2071**|30.78/0.9296/0.0422/0.0534|\n\n### b. MRI reconstruction\n\nFastMRI dataset is used in this experiment, which has T2 and FLAIR contrast images.\nThe diffusion model released by CSGM[3] was pretrained on T2 contrast images. CSGM performs the best in the reconstruction of T2 contrast images except in the case without ACS lines. CSGM requires 1150 NFEs, while the other pre-trained models based methods[5,6] could achieve better performance even without ACS lines using less NFEs.\nWhen CSGM apply this pre-trained model to FLAIR images, its performance is not as good as T2 contrast images. However, this does not mean that SDI is superior to pre-trained models. Further comparison would lead to a more domain-specific discussion. We may not provide further comparisons during this rebuttal session.\n\n***Reconstruction quality comparison for T2 contrast***\n|Method|4×<br>PSNR↑/SSIM↑/NRMSE↓|6×<br>PSNR↑/SSIM↑/NRMSE↓|4× w/o ACS<br>PSNR↑/SSIM↑/NRMSE↓|\n|-|-|-|-|\n|IMJENSE|37.89/0.9650/0.0141|34.04/0.9434/0.0211|N/A|\n|Aseq|31.71/0.8867/0.0295|28.93/0.8423/0.0390|30.40/0.8693/0.0349|\n|DIP|37.66/0.9644/0.0147|33.85/0.9438/0.0214|36.05/0.9523/0.0201|\n|CSGM|**38.78**/**0.9693**/**0.0119**|**37.55**/**0.9636**/**0.0136**|34.00/0.9376/0.0208|\n|wo_noise_SDI|38.30/0.9683/0.0135|35.11/0.9519/0.0186|36.55/0.9543/0.0191|\n|SDI|38.08/0.9681/0.0131|35.83/0.9555/0.0166|**37.66**/**0.9620**/**0.0152**|\n\n\n***Reconstruction quality comparison for FLAIR contrast***\n|Method|4×<br>PSNR↑/SSIM↑/NRMSE↓|6×<br>PSNR↑/SSIM↑/NRMSE↓|4× w/o ACS<br>PSNR↑/SSIM↑/NRMSE↓|\n|-|-|-|-|\n|IMJENSE|37.68/0.9493/0.0144|34.63/0.9268/0.0201|N/A|\n|Aseq|31.09/0.8735/0.0307|28.33/0.8263/0.0416|30.0/0.8579/0.0345|\n|DIP|37.28/0.9473/0.0154|34.18/0.9217/0.0213|35.67/0.9389/0.0184|\n|CSGM|37.41/0.9435/0.0153|35.46/0.9286/0.0190|32.53/0.9015/0.0262|\n|w/o noise SDI|37.95/**0.9572**/0.0138|35.21/0.9367/0.0187|36.39/**0.9454**/0.0164|\n|SDI|**38.41**/0.9564/**0.0131**|**35.81**/**0.9387**/**0.0175**|**37.18**/0.9408/**0.0151**|\n\n\n## 3. Denoising task\nWe did denoising tasks on the test sets of CBSD68[7] with noise level $\\sigma = 25$ and the results are shown in the table below. Note that the total steps of IR-SDE[8] is 100, while the Denoising SDE/ODE only require 22 steps to recover the clean image.\n\n|Method|PSNR↑|LPIPS↓|SSIM↑|\n|-|-|-|-|\n|DIP|25.44|0.307|0.6602|\n|FFDNET|**31.22**|0.121|**0.8821**|\n|IR-SDE|28.09|**0.101**|0.7866|\n|SDI|28.10|0.207|0.7860|\n\n## 4. Apply SDI to a large image\nWe performed inpainting task on a noisy image of 2500$\\times$1500 pixels on a NVIDIA GeForce RTX 3090 Ti with 24GB memory, setting T=40, K=500. The training speed is 1.2it/s and the total time is around 4 hrs and 40 mins. The network has 88M parameters. Due to rebuttal rules, we cannot show the impressive inpainting results here. But we will include them in our revised paper.\n\n## 5. Why step-to-step instead of end-to-end?\nThe step-by-step approach in self-diffusion is motivated by the diffusion process’s ability to progressively refine estimates from low to high frequencies. This avoids premature convergence issues seen in single-step DIP and we explained it from the perspective of regulated spectral bias. Other unrolling network based methods adopt end-to-end training for a specific task and may be not have adaptability to diverse forward operators in inverse problems with a single pre-trained model.\n\n## 6. Ablation study\nWe did the ablation study by stopping the injection of noise at each time step and dubbed the method as \"wo noise SDI\". But we did not do ablation study for the U-Net used in SDI.\n\n## 7. Computational cost \nWe included a comprehensive runtime comparison in the table below. Methods like Aseq, DIP and SDI use the same U-Net of 88M parameters for all the tasks. The newly developed pre-trained model based method, DDNM, is very efficient, which requires only 100 iterations, while most DIP-based methods require thousands of iterations.\n\n|Method|Task, Image size|Iter/sec|Toatal iterations|GPU info|\n|-|-|-|-|-|\n|IMJENSE|MRI recon, 320x320|11.92|1500|RTX 4090,  24GB|\n|Aseq|MRI recon, 320x320|16.94|2000|RTX 3090 Ti, 24GB|\n|DIP|MRI recon, 320x320|16.94|2000|RTX 3090 Ti, 24GB|\n|CSGM|MRI recon, 320x320|11.39|1156|RTX 4090, 24GB|\n|wo noise SDI|MRI recon, 320x320|16.94|2000|RTX 3090 Ti, 24GB|\n|SDI|MRI recon, 320x320|16.94|2000|RTX 3090 Ti, 24GB|\n|DPS|low-level vision, 256x256|8.31|1000|RTX 4090, 24GB|\n|DDNM|low-level vision, 256x256|19.64|100|RTX 4090, 24GB|\n|SDI|low-level vision, 256x256|38.73|6000|RTX 3090 Ti, 24GB|\n|SDI|large image inpainting, 1500x2500|1.25|20000|RTX 3090 Ti, 24GB|\n\n## 8. Non-linear inverse problems\nWe are working on the non-linear inversion for MRI reconstruction using SDI. It is feasible, but we won't focus on it in this rebuttal. \n\n[1] H. Chung et al., \"Diffusion Posterior Sampling for General Noisy Inverse Problems,\" in ICLR, 2023.  \n[2] Wang, Yinhuai, Jiwen Yu, and Jian Zhang. \"Zero-shot image restoration using denoising diffusion null-space model.\" in ICLR, 2023.  \n[3] A. Jalal, et al., \"Robust Compressed Sensing MRI with Deep Generative Priors,\" in NIPS, 2021.  \n[4] Alkhouri, Ismail, et al. \"Image reconstruction via autoencoding sequential deep image prior.\" in NIPS, 2024.  \n[5] Luo, Guanxiong, et al. \"Bayesian MRI reconstruction with joint uncertainty estimation using diffusion models.\" MRM 90.1 (2023): 295-311.  \n[6] Huang, Shoujin, et al. \"Noise level adaptive diffusion model for robust reconstruction of accelerated mri.\" in MICCAI, 2024.  \n[7] Martin, David, et al. \"A database of human segmented natural images and its application to evaluating segmentation algorithms and measuring ecological statistics.\" in ICCV 2001.  \n[8] Luo, Ziwei, et al. \"Image Restoration with Mean-Reverting Stochastic Differential Equations.\" in ICML, 2023."
      }
    },
    {
      "type": "OFFICIAL_REVIEW",
      "rid": "frop6j6qPs",
      "report": {
        "summary": "This paper studies proposes a method for using diffusion models to solve image reconstruction tasks by leveraging the implicit regularization of the denoising network. This paper does this in a sequential process by training the denoising network to iteratively to find images that reconstruct that measurement given the diffusion step $t$.  This procedure operates like a hierarchical inversion scheme, with more regularization at the beginning and increasing the data weight over the course of the inversion scheme.",
        "ethical_concerns": "NO or VERY MINOR ethics concerns only",
        "final_justification": "After reading the author response and the other reviews, I believe many of my concerns have been address and this paper should be published.",
        "limitations": "The authors claim they include limitations in section 5, but they are not clear. Please list them more carefully. Is computational speed one of them?",
        "strengths_and_weaknesses": "(+) The paper is clear and reads well.\n\n(+) This paper aims to solve the important problem of image reconstruction without explicit image priors. \n\n(+) The proposed method has very strong quantitative and qualitative results.\n\n(+) This paper also shows theoretical analysis on why the proposed method works by showing how the annealing of the noise through the diffusion process reduces the regularization over the course of the iterative procedure.  \n\n(-) The chosen baselines are somewhat outdated and there are missing comparisons to unrolled networks which are quite similar to the construction of this method. There has been a lot of work since DIP (e.g. DeepDecoder, DIP with only optimizing the latent vector $z$) that help prevent overfitting to noise, which was a feature listed for the proposed method.  Additionally, there was minimal discussion on how the stopping criteria was chosen for these baselines, which can significantly affect there results of DIP.\n\n(-) In terms of the method itself, is not clear in why the authors chose to solve it step by step rather than end-to-end and what the main advantages of solving it step by step are. \n\n(-) There are many missing quantitative ablation studies, and the hyperparameters across different experiments are different. It is unclear how the authors arrived at the hyper parameter choices for both the proposed method as well as the baselines.\n\n(-) Limited discussion on computational costs. How does this scale to reconstructing large image sizes?",
        "questions": "- How did you come up with the hyperparameters for both the proposed algorithm and the DIP baseline and did you do this on a held out test set with ground truth? I would consider increasing my score if this is clarified.\n\n- Why did you choose to solve it step-by-step vs. end-to-end?\n\n- All of the experimental results are limited to linear inverse problems. Is this because the method itself is limited to linear inverse problems?\n\n- How does your method perform for solving denoising problems?",
        "paper_formatting_concerns": "Fig 2: withan -> with an",
        "responsible_reviewing_acknowledgement": "Yes",
        "code_of_conduct_acknowledgement": "Yes"
      },
      "scores": {
        "quality": "2",
        "clarity": "3",
        "significance": "3",
        "originality": "3",
        "rating": "4"
      },
      "meta": {
        "confidence": "5"
      }
    },
    {
      "type": "OFFICIAL_REVIEW",
      "rid": "zFI6LgIFOy",
      "report": {
        "summary": "The authors propose self-diffusion, a novel approach to image reconstruction which leverages a spectrum-regulated self-denoiser based on the Deep Image Prior framework. The authors establish a theoretical foundation for self-diffusion and empirically demonstrate its performance in MRI reconstruction and in other traditional inverse problems on ImageNet data.",
        "ethical_concerns": "NO or VERY MINOR ethics concerns only",
        "final_justification": "Thank you for addressing my concerns. After reading the other reviews and authors' responses, I find myself in agreement with reviewer rgwW, particularly on the point that the limited performance gap with great computational cost limits the interest in this method. I think that this work needs more development in order to show a clear benefit. For these reasons, I will keep my current score.",
        "limitations": "yes",
        "strengths_and_weaknesses": "**Strengths**\n- The paper is very well-written and easy to follow.\n- To the best of my knowledge, this approach is novel, and builds on the very interesting work done in Deep Image Prior [1].\n- The authors evaluate SDI on a broad set of experiments where it performs quite well relative to baselines.\n\n**Weaknesses**\n- Qualitatively, I am not impressed by the visual quality of the reconstructions. I feel they looks too smooth. This observation is supported by quite high PSNR values in Tables 1 and 2. I suspect that, in spite of the spectral bias regularization, the network is not really able to produce high frequency detail well. This is in stark contrast to diffusion models which produce incredible high frequency details. There are two pieces needed to address this concern:\n    1. While I think it is unlikely that SDI would outperform a diffusion model, it is still important to understand the performance difference between the two approaches. I think that each experiment would be stronger with a diffusion baseline. For the ImageNet problems, I would recommend [2] and for the MRI problems I would recommend [3]. Neither are state-of-the-art, but both are trusted diffusion baselines. The inclusion of this comparison would allow readers to better understand how SDI performs more broadly.\n    2. Include an additional perceptual quality metric, such as LPIPS [4] or DISTS [5]. This is straightforward to do for the ImageNet problems, and I would suggest using VGG features for MRI since they align with radiologists' perceptions [6].\n- There is no runtime study. I think it is critical to understand how fast/slow SDI is. Please add runtime results to your tables for all methods.\n\n**Minor Issues**\n- The same sentence is repeated twice on Lines 142 and 143.\n- Best metrics should be bolded in the tables for better readability.\n\n[1] D. Ulyanov, A. Vedaldi, V. Lempitsky, \"Deep Image Prior,\" in Proceedings of the IEEE Conference on Computer Vision and Pattern Recognition (CVPR), 2018.\n\n[2] H. Chung et al., \"Diffusion Posterior Sampling for General Noisy Inverse Problems,\" in The Eleventh International Conference on Learning Representations , 2023.\n\n[3] A. Jalal, et al., \"Robust Compressed Sensing MRI with Deep Generative Priors,\" in Advances in Neural Information Processing Systems, 2021.\n\n[4] R. Zhang et al., \"The Unreasonable Effectiveness of Deep Features as a Perceptual Metric,\" in Proceedings of the IEEE Conference on Computer Vision and Pattern Recognition (CVPR), 2018.\n\n[5] K. Ding et al., \"Image Quality Assessment: Unifying Structure and Texture Similarity,\" arXiv:2004.07728, 2020.\n\n[6] S. Kastryulin, J. Zakirov, N. Pezzotti, and D. V. Dylov, “Image quality assessment for magnetic resonance\nimaging,” arXiv:2203.07809, 2022.",
        "questions": "In addition to what I added to \"Strengths and Weaknesses,\" I wonder how sensitive SDI is to hyperparameter selection and how challenging it is to tune. Some plots showing the performance for different hyperparameter choices would be beneficial in understanding how sensitive SDI is.",
        "paper_formatting_concerns": "I do not notice any paper formatting concerns.",
        "responsible_reviewing_acknowledgement": "Yes",
        "code_of_conduct_acknowledgement": "Yes"
      },
      "scores": {
        "quality": "2",
        "clarity": "3",
        "significance": "2",
        "originality": "3",
        "rating": "3"
      },
      "meta": {
        "confidence": "4"
      }
    },
    {
      "type": "OFFICIAL_REVIEW",
      "rid": "DHx4stBj4r",
      "report": {
        "summary": "The authors propose a non-blind image restoration method based on a prior encoded in a diffusion-based network.\nMore precisely, the restoration algorithm minimizes a standard squared $L^2$ loss $\\|Ax-y\\|^2$ with $x$ being progressive reconstructions obtained by using a denoiser at several time steps of a diffusion model.\nThe minimization is run with respect to the parameters of the diffusion denoiser.\nThis restoration method can be seen as a generalization of the celebrated \"Deep Image Prior\" method, with an iterative alternative that is adapted to diffusion-based denoising architectures.\nThe proposed algorithm seems to give decent results on several inverse problems related to various imaging modalities.",
        "ethical_concerns": "NO or VERY MINOR ethics concerns only",
        "final_justification": "I increased my score from 2 Reject to 4 Borderline Accept, because I find the proposed algorithm to be an interesting extension of DIP, and because the authors provided additional experiments that better highlight the behavior of the algorithm on a variety of inverse problems, and its robustness to noise.\nHowever, the performance gain seems moderate compared to previously existing methods, and I am not convinced by the SDE connection that is announced in Section 2.",
        "limitations": "- For each instance of an inverse problem, the proposed algorithm requires to optimize the parameters of the diffusion-based neural network from scratch. Thus it may involve much more computational resources than competing approaches (which may exploit a pre-learned denoiser or generative model).",
        "strengths_and_weaknesses": "# STRENGTHS\n\n- The algorithm does not rely on a pre-trained generative model. The only used prior is encoded in the architecture of the denoisers used.\n\n- The methodology is applied to several inverse problems in various applications (inpainting, super-resolution, motion deblurring, magnetic resonance imaging).\n\n\n# WEAKNESSES\n\n- The considered observation model contains no noise component. Thus the restoration method may be very unstable. For example, for image deblurring or image super-resolution, it is very unusual to showcase numerical results in the noiseless case. In my opinion, this is a major experimental flaw.\n\n- In order to reach good performance, the used denoising networks should have a large number of parameters, and thus the optimization algorithm is costly to run (and may require many iterations to converge).\nConsidering that several image foundational models are available nowadays, one can question why we should turn to such a methodology.\n\n- It seems that the paper does not contain comparison with respect to other restoration algorithms that are based on a pre-learned diffusion model (like DPS [14] for example).\n  In particular, the comparison in terms of computational time would be crucial in order to understand why one should favor the proposed methodology.\n\n- Convergence issues with respect to the denoiser parameters are not discussed, nor evaluated numerically.\n\n- I was not able to understand the relation with the SDE formulation, because I do not understand what the authors mean by \"piecewise stochastic process\".\n\n- The convergence statement on the reconstruction and its proof (given in Appendix A) seem shaky, since there are some hypothese that are somehow given along the proof.\n  See for example the sentence \"we analyze the behavior of the relative change error $e_t$ under idealized denoiser performance\" and following equation (3).\n  Besides, the proof at the end of page 11 uses that $x_t^{true} \\to x^{true}$ which is quite close to the desired conclusion.\n (This is actually difficult to discuss because the authors' claim is not stated as a theorem.)\n\n- There is almost no comment on the results obtained in Sections 4.1 and 4.3. For example, for the inpainting results, outside the mask, the image seems more regular than the input (see e.g. Fig 10 row 4).\n\n- The paper contains several sentences that are unclear or not well written. Examples:\n\n> Thereafter, supervised learning approaches based on deep neural networks have gained popularity that is used to learn mappings from large datasets of input-output pairs [5, 6].\n\n> the predicted solution converges to the true solution $x^{true}$ under the assumed circumstances of the problem\n\n> The measurements are then obtained as y = Ax. The measurements are then obtained as y = Ax.\n\n> The raw k-space is subsampled using a equispaced Cartesian mask with an acceleration factor of 4 or 6 along the phase-encoding direction, and 20 central auto-calibration signal (ACS) lines.\n\n> The undersampling mask is generated using BART’s command poisson with an acceleration factor of 2.5 along two phase-encoding directions.\n\n> This is a typical task that ground truth data is not available, and it can be formulated as an inverse problem y = Ax as well.\n\n> One thing deserves to be mentioned is that because the supposed output of our model is a 2D binary mask which can be easily thresholded to obtain the final point cloud, we modified the last layer of the U-Net to a sigmoid activation function.\n\n> Heckel and Soltanolkotabi (2020) claimed that there exists a unique true image $x$ that satisfies $Ax^{true} = y$ and untrained network possesses a structure (e.g., piecewise smoothness, low-frequency dominance) learnable by $D_{\\theta_t}$ .\n\n\n## Minor Remarks and Typos\n\n- There seems to be a typo in equation (1) in the index of the denoiser.\n\n- The notation $\\theta_{t,k}$ is not introduced in the text.\n\n- The initialization $x_T^{true} \\sim \\mathcal{N}(0,I)$ could be written again in Algorithm 1.",
        "questions": "- Can the authors demonstrate whether the algorithm is robust to noise or not?\n\n- Can the authors give more details on the U-net architecture used for each considered inverse problem?\n\n- Why did the authors choose Aseq and IMJENSE for the comparisons? Can the authors say a few words on these two methods? Are they based on a neural network with a similar architecture? \n\n- How does this method compare to other restoration algorithms that are based on a pre-learned diffusion model (like DPS for example)? Also, for image deblurring or image super-resolution, one may also compare to some plug-and-play algorithm that also adopts a denoiser-based regularization.\n\n- Can the authors better explain why the \"curvature regularizer\" would \"discoura[ge] the network from fitting sharp, high-frequency fluctuations\"? \n\n- What do the authors mean by \"SDI without resampling noise\"? Is it that the same $\\mathcal{N}(0,I)$ is used for all $\\epsilon_t$'s?",
        "paper_formatting_concerns": "No major formatting issue.",
        "responsible_reviewing_acknowledgement": "Yes",
        "code_of_conduct_acknowledgement": "Yes"
      },
      "scores": {
        "quality": "2",
        "clarity": "2",
        "significance": "2",
        "originality": "2",
        "rating": "4"
      },
      "meta": {
        "confidence": "4"
      }
    },
    {
      "type": "OFFICIAL_REVIEW",
      "rid": "i0RlwkB1Cs",
      "report": {
        "summary": "This paper presents an unsupervised method for solving inverse problems using a diffusion-based approach that does not rely on pre-trained generative models. Instead, the solution is estimated directly from the observed data through an iterative framework that integrates denoising steps with updates to the denoiser’s parameters.",
        "ethical_concerns": "NO or VERY MINOR ethics concerns only",
        "final_justification": "After reading the authors rebuttal and other reviews, i think the paper has value in the field of unsupervised inverse problems resolution, and deserves to be published. I agree with the concern of one other reviewer that the paper should include a study of their method behavior in a noisy setting, but I'm fine with the paper not comparing to methods which use ground truth data for training, like PnP or unrolled algorithms. Thus, I keep my rating as is and recommend acceptance.",
        "limitations": "The authors highlight potential improvements to their method at the end of the paper, while not explicitly discussing limitations.",
        "strengths_and_weaknesses": "### Strengths\n\n- The proposed method is novel in that it uses diffusion models without requiring ground truth data and operates in a self-contained manner, akin to Deep Image Prior. The experimental results are promising and demonstrate the potential of the approach.\n\n- The paper is clearly written, with thoughtful explanations of both the methodology and the experimental setup. It is accessible and well-organized, making it easy to follow.\n\n\n### Weaknesses\n\n- The impact of the number of iterations ($K$) and diffusion noise steps ($T$) on performance is not fully explored. While Figure 9 refers to this, a more systematic empirical study would strengthen the work.\n\n- The paper claims that early denoising steps capture smooth, low-frequency structures, while later steps refine high-frequency details—mirroring multiscale optimization. However, this interesting observation is not supported by direct empirical evidence or visualizations.",
        "questions": "## Suggestions\n\n- Consider including an ablation or sensitivity study on the effect of the number of iterations ($K$) and noise steps ($T$) to provide insight into how these parameters influence reconstruction quality.\n\n- To support the claim regarding multiscale behavior, a visual or quantitative analysis showing how image structures evolve across diffusion steps would be valuable.",
        "paper_formatting_concerns": "N/A",
        "responsible_reviewing_acknowledgement": "Yes",
        "code_of_conduct_acknowledgement": "Yes"
      },
      "scores": {
        "quality": "4",
        "clarity": "4",
        "significance": "3",
        "originality": "4",
        "rating": "5"
      },
      "meta": {
        "confidence": "3"
      }
    }
  ]
}