{
  "forum_id": "65llKR17s4",
  "paper_title": "Scaling Up Parameter Generation: A Recurrent Diffusion Approach",
  "reviews": [
    {
      "type": "CHAIR_COMMENT",
      "rid": "ytLnY766oM",
      "report": {
        "title": "Paper Decision",
        "main": "This paper presents Recurrent Diffusion for Large-Scale Parameter Generation (RPG), a framework that combines parameter tokenization, a recurrent state-space model to capture inter-layer dependencies, and a diffusion process for sampling network weights. RPG achieves performance competitive with backpropagation-trained networks across a wide range of vision and language architectures (ResNets, ViTs, ConvNeXts, LoRA-augmented LLMs). Extensive experiments and ablations validate its design choices and highlight its scalability.\n\nReviewers appreciated the originality and breadth of the proposed approach, especially the novel combination of recurrence and diffusion for parameter synthesis. They praised the strong empirical results and coverage across multiple domains, along with well-motivated ablations and comparisons. Several reviewers emphasized that the paper pushes the boundary of what parameter-generating networks can achieve, noting successful single-GPU generation of ~200M-parameter models and compelling experiments on out-of-distribution tasks. The method was also described as well-structured and clearly presented, with some reviewers highlighting the potential for further research on generative hypernetworks.\n\nHowever, reviewers also noted important weaknesses. Some challenged the paper’s core motivation, arguing that existing hypernetworks have already scaled to large models, and the claims that previous methods are limited may be overstated without direct comparisons. Others pointed out the lack of clarity in training vs. inference details, as well as the absence of key evaluations such as architectural generalization to unseen model types, or stronger statistical analyses of model diversity. The method’s computational footprint, including the use of many pretrained checkpoints for training, is underexplored, leaving the practical cost-benefit unclear. Additionally, some reviewers found that performance on unseen tasks (e.g., with new output heads) lagged behind standard training, and suggested the paper would benefit from clearer real-world use cases or scenarios where RPG offers a distinct advantage over traditional training.\n\nThe authors' extensive rebuttals resolve all major concerns, with multiple reviewers raising their scores post-rebuttal.   The paper received 1x accept, 2x borderline accepts, and 1x borderline reject.  For the lingering concern of the negative review, the authors clarified that RPG specifically targets functional generalization (producing parameters for unseen tasks while holding the architecture fixed), while structural generalization to unseen architectures is a separate research direction beyond the scope of this paper.  This distinction addresses one reviewer’s concern about unseen architectures and will be made explicit in the revision. The paper also details practical scenarios where RPG is beneficial: 1. efficient initialization, providing stronger starting points than random weights and reducing training costs, 2. few-shot learning, where RPG-generated parameters act as priors for data-scarce tasks, and 3. rapid model deployment, enabling near-instant adaptation to new tasks without retraining. These use cases strengthen the real-world relevance of RPG.\n\nWhile there are reasonable critiques regarding cost-benefit transparency and reproducibility details (e.g., checkpoint usage, statistical reporting), reviewers widely recognized the originality and significance of the work, noting that it advances parameter-generating models well beyond prior methods and demonstrates strong functional generalization to new tasks within fixed architectures.  The consensus leans toward acceptance."
      },
      "replyto": "65llKR17s4"
    },
    {
      "type": "AUTHOR_COMMENT",
      "rid": "NG5xTh0CKo",
      "report": {
        "title": "Thank You for Your Feedback: Our Plan for Improvements",
        "main": "Dear Reviewer D95z,  \n\nWe sincerely thank you for your insightful and constructive feedback. Your comments have highlighted key areas for improvement, and we have developed a comprehensive plan to address them in the revision. Below, we outline the improvements we will implement:  \n\n### 1. Moving Key Results to the Main Text  \n- We are going to move **Table 21** to the main text to better emphasize its importance.  \n- For **Table 12**, due to space constraints, we are going to include a condensed version in the main text, summarizing key parameter count information. This will ensure clarity while adhering to space limitations.  \n- Additionally, we are going to provide detailed explanations linking these results to our core research claims to improve clarity and accessibility.\n\n### 2. Clarifying Task Definition  \n- We emphasize that our approach is not a simple label flip. Different groupings of labels require the model to extract distinct features. For example:  \n    - For four fruits (red apple, green apple, kiwi, cherry), classifying (red apple, green apple) as positive focuses on extracting **shape features**.  \n    - Conversely, classifying (red apple, cherry) as positive requires the model to focus on extracting the **color red**. These represent entirely different feature extraction processes, with no overlap.  \n- To address your concerns, we are going to:  \n    - Revise the definition of \"unseen tasks\" to emphasize **parameter distribution differences** rather than \"label flipping\".  \n    - Include additional experiments demonstrating task variability and its impact on model performance.\n\n### 3. Presentation Optimization  \n- We are going to restructure **Sections 3 and 4** to enhance the logical flow and make the paper more reader-friendly.  \n- Key results raised by reviewers will be prioritized and discussed in the main text to better highlight our contributions.  \n\nWe deeply appreciate your valuable feedback, which has been instrumental in improving our paper. Should you have further suggestions or questions, please do not hesitate to reach out. We are committed to addressing all your concerns and look forward to submitting a stronger revision.  \n\nSincerely,  \nThe Authors"
      },
      "replyto": "YV9uMnmh9B"
    },
    {
      "type": "REVIEWER_COMMENT",
      "rid": "Q7b5rGA8Nx",
      "report": {
        "title": "",
        "main": "I thank the authors for their thorough reply.\n\nI am still concerned about some of the presentation challenges, and I hope they are addressed in future revisions. As an additional example, I believe Tables 12 & 21 belong in the main body of the paper as they are key results.\n\nRegarding Q4/A4, I probably wasn't clear enough, and while the reply is _technically_ correct, I do not think it's addressing my observations. I still think the tasks are too similar (just a label flip) so calling them unseen (even if the embeddings are different) is disingenuous.\n\nNevertheless, I think the contribution is valuable and the method novel, so I have decided to raise my score."
      },
      "replyto": "BKAATwX9ig"
    },
    {
      "type": "AUTHOR_COMMENT",
      "rid": "BKAATwX9ig",
      "report": {
        "title": "Looking forward to the reply!",
        "main": "Dear Reviewer D95z,\n\nThanks again for your efforts in reviewing this work. As the discussion period will be closed soon, may we know if the concerns are fully addressed? Your insightful comments and feedback are really important for us to improve the quality of our work!\n\nLooking forward to your reply!\n\nAuthors"
      },
      "replyto": "CpP9j1qnHp"
    },
    {
      "type": "AUTHOR_COMMENT",
      "rid": "JH50vgP1W6",
      "report": {
        "title": "",
        "main": "Dear Reviewer DHqN,\n\nThanks for your valuable recommendations and support. We will revise line 120 as suggested, changing the text from *\"permutation state S—encoded as a one-hot vector—for each checkpoint W\"* to *\"permutation state S—encoded as a randomly generated one-hot vector—for each checkpoint W\"*. This modification effectively clarifies the details of the permutation state method.\n\nIf you have any further suggestions, please feel free to share them with us to help further improve the presentation of this work. Thanks again for your valuable comments and constructive feedback.\n\nSincerely,  \nAuthors"
      },
      "replyto": "8sonZooQKC"
    },
    {
      "type": "REVIEWER_COMMENT",
      "rid": "8sonZooQKC",
      "report": {
        "title": "",
        "main": "Thank you for the reply. I was not able to understand this from the text. I would maybe recommend, for example, to include the concept that we are attributing a random one-hot vector for each checkpoint in line 120.\n\"permutation state S—encoded as a **randomly generated** one-hot vector—for each checkpoint W\". \n\nThe authors have addressed all my questions, and I will maintain my score."
      },
      "replyto": "pbI8ZRwccT"
    },
    {
      "type": "AUTHOR_COMMENT",
      "rid": "CpP9j1qnHp",
      "report": {
        "title": "",
        "main": "Dear Reviewer,\n\nAs mentioned in A6 above, we provide the standard deviation results here. Below are the standard deviations for Table 2 and 7.\n\nNote: We present the data in **accuracy (std)** format.\n\n- Table 2:\n    |rank-method \\ acc. (std)|BoolQ|PIQA|SIQA|HellaSwag|ARC-e|ARC-c|OBQA|\n    |-|-|-|-|-|-|-|-|\n    |rank4-org|64.3 (2.3)|71.3 (11.7)|66.0 (15.1)|53.7 (15.8)|64.4 (19.0)|49.5 (12.7)|63.1 (16.6)|\n    |rank4-RPG|63.1 (3.6)|72.0 (14.6)|67.5 (10.1)|56.7 (18.8)|65.3 (16.9)|49.7 (13.2)|66.0 (13.0)|\n    |rank64-org|69.3 (1.0)|78.9 (10.8)|72.9 (1.5)|81.1 (6.1)|72.9 (5.3)|58.1 (4.4)|71.2 (2.0)|\n    |rank64-RPG|69.1 (1.3)|79.4 (10.1)|73.9 (0.9)|81.1 (9.0)|73.1 (4.1)|58.3 (3.9)|72.1 (1.9)|\n\n- Table 7:\n    |method \\ |CNN (s)|CNN (m)|ResNet-18|ViT-B|\n    |-|-|-|-|-|\n    |params. (M)|0.003|0.011|11.7|86.6|\n    |$S_{KDE30}$|26.9 (4.9) / 46.1|-|OOM|OOM|\n    |p-diff|48.8 (0.2) / 49.0|61.9 (0.1) / 62.1|OOM|OOM|\n    |SANE|-|57.9 (0.2) / 57.2|68.6 (6.7) / 85.5|-|\n    |D2NWG|38.2 (-) / 44.7|58.8 (0.1) / 57.2|94.6 (-) / 94.6|-|\n    |RPG|49.0 (0.1) / 49.0|62.0 (0.1) / 62.1|95.1 (0.6) / 95.3|98.9 (0.1) / 98.7|\n\n\nWe hope our rebuttal has addressed your concerns. To save your time, **we make a summary of our rebuttal as follows**:\n\n1. We clarify normalization statistics computation and permutation state selection.\n\n2. We compare RPG's parameter counts with generated ones on a table.\n    \n3. We conduct experiments to compare RPG's parameter counts with accuracy on both close-set and open-set scenarios.\n\n4. We provide supplementary explanations and experiments for training and evaluating data.\n    - We clarify that parameters for unseen tasks and seen tasks are different.\n    - We explain that all checkpoints have different backbones.\n    - We construct experiments with other data splits and demonstrate results on more complex tasks and larger datasets.\n\n5. We move key results (Tables 19 and 20) from appendix to main text.\n\n6. We report the standard deviations for Table 1, 2, and 7.\n\n7. We explain the reason for varying blue subscripts in our notation.\n\n8. We conduct an experiment to measure the parameter count required for RPG.\n\n9. We discuss scalability limitations and propose alternative solutions.\n\n10. We acknowledge the permutation invariance limitation while highlighting our solution—permutation state method.\n\n\nLooking forward to your reply!"
      },
      "replyto": "6NICEDgNMJ"
    },
    {
      "type": "AUTHOR_COMMENT",
      "rid": "MXEjMAGFwk",
      "report": {
        "title": "",
        "main": "Dear Reviewer,\n\nThank you for your valuable feedback and support. We truly appreciate your recognition of our contributions, particularly regarding the behavior of LMC and the appeal of generating from noise. We will address all the issues you raised in the revision to ensure a stronger presentation.\n\nIf you have any further questions or suggestions, please don’t hesitate to reach out—we’re happy to discuss and resolve them.\n\nSincerely,  \nAuthors"
      },
      "replyto": "kEqFZr3uxG"
    },
    {
      "type": "AUTHOR_COMMENT",
      "rid": "pbI8ZRwccT",
      "report": {
        "title": "",
        "main": "Dear Reviewer DHqN,\n\nWe greatly appreciate your careful review and thorough understanding of our paper.\n\nYour understanding is correct. The permutation state is a randomly generated one-hot encoding that we assign to a specific checkpoint, which helps improve model performance by enhancing the model's ability to learn from different states.\n\nIf you have any further questions, feel free to discuss them with us and we are more than happy to solve them. Thank you."
      },
      "replyto": "b6P8UXDwaG"
    },
    {
      "type": "REVIEWER_COMMENT",
      "rid": "kEqFZr3uxG",
      "report": {
        "title": "",
        "main": "It is quite interesting that LMC breaks within sampled networks. The authors have also addressed my concerns on why generating from noise is more appealing as well. I increase my score."
      },
      "replyto": "Ionru6Y5xl"
    },
    {
      "type": "REVIEWER_COMMENT",
      "rid": "b6P8UXDwaG",
      "report": {
        "title": "",
        "main": "Thank you for the responses.\n\nSo if I understood correctly, the permutation state is a random one-hot encoding that we generate and attribute to a certain checkpoint?"
      },
      "replyto": "d3Mt6YVqVs"
    },
    {
      "type": "AUTHOR_COMMENT",
      "rid": "M61RgODJfL",
      "report": {
        "title": "",
        "main": "Dear Reviewer yKm7,\n\nThank you for your thoughtful reconsideration and for acknowledging the meaningful contributions of our work. We truly appreciate your engagement and constructive feedback throughout this process.\n\nWe completely agree that practical applicability is an essential goal for parameter generation methods, and we respect your concern about the current limitations regarding unseen model architectures. However, we would like to emphasize that scientific exploration is inherently a **step-by-step process**. Achieving a fully practical and universally applicable parameter generation method is a long-term aspiration, requiring incremental advancements along the way.\n\nOur work specifically addresses two critical milestones on this journey:\n\n1. **Scaling up parameter generation**, which lays the foundation for handling increasingly complex models.\n2. **Generalizing to unseen tasks**, an essential step toward broader applicability.\nWhile these contributions do not yet solve the challenge of unseen model architectures, they represent significant progress toward that ultimate goal. **We believe that such intermediate steps are not only valuable but also necessary for advancing the field in a meaningful and rigorous manner.**\n\nWe hope this perspective helps clarify the importance of our work as part of the broader research trajectory. Thank you again for your time, insights, and constructive dialogue.\n\nSincerely,\nAuthors"
      },
      "replyto": "jE9zey8AR2"
    },
    {
      "type": "REVIEWER_COMMENT",
      "rid": "jE9zey8AR2",
      "report": {
        "title": "",
        "main": "Dear Authors,\n\nThank you for your detailed response. Your clarifications on the paper's primary focus and contributions were very helpful and I appreciate you taking the time to provide them.\n\nAfter careful reconsideration, I agree that your work makes a meaningful contribution to the field. Specifically, the exploration of how parameter generation generalizes to unseen tasks and the demonstration of the approach's scalability are important steps forward.\n\nHowever, I still have significant concerns regarding the practical applicability of the overall method. My primary reservation remains that while the method scales well, it does not seem to extend to unseen model architectures. This limits its real-world utility, particularly since a key application of parameter generation could be to reduce the computational cost of training models on novel architectures.\n\nGiven these points, I am willing to raise my score to reflect the contributions I now better understand. Nevertheless, I must maintain my recommendation to reject the paper in its current form.\n\nThank you again for your hard work and for engaging in this constructive discussion.\n\nSincerely,\n\nReviewer yKm7"
      },
      "replyto": "WF8xb9WtiT"
    },
    {
      "type": "AUTHOR_COMMENT",
      "rid": "WF8xb9WtiT",
      "report": {
        "title": "Clarifying the Scope and Contributions of Our Work",
        "main": "Dear Reviewer yKm7,\n\nWe greatly appreciate your feedback and would like to address your concerns.\n\nThe primary focus of our work is to scale up parameter generation for neural networks. In addition, our work is the first to explore the generalization of parameter generation to unseen tasks, which we believe is a significant contribution to the field.\n\nWe acknowledge that synthesizing parameters for various unseen architectures is a challenging and unsolved research problem. **However, it is beyond the scope of this work.** Our study specifically emphasizes the scalability and generalization capabilities of parameter generation, which are critical first steps toward addressing these broader challenges.\n\n**We kindly ask for your understanding of the focus of our work and hope you can evaluate it based on its stated contributions. We believe this will lead to a fairer assessment of our efforts.**\n\nThank you once again for your valuable feedback."
      },
      "replyto": "rn46bu4tw7"
    },
    {
      "type": "REVIEWER_COMMENT",
      "rid": "rn46bu4tw7",
      "report": {
        "title": "",
        "main": "Thank you for the detailed rebuttal. However, my primary concerns about the model's scalability to unseen architectures and its high computational overhead have not been fully addressed, so I will be maintaining my original score."
      },
      "replyto": "ZOgDvRu9Ht"
    },
    {
      "type": "CHAIR_COMMENT",
      "rid": "vPMEkGVqmV",
      "report": {
        "title": "",
        "main": "Dear 6523 Reviewers: The authors have provided detailed rebuttals to your reviews. I'd urge you to read their rebuttals (as well as other reviews) early to allow further interactions that help clarify any lingering confusion or misunderstanding. Thank you! AC"
      },
      "replyto": "65llKR17s4"
    },
    {
      "type": "AUTHOR_REBUTTAL",
      "rid": "Ionru6Y5xl",
      "replyto": "97VktbMbOS",
      "report": {
        "main": "**Q1:** There are works such as [1,2] that have scalable hypernetworks.\n\n**A1:** Thanks for the constructive suggestions. We answer the question as follows:\n\n- The papers pose are interesting, [1] achieves large scale generation for **meta-learning**, [2] cusmotizes **NeRFs** via transformer hypernetworks.\n- We **change the statement** in **line 20** to \"hypernetworks that generate parameters from noise dont scale well\".\n- We apologize for overlooking these literatures at first, and we will add them to **Section 5** in the revision.\n\n\n**Q2:** There are works such as [2,3,4] that demonstrate hypernetworks can be used in real-world applications.\n\n**A2:** Thanks the reviewer for the comment and we answer as follows.\n- We appreciate reviewer Q57G for pointing out these relevant works. NeRFs are practical models and this serves as a effective indicator for hypernetworks' utility.\n- Our work, on the other hand, are trying to explore the generation of **large models in recent years**, such as **vision transformers** and **LoRA adapter for LLMs**.\n-  We conduct experiment on models with **3 to 200M parameters across image classification, object detection, small language models, and LoRA adapters for text and image generation.** Through these explorations, our scope is **broadening the application scenarios** of parameter generation.\n- We highly apprecitate your interest in hypernetworks and the helpful suggestions posed, and we **rephrase** \"This discrepancy not only underscores the challenge of scalability but also confines existing generators to academic demonstrations rather\n than real-world applicability.\" $\\rightarrow$ \"This discrepancy underscores the challenge of scalability and **if solved, can strengthen parameter generation's real-world applicability.**\"\n\nWe hope these answer can address the concerns, and we appreciate the reviewer Q57G's interest in hypernetworks. We hope to hear more in discussion phase.\n\n\n**Q3:** Why is (a) generating parameters from noise more appealing than (b) mapping learnable embeddings to network weights?\n\n**A3:** Thank you for the question. We answer as below.\n\n- **Better scalability and memory use.**\n- Embedding decoders must output the full parameter tensor in **one pass**, so memory scales with model size.\n- RPG generates weights **sequentially**: each token is conditioned on previous predictions. This design choice trades a **small compute overhead** for **orders-of-magnitude lower memory**.\n\n- **Action:** This discussion is added to the revision.\n\n\n\n**Q4:** Using linear mode connectivity (LMC) to evaluate model similarity.\n\n**A4:** Thanks for the comment. We conduct experiment as follows: \n- **Setting:** We use ResNet18 on CIFAR-10 with different training + sampling schemes, and test the performance of **linear model weights interpolation**:   \n    \n    |Method \\ Accuracy (%)|$A$|$0.5A+0.5B$|$B$|\n    |---|---|---|---|\n    |LMC of 2 models sampled by RPG trained on checkpoints from the same basin|95.1|95.0|95.0|\n    |LMC of 2 models sampled by RPG trained on checkpoints from 2 basins and sampled with 1 permutation state|95.0|94.8|94.9|\n    |LMC of 2 models sampled by RPG trained on checkpoints from 2 basins and sampled with 2 permutation states|94.9|18.4|94.9|\n\n\n**Q5:** Missing related work: A discussion on [1,2,3,4].\n\n**A5:** Thanks for the comment. We discuss papers [1,2,3,4] in our **A1** and **A2**, and we put the results here for convenience.\n\n|method|scalability|performance|generalization|\n|---|---|---|---|\n|$S_{KDE30}$|✖|✖|✖|\n|p-diff|✖|✔|✖|\n|SANE|✔|✖|✖|\n|D2NWG|✔|✔|✖|\n|[1]|✔|✖|✔|\n|[2]|✖|✔|✔|\n|[3]|✖|✔|✔|\n|[4]|✖|✔|✔|\n|RPG|✔|✔|✔|\n\n**Observations**:\n\n- Existing approaches tend to **specialize**: some stress **high performance**, others emphasize **generalization**, and few focus on **scalability**.\n\n- In contrast, our work can deliver strong performance, broad generalization, and efficient scalability **simultaneously**.\n\nWe add this discussion and the table above in the revision.\n\n\n[1] Babu, Sudarshan, Pedro Savarese, and Michael Maire. \"HyperNetwork Designs for Improved Classification and Robust Meta-Learning.\"  \n[2] Chen, Yinbo, and Xiaolong Wang. \"Transformers as meta-learners for implicit neural representations.\" European Conference on Computer Vision. Cham: Springer Nature Switzerland, 2022.  \n[3] Babu, Sudarshan, et al. \"Hyperfields: Towards zero-shot generation of nerfs from text.\" arXiv preprint arXiv:2310.17075 (2023).  \n[4] Lorraine, Jonathan, et al. \"Att3d: Amortized text-to-3d object synthesis.\" Proceedings of the IEEE/CVF International Conference on Computer Vision. 2023.\n\n\n\n**Q6:** Is the permutation state essentially a one hot encoding on the trained networks used to train the hypernetwork?\n\n**A6:** Thanks for the comment. \n- We chose one-hot encoding because it offers a **straightforward** way to represent parameter symmetry.\n- However, the method does not depend on this particular choice: any encoding scheme that **distinguishes** different permuatation states is adaptable to our framework.\n- We add this clarification in **Section 2.2**, **line 117** in the revision."
      }
    },
    {
      "type": "AUTHOR_REBUTTAL",
      "rid": "9BTmKyOYXD",
      "replyto": "ZOgDvRu9Ht",
      "report": {
        "main": "**Q1:** How does RPG perform on architectures not observed during training?\n\n**A1:** Thank you for the insightful comment. RPG targets functional generalization: **producing weights for unseen tasks while the network topology remains fixed.** Extending RPG to handle architecture changes belongs to **structural generalization**, a distinct research direction tied to design and hardware considerations. We therefore confine this study to a fixed architecture, where the challenges are already substantial and the practical value clear. We will clarify this limitation and future extension in the revision.\n\n\n**Q2:** The total computational overhead is not compared to directly training a model on the target task.\n\n**A2:** We acknowledge that collecting checkpoints and training RPG requires several hours or days, **but once trained, it can generate models for target tasks indefinitely.** The advantage of direct training on these tasks decreases as the number of tasks increases. \n\nThis is analogous to an image generator: once trained, it can create unlimited images cheaply, and we do not count manually drawing every potential image as part of its training cost.\n\n\n**Q3:** Why does the generated parameter performance degrade significantly on unseen tasks?\n\n**A3:** Thank you for the question. We clarify the details below.\n\n- **Unseen tasks are evaluated in a zero-shot setting**， so some decline relative to full-shot training is expected.\n \n- **The drop is modest**: RPG still outperforms random initialization both at the outset and after finetuning.\n\nConsequently, **RPG provides faster convergence and higher final accuracy**, as shown in Table 18. For your convenience, we reproduce the key numbers below.\n\n- **Setting:** We compare three approaches: (i) training ViT-Tiny from scratch, (ii) fine-tuning an ImageNet-pretrained ViT-Tiny, and (iii) fine-tuning an RPG-initialized model.\n\n    |epoch|from scratch|fine-tune|RPG init + fine-tune|\n    |---|---|---|---|\n    |0|50.0|52.9|94.4|\n    |1|61.4|90.3|96.8|\n    |5|69.1|96.3|97.3|\n    |10|74.9|97.1|97.5|\n    |50|86.7|97.7|97.8|\n\n- **Conclusion:** RPG significantly accelerates training for unseen tasks. **These results establish RPG initialization as an effective approach that substantially reduces training costs while maintaining competitive performance.**\n\n\n\n**Q4:** In what real-world scenarios would recurrent diffusion-based parameter generation be more advantageous than direct training, and are there measurable benefits that justify its use?\n\n**A4:** Thanks for the comment. RPG offers several practical advantages in real-world scenarios:\n\n- **Efficient initialization:** RPG provides superior parameter initialization compared to random weights, significantly reducing training time and computational costs as demonstrated in Table 18.\n- **Few-shot learning:** For tasks with limited training data, RPG-generated parameters serve as informed priors that enable better performance than training from scratch.\n- **Rapid model deployment:** RPG enables near-instantaneous model adaptation for new tasks without requiring extensive training, making it valuable for real-time applications where quick deployment is critical."
      }
    },
    {
      "type": "AUTHOR_REBUTTAL",
      "rid": "d3Mt6YVqVs",
      "replyto": "CJSqfVMUZM",
      "report": {
        "main": "**Q1:** Lack of statistical significance over the results, showing only the distribution of parameters generated by a single model.\n\n**A1:** We have conducted two additional repeated experiments (*model2* and *model3*) for Table 1. The original content in Table 1 corresponds to *model1* in the updated table. We now present the distribution of parameters generated by 3 independent models as well as the aggregated results across all 3 models (*all*). When time permits, we will also conduct repeated experiments for other key results such as Tables 2, 7, and 8.\n\n|arch. \\\\ acc.(%)|ResNet-18|ResNet-50|ViT-Tiny|ViT-Small|ViT-Base|ConvNeXt-A|ConvNeXt-L|\n|---|---|---|---|---|---|---|---|\n|parameters (M)|11.7|25.6|5.7|22.1|86.6|3.7|197.8|\n|original|70.0|79.8|74.9|81.4|84.4|75.2|85.8|\n|1-maximum|69.85|79.57|75.43|80.62|84.59|74.57|85.78|\n|1-average|69.49|79.51|75.29|80.47|84.39|74.39|85.49|\n|1-minimum|68.96|79.37|75.20|80.12|84.19|74.16|85.16|\n|2-maximum|69.70|79.68|75.38|80.79|84.62|74.60|85.82|\n|2-average|69.40|79.54|75.31|80.51|84.37|74.49|85.46|\n|2-minimum|69.04|79.44|75.20|80.39|84.17|74.38|85.17|\n|3-maximum|69.78|79.53|75.41|80.60|84.55|74.61|85.70|\n|3-average|69.43|79.48|75.30|80.46|84.38|74.48|85.43|\n|3-minimum|69.02|79.42|75.21|80.23|84.24|74.27|85.19|\n|all-maximum|69.85|79.68|75.43|80.79|84.62|74.61|85.82|\n|all-average|69.44|79.51|75.30|80.48|84.38|74.45|85.46|\n|all-minimum|68.96|79.37|75.20|80.12|84.17|74.16|85.16|\n\n\n\n**Q2:** No code release.\n\n**A2:** We will release all experimental codes in the revision. We guarantee that all experiments in the paper are reproducible.\n\n\n\n**Q3:** What is the impact of the positional encoding?\n\n**A3:** We address this question from two perspectives: *(1) the necessity of positional encoding*, and *(2) the choice between 1D and 2D positional encoding*.\n\n- **1. Necessity of positional encoding:** For Mamba-based recurrent models, positional encoding may be less critical since the model can inherently understand token order through its recurrent nature. However, for transformer-encoder-based models, positional encoding is essential to indicate which parameter position is being generated. For consistency across different architectures and framework flexibility, we uniformly apply positional encoding to all models.\n\n- **2. 1D vs. 2D positional encoding:** Under the current paradigm, there is no significant performance difference between 1D and 2D positional encoding. However, we plan to extend our framework to support variable-structure parameter generation in future work. The 2D encoding provides richer structural information about the model architecture, which will be crucial for these planned extensions.\n\n\n\n**Q4:** How are permutation states generated and how do they work?\n\n**A4:** Thanks for your comment. We explain in detail how permutation states are generated and how they work:\n\n- **How permutation states are generated:** We assign different permutation states to checkpoints with different symmetric states. Typically, multiple models saved in one training run have similar symmetric states (assigned the same permutation state), and vice versa. However, in this work, we assume that all checkpoints are in different symmetric states, which is actually a more conservative assumption, so we assign different permutation states to each checkpoint.\n\n- **How to choose permutation state during inference?** \n    - First, neural networks with **different initialization** can have various **symmetric structures** that **perform similarly**[1].\n    - This **symmetry phenomenon** doesn't affect performance, but hinders hyper networks' training. It happens when training with **different random seeds**.\n    - Based on this, we devise the **permutation state** to encode this symmetry and facilitate RPG's learning. That is, **assigning different permutation states** to **checkpoints trained with different random seeds**.\n    - Previous works such as P-diff [2] collect checkpoints from a **single training trajectory**, i.e., **one random seed**. Permutation state may not be **vital** in this setting.\n    - In inference, we only need to **randomly assign** permutation state.\n    - To further explore **permutation state's influence**, we conduct experiment in **Appendix C.1** and put it here for convenience:\n        - **Setting:** we use the ViT-T tuned on CIFAR-10, and test RPG with and without permutation state.\n           \n        | number of random seeds | original | without permutation state | with permutation state |\n        |-|-|-|-|\n        |1|88.2|88.0|88.1|\n        |3|88.3|fail|88.1|\n        |10|88.5|fail|88.2|\n      \n        - **Findings:**\n            - RPG w/, w/o permutation state performs **similar** when trained only on **one type of checkpoints**.\n            - When the number of **random seeds increases**, RPG without permution **soon fails**.\n            - RPG with permutation **works well** with **large number** of different random seeds.\n        - **Conclusions:**\n            - Permutation state encodes the **parameter symmetries** as conditions and works well when trained on checkpoints from **multiple training runs**.\n\n- **Overview of how permutation states work:** In the training phase, the permutation state (i.e., a one-hot encoding) passes through an MLP and is added to the positional encoding of the model input to represent the current model's symmetric state. In the inference phase, we typically only care about the model's performance rather than the model's symmetric state. Therefore, we only need to randomly select a permutation state (default is state #1, i.e., 000...001). Alternatively, we can specify a particular state to generate models in a specific basin.\n\n\n[1] B. Zhao et al. Symmetry in Neural Network Parameter Spaces  \n[2] K. Wang et al. Neural Network Diffusion"
      }
    },
    {
      "type": "AUTHOR_REBUTTAL",
      "rid": "6NICEDgNMJ",
      "replyto": "YV9uMnmh9B",
      "report": {
        "main": "**Q1:** Training vs inference details are underspecified. How to choose permutation states at inference time remains unclear.\n\n**A1:** Thanks for the comment.\n\n- **How is unnormalization implemented?**\n    - The **weights (scales)** and **bias (shifts)** we used for normalization and unnormalization are **NOT calculated independently** for each model, but are based on the **average over the entire training set**.\n    - The **layer-wise mean** and **std** are calculated by: $\\mu_{l}=\\frac{1}{N}\\sum_{n=1}^{N}mean(W_{n}^{l}), \\sigma_{l}=\\frac{1}{N}\\sum_{n=1}^{N}std(W_{n}^{l})$, where $W_{n}^{l}$ denotes layer $l$ of the $n$-th model, and $\\mu_{l}$, $\\sigma_{l}$ denotes its mean, variance, respectively.\n    - These statics are **pre-computed and stored**, and utilized in unnormalization process **for generated parameters**.\n\n- **How to choose permutation state during inference?** \n    - Due to space limitations, please refer to **A4 of DHqN**.\n\n- **Action:**\n    - We put these results and analysis in **Section 3.3**.\n    - We add more **motivation** of permutation state **line 117**, **Section 2.2**.\n\n\n**Q2:** how many RPG parameters are required relative to each target model.\n\n**A2:** Thanks for the comment.\n- We present the details of **structures of RPG** and **number of parameters it can generate** in **Table 12**, **Appendix B.3**. We put the data here:\n\n    |model scales|RPG-T|RPG-S|RPG-B|RPG-L|\n    |-|-|-|-|-|\n    |num. can generate|up to 50K|up to 10M|up to 50M|up to 200M|\n    |recurrent|1.3M|256M|1018M|3076M|\n    |diffusion|0.3M|17M|69M|273M|\n    |total RPG|1.6M|273M|1087M|3349M|\n\n- **Findings:**\n    - The **denoising network**'s parameter scale is **close** to the number of parameters that RPG can generate.\n    - **Most** of RPG's parameters come from **recurrent backbone**.\n- **Conclusions:**\n    - RPG hass a **light-weight** denoising network.\n    - With **lighter backbone**, RPG is possible to generate **billion parameters**.\n    - RPG can generate **almost infinite** number of models once trained, so the efficiency trade-off is **worwhile in the long run**.\n- **Action:**\n    - We add these analysis to **Section 3.1**.\n    - We will explore lighter backbones.\n\n\n\n**Q3:**  How many checkpoints are needed to train RPG well.\n\n\n**A3:** Thanks for the comment.\n- We evaluate RPG's performance on 2 scenarios: **close-set (generate models seen in training)** and **open-set (generate unseen models)** generation.\n\n- **Close-Set:** In **Table 21**, **Appendix C.5**, we conduct ablation studies of **checkpoints number for training RPG**. We use ViT-Tiny on ImageNet.\n\n    - **Setting:**  \n\n    |number of checkpoints|5|25|100|300|1002|\n    |-|-|-|-|-|-|\n    |acc.|75.1|75.2|75.2|75.2|75.3|\n\n    - **Findings and Conclusions:**\n        - **Only 1 checkpoint** can train RPG well, showing its strong close-set geneation ability with **very limited data**.\n\n- **Open-set:** Thanks for the suggestion, we conduct the following ablation:\n    - **Setting:**\n        - We randomly select **5, 25, 100, 300, and 1002 (all)** checkpoints claimed in **Section 4** as training set. All configurations are consistent with **Section 4**.\n\n    |number of checkpoints|5|25|100|300|1002|\n    |-|-|-|-|-|-|\n    |acc. |54.1|84.7|86.9|87.8|90.0|\n\n    - **Findings and conclusions:**\n        - RPG can **generalize** to unseen tasks even trained on a **smaller number of checkpoints**, i.e., **100**.\n        - More data can improve performance, showing that generalization needs **basic amount of training data**.\n \n    \n\n**Q4:** \"Unseen tasks\" have the same training data as seen tasks, and the \"task\" amounts to adapting the weights of the last layer, so it is not a useful result in practice. Furthermore, the relative sizes of training and test sets (1002 and 20 tasks) are not realistic.\n\n\n**A4:** Thanks for the comments. \n- **1. \"Unseen tasks\" have the same training data as seen tasks**.\n- **2. The \"task\" amounts to adapting the weights of the last layer, so it is not a useful result in practice**.\n- **3. The relative sizes of training and test sets (1002 and 20 tasks) are not realistic**.\n- We refer our answers to them as **A 4.1**, **A 4.2**, and **A 4.3**, respectively.\n\n- **A 4.1:** Thanks for the comment.\n    - Parameters for **unseen tasks** and **seen tasks** are of **same network structures**, but they are trained on **different binary embedding classification** tasks.\n    - **ALL** parameters in unseen tasks are not involved in RPG's training, so the evaluation process is **zero-shot**.\n\n- **A 4.2:** Thanks for the comment. \n    - We first conduct **full-parameter fine-tuning**.\n    - Therefore, the backbone parameters for the 1022 training samples are not identical. \n\n- **A 4.3:** Thanks for the comment.\n    - As ablation study in **A3** suggests, RPG can effectively learn from **limited training checkpoints**, i.e., achieving **84.7%** accuracy with only **25 checkpoints**, **86.2** with **100 checkpoints**\n    - Additionally, our experiments on **object detection** and **larger dataset** in **Appendix C.2** provide more generalization results: (Note that we change embedding to hex to save words)\n\n    - **object detection:**\n  \n        - **Setting**: YOLOv8n on PASCAL VOC, using 20-bit 0-1 embeddings. \n          \n        - **Results:**\n     \n            |unseen tasks|epoch-0|epoch-1|epoch-2|epoch-5|\n            |-|-|-|-|-|\n            |2010c|0.00 / 0.29|0.01 / 0.30|0.06 / 0.33|0.18 / 0.39|\n            |08026|0.01 / 0.25|0.02 / 0.30|0.05 / 0.32|0.21 / 0.39|\n            |11048|0.01 / 0.28|0.09 / 0.33|0.12 / 0.35|0.32 / 0.38|\n            |20061|0.00 / 0.24|0.04 / 0.25|0.04 / 0.29|0.13 / 0.35|\n            |0a060|0.00 / 0.19|0.03 / 0.22|0.11 / 0.26|0.21 / 0.33|\n    \n        - **Conclusion:**\n            - RPG offers good initializations, faster adaptation and reduces training costs.\n            - RPG can generalize to complex tasks.\n\n    - **larger dataset:**\n\n        - **Setting:** ViT-Small on ImageNet-1K (coarse-grained 10 classes).\n        \n        - **Results:**\n\n            |unseen tasks|original|RPG|\n            |-|-|-|\n            |015|91.5|89.7|\n            |1a1|88.5|87.0|\n            |3f2|89.1|88.1|\n            |30b|89.3|87.3|\n            |2ad|91.4|90.4|\n            |370|88.6|87.2|\n            |2be|92.5|90.1|\n            |1ea|89.5|87.5|\n            |2d1|90.1|87.9|\n            |360|90.2|89.2|\n    \n        - **Conclusion:**\n            - RPG can also generalize at ImageNet, achieving comparable performance to  trained models.\n\n\n\n**Q5:** Some key results are buried in the appendix.\n\n**A5:** We make the following modifications.\n- Move **Tables 19 and 20** , and relevant analysis to the main text in the revision.\n- Examine other details of our work and refine it accordingly.\n\n\n\n**Q6:** Can you report standard deviations for Tables 1, 2 and 7? \n\n**A6:** We provide the std below and include them in the revision:\n- **Note:**\n    - We present the data in **accuracy (std)** format.\n    - Due to word limit, we only provide **Table 1** and will update the rest results once entered discussion phase.\n- **Table 1:**\n    |arch. \\ acc.(%)|ResNet-18|ResNet-50|ViT-Tiny|ViT-Small|ViT-Base|ConvNeXt-A|ConvNeXt-L|\n    |-|-|-|-|-|-|-|-|\n    |original|70.0(0.28)|79.8(0.05)|74.9(0.13)|81.4(0.08)|84.4(0.08)|75.2(0.07)|85.8(0.10)|\n    |generated|69.5(0.23)|79.5(0.07)|75.3 (0.07)|80.5 (0.14)|84.4 (0.12)|74.4 (0.11)|85.5 (0.19)|\n\n\n**Q7:** Why do blue subscript of Table 7 vary across entries in the same column?\n\n**A7:** Some works did not have updated the code with the latest paper, making them difficult to reproduce. Therefore, all the data in Table 7 are taken from the original papers and are not our reproduced results. Since the checkpoints used in the original papers vary across studies, we have added blue subscript markers to indicate this.\n\n\n\n**Q8:** What is the smallest RPG parameter count that can match at least 95 percent of baseline accuracy?\n\n**A8:** Thanks for the comment.\n- We conduct ablation studies **Appendix C.3**, **Table 19** to explore this, and we put the results here for convenience.\n- **Settings:** We generate **ViT-Tiny** with RPG of various parameter counts and report the accuracy.\n- **Results:**\n    |# RPG parameter|acc.|\n    |-|-|\n    |20M|0.3|\n    |81M|70.8|\n    |273M|75.2|\n    |1087M|75.3|\n    \n- **Findings and Conclusions:**\n    - At parameter count of 81M, RPG generates model with accuracy of 70.8% \n    - As in **Section 3.1**, **Table 1**, baseline accuracy is 74.9%.\n    - The generated model achieves **70.8% ÷ 74.9% = 94.5% (roughly 95%)** of the original model's performance.\n\n\n\n**Q9:** Generated models are still below one billion parameters, limiting immediate applicability to large language models.\n\n**A9:** Thanks for the comment.\n- We admit that RPG currently don't support LLM **full model** generation.\n- As in **A2**, RPG's scaling up **bottleneck** is its heavy **backbone**. We are currently working on finding **lighter alternatives**.\n- Moreover, we can generate **LoRA parameters**, which offers efficient **task adaptation** of LLMs.\n- **Solutions for scaling up**:\n    - Finding **lighter recurrent backbones**.\n    - Improving the **Efficiency of tokenization**.\n\n\n**Q10:** RPG is not permutation invariant; it learns explicit neuron permutations, which increases model size and training time.\n\n**A10:** Thanks for the comment.\n\n- We admit that **permutation invariant** is a crucial question in parameter generation, which enables training on checkpoints **collected from various sources**.\n- We introduce **permutation state** to mitigate this problem, as stated in **A1**. Results show that without permutation state can **cause failure** in training on models with different permutations.\n- Our method can **alleviate** the problem, but achieving permutation invariant remains challenging, and we will continue to explore in the future."
      }
    },
    {
      "type": "OFFICIAL_REVIEW",
      "rid": "YV9uMnmh9B",
      "report": {
        "summary": "- Parameter-generating models have struggled to scale to large numbers of generated parameters.\n- This work presents a novel setup that proposes parameter tokenization combined a recurrent state-space network to model inter-layer dependencies, and a diffusion model for parameter prediction, these techniques enable scaling the number of predicted parameters.\n- The paper evaluates the method on a wide variety of tasks and networks across vision and language, showing that the approach works in practice.\n- Many ablations are provided to justify the modeling choices such as recurrent architecture, type of positional embeddings or tokenization stretegy.",
        "ethical_concerns": "NO or VERY MINOR ethics concerns only",
        "final_justification": "See my reply to the authors, they addressed some of my key concerns. While the presentation has room for improvement, I believe the work is technically sound.",
        "limitations": "- Generated models are still below one billion parameters, limiting immediate applicability to large language models.  \n- RPG is not permutation invariant; it learns explicit neuron permutations, which increases model size and training time.",
        "strengths_and_weaknesses": "**Strengths**\n\n- *Quality* - Wide coverage of architectures (ResNet, ViT, ConvNeXt, LoRA-augmented LLMs) and both vision and language tasks.\n- *Analysis* - Ablation study is thorough, dissecting many modeling choices in order to pinpoint what matters for accuracy and efficiency.  \n- *Significance* - Results show single GPU generation of ~200M parameter networks, pushing parameter generation methods further than prior work.  \n- *Originality* - Combines parameter tokenization with a recurrent decoder and parameter diffusion. I believe this is novel work in this area of research. \n\n**Weaknesses**\n\n- *Clarity* - After reading the paper, I find that training versus inference details are underspecified. E.g. the procedure for predicting weight unnormalization shifts and scales; as well as how to choose permutation states at inference time remains unclear.  \n- *Significance* - Paper never analyzes how many RPG parameters are required relative to each target model, making cost-benefit trade-offs hard to judge. \n- *Significance* - There is no quantification of how many checkpoints are needed to train RPG well. An ablation here would be really informative.\n- *Presentation/Quality* - Section 4 feels like a distraction and my opinion overstates the results. \"Unseen tasks\" have the same training data as seen tasks, and the \"task\" amounts to adapting the weights of the last layer, so it is not a useful result in practice. Furthermore, the relative sizes of training and test sets (1002 and 20 tasks) are not realistic.\n- *Presentation* - In contrast, some key results (Tables 19 and 20) are buried in the appendix but I find them more relevant to the presented work and should be in the main body of the paper.",
        "questions": "1. In Equation 1 weights are normalized during training. How are the corresponding shift and scale values produced at inference?  \n2. If permutation states are one-hot during training, what representation is used at inference?  \n3. Can you report standard deviations for Tables 1, 2 and 7? Additionally, why do the blue figures in Table 7 vary across entries in the same column?  \n4. For the presented tasks/architecture, what is the minimum number of checkpoints required to train a useful RPG model?  \n5. Conversely, for the presented networks what is the smallest RPG parameter count that can match at least 95 percent of baseline accuracy ?\n\n*I would consider raising my score if these questions are answered satisfactorily.*",
        "paper_formatting_concerns": "n/a",
        "responsible_reviewing_acknowledgement": "Yes",
        "code_of_conduct_acknowledgement": "Yes"
      },
      "scores": {
        "quality": "3",
        "clarity": "2",
        "significance": "3",
        "originality": "3",
        "rating": "4"
      },
      "meta": {
        "confidence": "4"
      }
    },
    {
      "type": "OFFICIAL_REVIEW",
      "rid": "97VktbMbOS",
      "report": {
        "summary": "The paper proposes a network design that generates parameters of another neural network in a scalable and efficient manner. Their proposed network takes a form of a recurrent network so generated layers are generated in a manner that is aware of the inter-part correlations.  Their model is trained with a diffusion objective to enable sampling of network parameters. They show experimentally that the so generated networks are comparable with network trained via backpropagation.",
        "ethical_concerns": "NO or VERY MINOR ethics concerns only",
        "final_justification": "I recommend this paper for weak accept",
        "limitations": "yes",
        "strengths_and_weaknesses": "Strengths:\n1) Proposing recurrent hypernetworks is an interesting and innovative idea.\n2) Sufficient ablation experiments are done to justify the various design choices.\n3) Out-of-distribution experiments are quite interesting and show capabilities of hypernetworks to generalize to new tasks\n\nWeaknesses:\n1) Mis-stated lines:   \n       (a) line 20: However, neural network parameter generation—from early HyperNetworks [20] to more recent diffusion-based methods [45, 63, 58]—has not kept pace with the expansion of main stream vision and language models\"-- I disagree with this part of the paper's motivation. There are works such as [1,2] that have scalable hypernetworks. [1] replaces the MLP hypernetwork in the original HyperNetworks paper,  with a convolutional layer which makes the original hypernetwork (with a few other modifications) quite scalable. [1]  uses hypernetworks to generate models that are around 20M parameters and I dont see why it should not be capable of scaling to ~100M parameter size. For [2] they use it to generate NeRFs which are just a few MLP layers, but these models are also capable of scaling to models of size ~100M. So I think, line 20 is not true, unless the authors can show some experiments where hypernetworks such as the ones in [1,2] fail when required to generate weights for large networks. One distinction I would like to make here is that [1,2] have low dimensional embeddings (that are trainable) that get mapped to weights of the generated network, whereas in the paper, they take a generative approach, which maps noise to weights perhaps line 20 can be rephrased as \"hypernetworks that generate parameters from noise dont scale well\".  \n\n\n\n       (b) line 24: \"This discrepancy not only underscores the challenge of scalability but also confines existing generators to academic demonstrations rather than real-world applicability.\"-- I disagree with this line the way it is stated. [2,3,4] demonstrate that  hypernetworks can be used in real-world applications, they require generating only NeRFs which are typically smaller models.  So imo hypernetworks are not just confined to academic demonstrations due to scalability challenges.  \n\n\n       (c) line 29: \"Traditional approaches such as HyperNetworks struggle to handle even moderately sized models, primarily due to memory overheads and optimization complexity\"--Simple modifications to the orginal HyperNetworks paper as demonstrated in [1] make it very easy to scale. I personally have trained hypernetworks to generate parameters for ResNets of size 100M using the recipe given by [1] for tasks like CIFAR and ImageNet classification. It could be helpful if the authors can show [1,2] not scaling well for some applications.\n\n2) Lacks main motivation: The main motivation of the paper as I see it,\"current parameter generation methods do not scale well when asked to generate weights of large models\" is in my opinion not true. That said, the paper does IMO explore an interesting class of hypernetworks that are capable of generation of parameters from noise as opposed to [1,2] which map learnable embeddings to network weights. I think it would be useful if the authors can motivate why such a class of hypernetworks is more appealing than the class of hypernetworks that map embeddings to network weights as in [1,2]. If the authors can provide a suitable answer to this, I am happy to increase my rating. \n\n3) Measuring diversity of generated networks: While the authors show diversity of models (following prior work) using a reasonable metric of selecting maximum IoU with original models. IMO a better metric would be to see if linear mode connectivity[5,6] breaks, so typically if models end up in the same basin, it is shown that interpolation of those models leads to a model which is also valid model with the same performance level as the models that were interpolated, however if these model are in different basins then interpolation between these models would lead to a model that performs significantly worse than the models used for interpolation. So I am suggesting taking the generated models and seeing with what fraction of the model weights used in training does convex mode connectivity break. This metric would actually suggest diversity in the sense of models belonging to different basins which imo is more meaningful. I understand it might be hard to implement such a metric within the rebuttal period, but just a suggestion to try out.\n\n4) Missing related work: A discussion on [1,2,3,4], especially given [3] uses a recurrent hypernetwork would help in contextualizing the current work.\n\n[1] Babu, Sudarshan, Pedro Savarese, and Michael Maire. \"HyperNetwork Designs for Improved Classification and Robust Meta-Learning.\"\n\n[2] Chen, Yinbo, and Xiaolong Wang. \"Transformers as meta-learners for implicit neural representations.\" European Conference on Computer Vision. Cham: Springer Nature Switzerland, 2022.\n\n[3] Babu, Sudarshan, et al. \"Hyperfields: Towards zero-shot generation of nerfs from text.\" arXiv preprint arXiv:2310.17075 (2023).\n\n[4] Lorraine, Jonathan, et al. \"Att3d: Amortized text-to-3d object synthesis.\" Proceedings of the IEEE/CVF International Conference on Computer Vision. 2023.\n\n[5] Frankle, Jonathan, et al. \"Linear mode connectivity and the lottery ticket hypothesis.\" International Conference on Machine Learning. PMLR, 2020.\n\n[6] Yunis, David, et al. \"On convexity and linear mode connectivity in neural networks.\" OPT 2022: Optimization for Machine Learning (NeurIPS 2022 Workshop). 2022.",
        "questions": "1) Is the permutation state essentially a one hot encoding on the trained networks used to train the hypernetwork?",
        "paper_formatting_concerns": "No formatting concerns",
        "responsible_reviewing_acknowledgement": "Yes",
        "code_of_conduct_acknowledgement": "Yes"
      },
      "scores": {
        "quality": "2",
        "clarity": "2",
        "significance": "2",
        "originality": "3",
        "rating": "4"
      },
      "meta": {
        "confidence": "5"
      }
    },
    {
      "type": "OFFICIAL_REVIEW",
      "rid": "CJSqfVMUZM",
      "report": {
        "summary": "The authors present a new method that tackles the problem of parameter generation, this is the problem of generating well performing network parameters that solve a certain task with no previous information on how to solve the task, that can scale and is more efficient that previous approaches at generating a large ammount of parameters, while being well performant.",
        "ethical_concerns": "NO or VERY MINOR ethics concerns only",
        "final_justification": "The authors addressed all my questions, specially about the significance of the results, as such I maintain the positive rating, as I consider the work offers an improvement from previous works.",
        "limitations": "yes",
        "strengths_and_weaknesses": "strengths:\n+ The paper is overall well written\n+ The method appears to significantly improve over previous works\n\t+ with a good comparison with previous works, and different models and problems\n\nweaknesses:\n+ lack of statistical significance over the results, showing only best, avg, min for the distribution of parameters generated by a single model\n+ no code release, and provided details are not enough to fully reproduce the experiments",
        "questions": "What is the impact of Nope or a random fixed positional encoding in section 3.3? If I understood correctly,  the 1D sinusoidal is independent of the network structure, and it does not have terrible performance; thus, I wonder what the impact of the positional encoding is in the learning process.\n\nCould you also provide more details on how permutation states are generated and how they work? When you train with permutation states, do you also permute the parameters used for training? Working like a data augmentation?",
        "paper_formatting_concerns": "typos:\n+ line 159 : \"theclassification,\"",
        "responsible_reviewing_acknowledgement": "Yes",
        "code_of_conduct_acknowledgement": "Yes"
      },
      "scores": {
        "quality": "3",
        "clarity": "3",
        "significance": "3",
        "originality": "3",
        "rating": "5"
      },
      "meta": {
        "confidence": "2"
      }
    },
    {
      "type": "OFFICIAL_REVIEW",
      "rid": "ZOgDvRu9Ht",
      "report": {
        "summary": "The paper introduces Recurrent Diffusion for Large-Scale Parameter Generation (RPG), a novel framework for generating full neural network parameters (up to hundreds of millions) on a single GPU. By partitioning parameters into tokens, modeling inter-token relationships via a recurrent mechanism, and synthesizing parameters through diffusion, RPG achieves performance comparable to trained models across diverse architectures (ResNets, ViTs, ConvNeXts, LoRA-based LLMs).",
        "ethical_concerns": "NO or VERY MINOR ethics concerns only",
        "final_justification": "Please see my latest comment.",
        "limitations": "N/A",
        "strengths_and_weaknesses": "Strengths\n1. The paper presents a well-structured framework with a clearly articulated methodology, including parameter tokenization and recurrent diffusion processes.\n2. The experimental validation is rigorous, encompassing diverse architectures (ResNets, ViTs, ConvNeXts, LLMs) and tasks (ImageNet, COCO, ADE20K, commonsense reasoning). Notably, the work bridges a critical scale gap by generating parameters for models with up to 200M weights.\n\nWeaknesses\n1. Limited architectural generalization: The method lacks validation on generating parameters for unseen neural network architectures, raising questions about its broader applicability.\n2. Computational cost transparency: The proposed approach relies on multiple pre-trained checkpoints as training data (e.g., 50 checkpoints for ImageNet-1K, lines 162–166). While the inference-time efficiency of parameter generation is highlighted, the total computational overhead—including (a) checkpoint collection and (b) diffusion model training—is not compared to directly training a model on the target task. This omission makes the method’s practical efficiency unclear.\n3. Performance gap on unseen tasks: As shown in Table 8, the generated parameters for novel tasks significantly underperform compared to standard training baselines.\n4. Unclear practical utility: The paper does not sufficiently justify why recurrent diffusion-based parameter generation is preferable to direct training in real-world scenarios. Concrete use cases or advantages (e.g., cross-architecture transfer, resource savings) remain unspecified.",
        "questions": "1. How does the method perform when generating parameters for neural network architectures not seen during training?\n2. What is the total computational overhead—including checkpoint collection and diffusion model training—compared to directly training a model on the target task, and under what conditions does this approach offer efficiency gains?\n3. Why does the generated parameter performance degrade significantly on unseen tasks (as shown in Table 8)?\n4. In what real-world scenarios would recurrent diffusion-based parameter generation be more advantageous than direct training, and are there measurable benefits (e.g., cross-architecture transfer, resource savings) that justify its use?",
        "paper_formatting_concerns": "N/A",
        "responsible_reviewing_acknowledgement": "Yes",
        "code_of_conduct_acknowledgement": "Yes"
      },
      "scores": {
        "quality": "1",
        "clarity": "2",
        "significance": "1",
        "originality": "2",
        "rating": "3"
      },
      "meta": {
        "confidence": "4"
      }
    }
  ]
}