{
  "forum_id": "3Fs64f1Li0",
  "metadata": {
    "source": "NeurIPS",
    "year": 2025,
    "title": "**Deep Tree Tensor Networks**",
    "abstractText": "Originating in quantum physics, tensor networks (TNs) have been widely adopted as exponential machines and parametric decomposers for recognition tasks. Typical TN models, such as Matrix Product States (MPS), have not yet achieved successful application in natural image recognition. When employed, they primarily serve to compress parameters within pre-existing networks, thereby losing their distinctive capability to capture exponential-order feature interactions. This paper introduces a novel architecture named Deep Tree Tensor Network (DTTN), which captures  $2^L$ -order multiplicative interactions across features through multilinear operations, while essentially unfolding into a tree-like TN topology with the parameter-sharing property. DTTN is stacked with multiple antisymmetric interaction modules (AIMs), and this design facilitates efficient implementation. Furthermore, our theoretical analysis demonstrates the equivalence between quantum-inspired TN models and polynomial/multilinear networks under specific conditions. We posit that the DTTN could catalyze more interpretable research within this field. The proposed model is evaluated across multiple benchmarks and domains, demonstrating superior performance compared to both peer methods and state-of-the-art architectures. Our code is publicly available at https://github.com/NieCha/deep tree tensor network.",
    "sections": [
      {
        "heading": "1 Introduction",
        "text": "\"Simplicity is the ultimate sophistication.\" — Leonardo da Vinci\n\nThe wavefunction of a quantum many-body system typically resides in an extremely high-dimensional Hilbert space, with its complexity increasing exponentially as the particle count grows [27, 60]. For example, consider a system consisting of N spin- $\\frac{1}{2}$  particles; the dimensionality of the corresponding Hilbert space would be  $2^N$ . Tensor networks (TNs) offer powerful numerical techniques for tackling the \"Curse of Dimensionality\" [12]. By leveraging the local entanglement properties of quantum states, TNs represent complex wavefunctions into multilinear representations of multiple low-dimensional cores, thereby significantly reducing computational and storage requirements [11, 44]<sup>1</sup>. This class of methods allows for an accurate representation of quantum states while mitigating the exponential growth in complexity, making it feasible to simulate large-scale quantum systems [26, 44].\n\nRecently, TN-based interpretable and quantum-inspired white-box machine learning has attracted the attention of researchers. It holds the potential to generate novel schemes that can run on quantum hardware [25, 43]. Typical TN models, including Matrix Product States [13] (MPS<sup>2</sup>), Tree Tensor Network (TTN) [5], and Multi-Scale Entanglement Renormalization Ansatz (MERA) [45] are\n\n<sup>&</sup>lt;sup>1</sup>In tensor network theory, states that satisfy the area law for entanglement entropy can be efficiently approximated using TNs with finite bond dimensions.\n\n<sup>&</sup>lt;sup>2</sup>The MPS is also referred to as Tensor Train [41], or Tensor Ring [61] with the periodic condition in classical machine learning.\n\n![](_page_1_Figure_0.jpeg)\n\n![](_page_1_Figure_1.jpeg)\n\nFigure 1: Schematic diagram of the quantum-inspired MPS model and DTTN towards image recognition task. The former is applied for tiny inputs and setting a small local mapping dimension d=2 and bond dimension  $D\\leq 64$  in general[43]. DTTN handles complex inputs while retaining spatial locality in linear projection, and its parameter-sharing nature allows for maintaining a high bond dimension.\n\nskillfully applied in image classification. Routine practice is to map each pixel or local patch of the image to a d-dimensional vector by a local map function  $\\phi(\\cdot)$ , and then use the *tensor product* to obtain a joint feature map  $\\Phi(x)$  of  $d^N$  dimensionality (see Fig. 1 left). This process can be expressed as follows:\n\n$$f(x) = \\arg \\max_{m} \\langle \\mathbf{W}^{m}, \\Phi(x) \\rangle.$$\n (1)\n\nHere,  $\\boldsymbol{W}^m$  represents a (N+1)-th order tensor with an output index m;  $f(\\cdot):\\mathbb{R}^{w\\times h\\times c}\\to\\mathbb{R}$  denotes a multilinear function. In principle, mapping samples into exponential dimensional space to achieve linear separability instead of adopting activation functions is the essence of TNs [47, 43, 42]. However, existing methods are limited to simple tasks, e.g., MNIST and Fashion MNIST [5, 43], and we reveal that this is mainly due to 1) low computational efficiency and 2) lack of feature self-interaction capability (Section 3.3 for more details). Consequently, our goal is to address these challenges by applying TNs to complex benchmarks such as ImageNet-1K, thereby bridging the gap between TNs and modern architectures.\n\nAlternatively, TNs are popularly employed to parameterize existing network models for acceleration. For example, the variational parameters of a network can be directly decomposed into TN formats, including convolutional kernels [40], fully-connected weights [32, 39], and attention blocks [34], to name a few. During inference, one can choose to retain or merge the TN structure as required. However, such techniques are devoid of probabilistic interpretation and feature multiplicative interaction. Notably, there exist intriguing and previously unexplored similarities between advanced deep learning architectures and TNs, such as MLP-Mixer [51], polynomial networks, and multilinear networks [9, 10, 7], which have demonstrated strong performance on complex visual tasks. As shown in Fig. 2, we visualize different architectures from the TN perspective for comparison. We note that contemporary architectures exhibit several key distinctions from existing TNs, including the incorporation of *nonlinear activations* and *instance normalization*. Consequently, we can improve TNs by drawing insights from advanced architectures through rigorous equivalence analysis, thereby overcoming their limitations on complex benchmarks.\n\nConcretely, we introduce a novel class of TN architectures, named *Deep Tree Tensor Network* (DTTN), which uses multilinear operations to capture exponential-order interactions among features and predict targets without relying on activation functions or attention mechanisms. DTTN is constructed by sequentially stacking multiple antisymmetric interaction modules (AIMs) and inherently unfolds into a *tree*-like structure to reach on-par performance compared to advanced architectures, with better interpretability and understanding. Overall, the contributions of this paper are summarized as follows:\n\n- We introduce DTTN, a simple yet effective architecture constructed by sequentially stacking AIMs. DTTN captures feature 2<sup>L</sup> multiplicative interactions without activation functions and achieves state-of-the-art performance compared to other polynomial and multilinear networks with faster convergence (see Fig. 2 (e)).\n- We provide a theoretical analysis of the equivalence between DTTN and other architectures under specific conditions. Without instance normalization, DTTN essentially reduces to a tree-topology TN, thereby overcoming the limitations of TN-based Born machines that excel mainly in simple tasks.\n\n![](_page_2_Figure_0.jpeg)\n\nFigure 2: (a-d) Illustration of Core Blocks for Different Architectures. The MLP-Mixer utilizes GELU activation and other networks via the Hadamard product \"\\*\" to enable the network to learn complex representations. We emphasize that instance batch normalization (IBN) and layer normalization (LN [57]) preceded before Hadamard product operations disrupt the polynomial unfolding nature of  $\\mathcal{R}$ -PolyNets [10] and MONet [7]. In contrast, the succinctly designed AIM circumvents this issue. The optional LN inside AIM not only enhances performance but also facilitates faster convergence. (e) Comparison of Different Networks on ImageNet-1k. When comparing various networks trained on ImageNet over different epochs, DTTN stands out by achieving state-of-the-art performance compared to other multilinear networks, significantly outperforming them.\n\n We conduct a comprehensive evaluation of the proposed model's effectiveness and broader applicability across diverse benchmarks and domains, including visual recognition, recommender systems, and physics-informed neural networks. Our results show that DTTN achieves performance comparable to, and in certain cases even outperforms, carefully designed state-of-the-art architectures.\n\n**Notations**. Throughout this paper, we use  $\\boldsymbol{x} \\in \\mathbb{R}^{I_1}$ ,  $\\boldsymbol{X} \\in \\mathbb{R}^{I_1 \\times I_2}$ ,  $\\boldsymbol{\\mathcal{X}} \\in \\mathbb{R}^{I_1 \\times \\cdots \\times I_N}$  to denote first-order vectors, second-order matrices, and N-th order tensors, respectively. The blackboard letters are employed to represent a set of objects, e.g.,  $\\mathbb{R}$  and  $\\mathbb{Z}$  denote real numbers and integers. In addition, \\*,  $\\odot$ , and  $\\otimes$  denote the *Hadamard product*, *Khatri-Rao product*, and *tensor product*, respectively. For brevity,  $|\\mathbb{K}|$  denotes the cardinality of a set  $\\mathbb{K}$ , and  $\\mathbb{K}_N$  denotes the positive integers set  $\\{1,2,\\ldots,N\\}$ . Moreover, for given tensors  $\\boldsymbol{\\mathcal{A}} \\in \\mathbb{R}^{I_1 \\times I_2 \\times I_3}$  and  $\\boldsymbol{\\mathcal{B}} \\in \\mathbb{R}^{I_4 \\times I_5 \\times I_6 \\times I_7}$ , with  $I_2 = I_4$  and  $I_3 = I_5$ . The tensor contraction is executed by summing along the shared modes of  $\\boldsymbol{\\mathcal{A}}$ ,  $\\boldsymbol{\\mathcal{B}}$  to yield a new tensor  $\\boldsymbol{\\mathcal{C}} = \\boldsymbol{\\mathcal{A}} \\times_{2,3}^{1,2} \\boldsymbol{\\mathcal{B}} \\in \\mathbb{R}^{I_1 \\times I_6 \\times I_7}$ . The entry-wise calculation can be expressed as  $\\boldsymbol{\\mathcal{C}}_{(i_1,i_6,i_7)} = \\sum_{i_2=1}^{I_2} \\sum_{i_3=1}^{I_3} \\boldsymbol{\\mathcal{A}}_{(i_1,i_2,i_3)} \\boldsymbol{\\mathcal{B}}_{(i_2,i_3,i_6,i_7)}$ . Refer to [29] for additional definitions."
      },
      {
        "heading": "2 Related Work",
        "text": ""
      },
      {
        "heading": "2.1 Quantum-Inspired TNs",
        "text": "Quantum-inspired tensor networks (TNs) enhance the performance of classical algorithms by mimicking quantum computational characteristics [25]. These methods map inputs into a Hilbert space with exponential dimensionality, achieving linear separability through local mappings and tensor products, while employing multiple low-order cores to parameterize coefficients, significantly reducing computational and storage complexity [47, 49]. The avoidance of activation functions, alongside the theoretical underpinnings rooted in many-body physics, contributes to the interpretability of TNs [43]. Recently, numerous studies have successfully applied TNs to tasks such as image classification [49], generation [5], and segmentation [48]. These studies effectively integrate established neural network techniques like residual connections [38], multiscale structures [35], and normalization [47] into TN frameworks. However, current TNs are predominantly suited for simpler tasks and face limitations in terms of computational efficiency and expressive power."
      },
      {
        "heading": "2.2 Advanced Modern Networks",
        "text": "In the contemporary landscape of deep learning, the design of network architectures has grown increasingly sophisticated and varied, each architecture presenting distinct advantages. Advanced models such as Convolutional Neural Networks (CNNs) renowned for efficient feature extraction [20,\n\n22], Transformers distinguished by their powerful contextual understanding capabilities [54], MLP-based architectures celebrated for their simple yet effective designs [51], and Mamba noted for its linear complexity [18] have become pivotal across a wide array of applications. These networks leverage nonlinearities, while beneficial for model expressiveness, but limit applicability in domains such as security and encryption. Notably, Leveled Fully Homomorphic Encryption schemes can only support addition and multiplication operations [2, 7]."
      },
      {
        "heading": "2.3 Polynomial and Multilinear Networks",
        "text": "Polynomial and multilinear networks employ addition and multiplication operations to construct intricate network representations [9, 10, 7]. Specifically, the pioneering Polynomial Network (PN) [9] constructs higher-order polynomial expansions of the input features in a modular fashion while supporting end-to-end training, achieving notable success in both image recognition and generation tasks. In their follow-up work, Chrysos et al. [10] introduce regularization strategies—such as data augmentation, instance normalization, and higher-order feature interactions—to further enhance model performance. Cheng et al. [7] drew inspiration from modern architectural designs to propose MONet, aiming to narrow the gap between multilinear networks and modern architectures. It is worth noting that both polynomial and multilinear networks can capture exponential-order feature interactions. However, a key distinction lies in their structural unfoldability: polynomial networks maintain an unfoldable structure, whereas multilinear networks may lose this property when LN is applied, as\n\n$$\\begin{cases} (\\boldsymbol{A}\\boldsymbol{z}) * (\\boldsymbol{B}\\boldsymbol{z}) = vec(\\boldsymbol{z} \\otimes \\boldsymbol{z})(\\boldsymbol{A}^T \\odot \\boldsymbol{B}^T), \\\\ \\operatorname{LN}(\\boldsymbol{A}\\boldsymbol{z}) * (\\boldsymbol{B}\\boldsymbol{z}) \\neq vec(\\boldsymbol{z} \\otimes \\boldsymbol{z}) \\operatorname{LN}(\\boldsymbol{A}^T \\odot \\boldsymbol{B}^T). \\end{cases}$$\n(2)\n\nHere  $LN(\\cdot)$  represents layer normalization, while A and B are learnable matrices.\n\nIn this work, we aim to achieve two objectives: (1) re-establish the polynomial expansion form and analyze the differences between multilinear and quantum-inspired TNs; and (2) develop a layer-normalized multilinear DTTN $^{\\dagger}$  that outperforms existing high-performance multilinear networks [7]."
      },
      {
        "heading": "3 Method",
        "text": "In this section, we provide a detailed description of the Deep Tree Tensor Network (DTTN). We aim to construct a tree topology network by sequentially stacking AIM blocks, which consist solely of multilinear operations. For an input image  $\\boldsymbol{x}$ , we apply a vanilla linear projection, also known as patch embedding [51], to obtain the feature map  $\\phi(\\boldsymbol{x}, \\boldsymbol{\\Lambda}_{\\phi}) \\in \\mathbb{R}^{W \\times H \\times C}$ . Similar approaches are used in other methodologies. Here  $\\boldsymbol{\\Lambda}_{\\phi} \\in \\mathbb{R}^{S^2 \\times C}$  represents a learnable matrix, where  $S, C \\in \\mathbb{N}$  denote the local patch size and the number of output channels, respectively. This procedure corresponds to the local mapping illustrated in Fig. 1, with its output serving as the input for the DTTN. It should be noted that batch normalization (BN) operations following the linear layer have been omitted for brevity, as these operations can be integrated with the nearest linear layer during inference through structural re-parameterization technique [15]."
      },
      {
        "heading": "3.1 Antisymmetric Interaction Module",
        "text": "The antisymmetric interaction module (AIM) is the core of DTTN. As illustrated in Fig. 2(d), for the l-th block input feature map  $\\mathcal{X}^l \\in \\mathbb{R}^{W_l \\times H_l \\times C_l}$ , we utilize an antisymmetric two-branch structure to capture the linear interactions of the input features separately. Both parts, denoted as  $f_1^l, f_2^l$ , incorporate a depthwise convolution layer and a linear layer, but apply them in reversed order. These layers are designed to capture spatial locality and channel interactions, respectively, effectively combining the advantages of CNN and MLP architectures [20, 51]. The antisymmetric design specifically targets reducing the complexity of AIM. The ratio of parameters and FLOPs between the two branches can be expressed as follows:\n\n\n$$R_{Para} = \\frac{r_{exp}k^{2}C_{l} + r_{exp}C_{l}^{2}}{r_{exp}k^{2}C_{l} + r_{exp}^{2}C_{l}^{2}} \\sim \\frac{1}{r_{exp}},$$\n\n$$R_{Flops} = \\frac{r_{exp}k^{2}W_{l}H_{l}C_{l} + r_{exp}W_{l}H_{l}C_{l}^{2}}{r_{exp}k^{2}W_{l}H_{l}C_{l} + r_{exp}^{2}W_{l}H_{l}C_{l}^{2}} \\sim \\frac{1}{r_{exp}},$$\n(3)\n\n![](_page_4_Figure_0.jpeg)\n\nFigure 3: Schematic overview of the DTTN architecture.\n\nTable 1: Specifications of different DTTN variants configuration. \"Tiny\", \"Small\", and \"Large\" refer to DTTN-T, DTTN-S, and DTTN-L configurations, respectively, each differing in parameter sizes. The primary distinction among these variants lies in the number of blocks and the hidden-sizes within their multi-stage structures. Additionally, models with layer normalization (LN) layers are denoted with a '†', such as DTTN<sup>†</sup>-S.\n\n| Specification     | Tiny           | Small          | Large           |\n|-------------------|----------------|----------------|-----------------|\n| Numbers of Blocks | 34             | 44             | 56              |\n| Hidden-size       | 64,128,160,192 | 96,128,192,192 | 128,192,256,384 |\n| Stages            | 6,6,16,6       | 6,6,24,8       | 8,8,32,8        |\n| Expansion ratio   | 3              | 3              | 3               |\n| Parameters (M)    | 7.1            | 12.3           | 35.9            |\n| FLOPs (B)         | 2.3            | 4.1            | 12.3            |\n\nwhere  $r_{exp} \\in \\mathbb{N}_+$  represents the expansion ratio in the inverted bottleneck design, typically set to 3,  $k \\in \\mathbb{N}_+$  denotes the kernel size, and  $C_l, W_l, H_l$  are the number of channels, width and height of the l-th block input feature map, respectively. We use the hardware-friendly Hadamard product (\\*) to capture the second-order interactions of the branch outputs. Following this, an optional LN and a linear projection layer are sequentially applied to the computation results. Finally, a shortcut connection is used to preserve the input signal and accelerate training (see Fig. 2). Overall, the AIM forward calculation can be expressed as\n\n$$\\boldsymbol{\\mathcal{X}}^{l+1} = \\boldsymbol{\\mathcal{X}}^l + Pro\\left(f_1^l(\\boldsymbol{\\mathcal{X}}^l) * f_2^l(\\boldsymbol{\\mathcal{X}}^l)\\right), \\forall l \\in \\mathbb{K}_L, \\tag{4}$$\n\nwhere  $\\text{Pro}(\\cdot)$  denotes the projection transformation operation. In summary, AIM captures second-order multiplicative interactions among input elements through multilinear operations without employing *nonlinear activations*. In contrast to core blocks inside other architectures, such as the Basic Block in  $\\mathcal{R}$ -PolyNets [10] and Mu-layer<sup>3</sup> in MONet [7], AIM employs an antisymmetric design with only one shortcut connection."
      },
      {
        "heading": "3.2 Network Architecture",
        "text": "Our proposed architecture is constructed by stacking L AIM blocks sequentially. As shown in Fig. 3, the final output is derived through average pooling and a fully-connected layer. The DTTN architecture is multi-stage, in line with its peers [9, 21, 7]. By varying the hidden-sizes and the number of blocks in each stage, we have designed three variants: DTTN-T, DTTN-S, and DTTN-L (see Table 1), each with distinct parameters to facilitate a comparative analysis. At a high level, we assert that the DTTN exhibits the following theoretical property:\n\n**Proposition 1.** The DTTN has the capability to capture  $2^L$  multiplicative interactions among input elements, which can be represented in the format of Equation (1) as  $\\Phi(\\mathbf{x}) = \\otimes^{2^L} \\phi(\\mathbf{x}, \\mathbf{\\Lambda}_{\\phi})$ . Consequently, the elements of  $f(\\mathbf{x})$  are homogeneous polynomials of degree  $2^L$  over the feature map  $\\phi(\\mathbf{x}, \\mathbf{\\Lambda}_{\\phi})$ .\n\nIt is important to note, however, that this characteristic no longer holds when LN is incorporated into the network, as LN introduces second-order statistical information. This phenomenon is clearly exemplified in models like MONet and  $DTTN^{\\dagger}$ , where the network essentially behaves as a standard multilinear model.\n\n**Unfolding Topology**. As illustrated in Fig. 3, the AIM is equivalent to a binary tree node in the absence of LN. In this case, AIM forward computation can be regarded as a TN contraction, which\n\n<sup>&</sup>lt;sup>3</sup>The MONet architecture comprises a stack of two variants of Mu-Layer. The second variant differs from the one shown in Fig. 2(c) in that it does not incorporate a spatial shift operation.\n\ncan be formulated as\n\n$$\\begin{aligned} \\boldsymbol{x}^{l+1} = & \\boldsymbol{x}^l + \\boldsymbol{B}^l \\left( (\\boldsymbol{A}_1^l \\boldsymbol{x}^l) * (\\boldsymbol{A}_2^l \\boldsymbol{x}^l) \\right) \\\\ = & \\boldsymbol{x}^l + \\text{Reshape} \\left( \\boldsymbol{B}^l (\\boldsymbol{A}_1^{l^T} \\odot \\boldsymbol{A}_2^{l^T})^T \\right) \\times_{2,3}^{1,2} (\\boldsymbol{x}^l \\otimes \\boldsymbol{x}^l) \\\\ = & \\boldsymbol{\\mathcal{C}}^l \\times_{2,3}^{1,2} (\\boldsymbol{x}^l \\otimes \\boldsymbol{x}^l) \\end{aligned} \\tag{5}$$\n\nHere  $x^l = vec(\\mathcal{X}^l) \\in \\mathbb{R}^{W_lH_lC_l}$ ,  $\\mathcal{C}^l$  signifies a third-order tensor representing structural reparameterization with the learnable matrices  $A_1^l$ ,  $A_2^l$  and  $B^l$ . The AIM captures the second-order multiplicative interactions among input elements via *tensor product* and structures the three-order tensor utilizing *PyTorch* operators. Thus, one DTTN composed of L AIMs can essentially be unfolded into a tree network with  $2^L$  leaf nodes, as pictured in Fig. 1."
      },
      {
        "heading": "3.3 DTTN vs. Other Architectures",
        "text": "**DTTN & Polynomial Networks**. DTTN can be expressed in the same polynomial expansion form as  $\\Pi$ -Net [9], which is given by\n\n$$f(\\boldsymbol{x}) = \\sum_{l=1}^{2^L} \\left( \\mathcal{W}^{[l]} \\times_{2,\\dots,l+1}^{1,\\dots,l} (\\otimes^l \\phi(\\boldsymbol{x})) \\right) + \\beta, \\tag{6}$$\n\nwhere  $\\beta \\in \\mathbb{R}^m$  represents the constant term, and  $\\mathcal{W}^{[l]}$  is a (l+1)-th order learnable parameter tensor. Notably, equations (1) and (6) become equivalent upon introducing a bias term for the elements of the input vector  $\\boldsymbol{x}$ . The networks exhibit different structured representations of the coefficients  $\\mathcal{W}^{[l]}$ , for all  $l \\in \\mathbb{K}_{2^L}$ , due to their distinct network blocks and computational graphs.\n\n**DTTN & Multilinear Networks**. We note that networks which exclusively involve multilinear operations—such as MONet, DTTN $^{\\dagger}$ , and  $\\mathcal{R}$ -PolyNets—yet lack the polynomial expansion structure can be classified as multilinear networks.\n\n**DTTN & Quantum-inspired TNs**. The main advantages of DTTN over Quantum-inspired TNs are twofold. (1) *The alternative of the local map function*. Existing TNs employ trigonometric functions for local mapping, which leads to the absence of higher-order ( $\\geq 2$ ) terms involving input elements in the network's unfolded form. This limitation results in a loss of feature self-interaction capabilities. (2) *Higher bond dimension induced by parameter-sharing properties*. Quantum-inspired TNs facilitate the parallel contraction of shared indices among N cores within the same layer. However, due to limited memory capacity, the bond dimension must often be restricted to smaller values. The following theorem establishes the equivalence between DTTNs and TNs:\n\n**Theorem 1.** Given the local mapping function  $\\phi^{ij}(x_j) = [x_j^0, \\dots, x_j^{2^L}]^T$ , a polynomial network with the expansion form of Equation (6) can be transformed into a quantum-inspired TNs model with finite bond dimension.\n\nSince the internal cores of a TN can be decomposed into a \"core-diagonal factor-core\" structure via Higher-order Singular Value Decomposition (HOSVD) [29] and subsequently merged with connectivity cores, we regard the structural differences between DTTN and quantum-inspired TNs as negligible. We believe the above theorem not only establishes an equivalence between quantum-inspired TNs and modern architectures, but also offers insights for the future development of more interpretable and high-performance TN models."
      },
      {
        "heading": "4 Experiments",
        "text": "In this section, we provide a comprehensive assessment of the DTTN's effectiveness. Specifically, in Section 4.1, we perform experiments on a series of image classification benchmarks to validate the model's superiority over other multilinear and TN architectures. In Section 4.2, we show the broader impact of the DTTN across other domains, including recommendation system and partial differential equation (PDE) solving. Section 4.3 presents ablation studies aimed at examining the impact of various design choices. The paper concludes with a discussion of the model's limitations. Further analysis and detailed results are provided in the appendix.\n\nTable 2: ImageNet-1K classification accuracy for various network architectures. Models that can be polynomially expanded are marked in red, whereas other multilinear models that do not include activation functions but incorporate layer normalization are marked in green. Our DTTN $^{\\dagger}$ -T outperforms the previous SOTA model MONet-T by 0.9% with fewer parameters and FLOPs.\n\n| Model                      | Top-1(%)       | Params (M) | FLOPs(B) | Epoch    | Activation | Attention    | Reso.     |\n|----------------------------|----------------|------------|----------|----------|------------|--------------|-----------|\n| CNN-based                  |                |            |          |          |            |              |           |\n| ResNet-50 [20]             | 77.2           | 25.0       | 4.1      | -        | ReLU       | ×            | $224^{2}$ |\n| A <sup>2</sup> Net [4]     | 77.0           | 33.4       | 31.3     | -        | ReLU       | ✓            | $224^{2}$ |\n| AA-ResNet-152 [1]          | 79.1           | 61.6       | 23.8     | 100      | ReLU       | ✓            | $224^{2}$ |\n| RepVGG-B2g4 [15]           | 79.4           | 55.7       | 11.3     | 200      | ReLU       | ×            | $224^{2}$ |\n| Transformer- and M         | Aamba-based    | i          |          |          |            |              |           |\n| ViT-B/16 [16]              | 77.9           | 86.0       | 55.0     | 300      | GeLU       | <b>√</b>     | $224^{2}$ |\n| DeiT-S/16 [53]             | 81.2           | 24.0       | 5.0      | 300      | GeLU       | ✓            | $224^{2}$ |\n| Swin-T/16 [36]             | 81.3           | 29.0       | 4.5      | 300      | GeLU       | $\\checkmark$ | $224^{2}$ |\n| Vim-S [62]                 | 80.5           | 26.0       | -        | 300      | SiLU       | $\\checkmark$ | $224^{2}$ |\n| MLP-based                  |                |            |          |          |            |              |           |\n| MLP-Mixer-B/16 [51]        | 76.4           | 59.0       | 11.6     | 300      | GeLU       | ×            | $224^{2}$ |\n| MLP-Mixer-L/16 [51]        | 71.8           | 507.0      | 44.6     | 300      | GeLU       | ×            | $224^{2}$ |\n| CycleMLP-T [3]             | 81.3           | 28.8       | 4.4      | 300      | GeLU       | ×            | $224^{2}$ |\n| Hire-MLP-Tiny [19]         | 79.8           | 18.0       | 2.1      | 300      | GeLU       | ×            | $224^{2}$ |\n| ResMLP-24 [52]             | 79.4           | 6.0        | 30.0     | 300      | GeLU       | ×            | $224^{2}$ |\n| $S^2$ MLP-Wide [59]        | 80.0           | 71.0       | 14.0     | 300      | GeLU       | ×            | $224^{2}$ |\n| $S^2$ MLP-Deep [59]        | 80.7           | 10.5       | 51.0     | 300      | GeLU       | ×            | $224^{2}$ |\n| ViP-Small/14 [21]          | 80.5           | 30.0       | 6.5      | 300      | GeLU       | ✓            | $224^{2}$ |\n| AFFNet [24]                | 79.8           | 6.0        | 1.5      | 300      | ReLU       | ✓            | $256^{2}$ |\n| Polynomial- and M          | ultilinear-bas | sed        |          |          |            |              |           |\n| П-Nets [9]                 | 65.2           | 12.3       | 1.9      | 90       | -          | ×            | $224^{2}$ |\n| DTTN-S(ours)               | 71.8 / 77.2    | 12.3       | 4.1      | 90 / 300 | -          | ×            | $224^{2}$ |\n| Hybrid Π-Nets [9]          | 70.7           | 11.9       | 1.9      | 90       | ReLU+Tanh  | ×            | $224^{2}$ |\n| PDC [8]                    | 71.0           | 10.7       | 1.6      | 100      | ReLU+Tanh  | ×            | $224^{2}$ |\n| PDC-comp [8]               | 70.2           | 7.5        | 1.3      | 100      | ReLU+Tanh  | ×            | $224^{2}$ |\n| R-PolyNets [10]            | 70.2           | 12.3       | 1.9      | 120      | -          | ×            | $224^{2}$ |\n| D-PolyNets [10]            | 70.0           | 11.3       | 1.9      | 120      | -          | ×            | $224^{2}$ |\n| MONet-T [7]                | 77.0           | 10.3       | 2.8      | 300      | -          | ×            | $224^{2}$ |\n| DTTN <sup>†</sup> -T(ours) | 77.9           | 7.1        | 2.3      | 300      | -          | ×            | $224^{2}$ |\n| DTTN <sup>†</sup> -S(ours) | 79.4           | 12.3       | 4.1      | 300      | -          | ×            | $224^{2}$ |\n| MONet-S [7]                | 81.3           | 32.9       | 6.8      | 300      | -          | ×            | $224^{2}$ |\n| DTTN <sup>†</sup> -L(ours) | 82.4           | 35.9       | 12.3     | 300      | -          | ×            | $224^{2}$ |"
      },
      {
        "heading": "4.1 Visual Recognition",
        "text": "**Setup and Training Details**. A series of benchmarks with different types, scales, and resolutions are employed for the experiments, including CIFAR-10 [30], Tiny ImageNet [31], ImageNet-100 [58], ImageNet-1K [46], MNIST, and Fashion-MNIST [56]. A detailed description of the benchmarks and training configurations is included in the supplement.\n\nTable 3: Experimental validation of various network architectures was conducted on smaller benchmarks with differing resolutions. The top-performing results are highlighted in bold. Among these, our DTTN<sup>†</sup>-S model achieves the best performance across all benchmarks, outperforming other polynomial and multilinear networks.\n\n|                         | CIFAR-10 | Tiny ImageNet | ImageNet-100 |\n|-------------------------|----------|---------------|--------------|\n| Resolution              | $32^{2}$ | $64^{2}$      | $224^{2}$    |\n| Resnet18                | 94.4     | 61.5          | 85.6         |\n| MLP-Mixer               | 90.6     | 45.6          | 84.3         |\n| Res-MLP                 | 92.3     | 58.9          | 84.8         |\n| Π-Nets                  | 90.7     | 50.2          | 81.4         |\n| Hybrid Π-Nets           | 94.4     | 61.1          | 85.9         |\n| PĎC                     | 90.9     | 45.2          | 82.8         |\n| $\\mathcal{D}$ -PolyNets | 94.7     | 61.8          | 86.2         |\n| MONet-T                 | 94.8     | 61.5          | 87.2         |\n| DTTN <sup>†</sup> -S    | 95.0     | 63.8          | 87.7         |\n\nTable 4: Experimental validation was conducted comparing the DTTN-S with quantum-inspired TNs on the MNIST and Fashion-MNIST datasets. The highest performances, marked in bold, are achieved by our DTTN-S, which outperforms previous tensor networks, including aResMPS that utilizes residual connections and ReLU activation.\n\n| Model       | MNIST  | Fashion-MNIST |\n|-------------|--------|---------------|\n| MPS Machine | 0.9880 | 0.8970        |\n| Bayesian TN | -      | 0.8692        |\n| PEPS        | -      | 0.883         |\n| LoTeNet     | 0.9822 | 0.8949        |\n| aResMPS     | 0.9907 | 0.9142        |\n| DTTN-S      | 0.9930 | 0.9236        |\n\n**DTTN vs. Polynomial Networks**. Table 2 reports the results of the unfoldable networks DTTN-S and Π-Nets [9] on ImageNet-1K (light red areas), using neither activation functions nor instance\n\nTable 5: Validating AIM as a pluggable module for enhancing feature interaction in recommendation models with consistent performance gains.\n\n| Model       | Criteo                 | Avazu                  |\n|-------------|------------------------|------------------------|\n| DeepFM      | 80.12                  | 75.46                  |\n| DeepFM+AIM  | 80.44 <sub>+0.32</sub> | 75.73 <sub>+0.27</sub> |\n| FiBiNet     | 80.42                  | 76.01                  |\n| FiBiNet+AIM | 80.97 <sub>+0.55</sub> | 76.08 <sub>+0.07</sub> |\n| DCN-V2      | 80.93                  | 76.14                  |\n| DCN-V2+AIM  | 81.15 <sub>+0.22</sub> | 76.52 <sub>+0.38</sub> |\n\nPINN-DTTN (L2 error =0.0005) SA-PINN (L2 error =0.0094) SA-PINN-DTTN(L2 error\n\nFigure 4: Performance of PINNs on linear and nonlinear Allen-Cahn PDEs: L2 error and absolute error across the Spatial-Temporal domain.\n\nTable 6: The influence of network Table 7: The influence of differ- Table 8: The influence of layer depth and width on model performance.\n\n|                | Top-1 (%) | Params(M) |\n|----------------|-----------|-----------|\n| L=8, d=256     | 79.2      | 5.6       |\n| L=16,d=256     | 85.5      | 10.2      |\n| L=24,d=256     | 86.8      | 14.8      |\n| L=32, $d$ =256 | 87.2      | 19.4      |\n| L=32,d=64      | 63.4      | 1.3       |\n| L=32,d=128     | 82.5      | 4.9       |\n| L=32, $d$ =512 | 87.9      | 76.8      |\n\nent design choices for AIM on the performance of the DTTN variants.\n\n|                      | Top-1 (%)   | Params(M) |\n|----------------------|-------------|-----------|\n| SIM-Conv             | 86.2        | 9.1       |\n| SIM-Linear           | 84.9        | 4.8       |\n| DTTN <sup>†</sup> -T | <b>86.4</b> | 6.9       |\n| Sim-Conv             | 87.8        | 15.9      |\n| Sim-Linear           | 85.2        | 8.3       |\n| DTTN <sup>†</sup> -S | 87.7        | 12.1      |\n\nnormalization inside AIM on the performance of the DTTN variants.\n\n| Model                | Top-1 (%)                   | Params(M) |\n|----------------------|-----------------------------|-----------|\n| DTTN-T               | 85.6                        | 6.9       |\n| DTTN <sup>†</sup> -T | <b>86.4</b> <sub>+1.8</sub> | 6.9       |\n| DTTN-S               | 87.3                        | 12.1      |\n| DTTN <sup>†</sup> -S | <b>87.7</b> <sub>+0.4</sub> | 12.1      |\n| DTTN-L               | 87.6                        | 35.6      |\n| DTTN <sup>†</sup> -L | <b>88.1</b> <sub>+0.5</sub> | 35.6      |\n\nnormalization. DTTN-S achieves Top-1 accuracy of 71.8% and 77.2% after 90 and 300 training epochs, respectively, significantly outperforming  $\\Pi$ -Nets by 5.6% and 12%, respectively. Additionally, DTTN-S maintains a significant advantage—nearly a 10% improvement in accuracy—over Hybrid Π-Nets that incorporate activation functions (which lose their unfolding properties).\n\nDTTN vs. Multilinear Networks. Fig. 2(e) illustrates the performance of various multilinear networks trained on ImageNet-1K over different epochs, with the curve for DTTN<sup>†</sup>-S showing superior results compared to others. Tables 2 and 3 detail the Top-1 accuracies of multilinear architectures across a range of benchmarks of varying scales, including CIFAR-10, Tiny ImageNet, ImageNet-100, and ImageNet-1K. Specifically, DTTN-S achieves improvements of 0.2%, 2.3%, 0.5%, and 2.4% over the previous best models at similar scales. Moreover, the unfoldable DTTN-S attains an impressive 77.2% accuracy on ImageNet-1K without instance normalization. Additionally, DTTN†-T surpasses the prior state-of-the-art model MONet [7] by 0.9%, while utilizing approximately 30% fewer parameters and reducing FLOPs by 20%. These comparisons demonstrate that DTTN achieves significantly faster convergence and superior performance.\n\n**DTTN vs. Quantum-inspired TNs.** DTTN outperforms other quantum-inspired TNs on smaller benchmarks like MNIST and Fashion-MNIST. Notably, these models have not yet been successfully scaled to large benchmarks. The baselines included for comparison are MPS [49], Bayesian TNS, PEPS [6], LoTeNet [47], and aResMPS [38]. The test results are reported in Tab. 4, where DTTN-S consistently achieves the best performance. Specifically, on the Fashion-MNIST dataset, DTTN-S outperformed the second-best model, aResMPS, by 0.96%. This superior performance can be attributed to the higher bond dimension facilitated by parameter sharing and self-interaction capabilities, as discussed in Section 3.3.\n\n**DTTN vs.** Advanced Architectures. We further demonstrate the competitive performance of DTTN relative to modern architectures, marking it as the first TN model to be applied to largescale benchmarks. Table 2 reports the Top-1 accuracy of the DTTN family compared to other models, including CNN-based, Transformer-based, Mamba-based, and MLP-based architectures\n\ntrained on ImageNet-1K. The DTTN<sup>†</sup>-L achieves an accuracy of 82.4% with 35.9M parameters, which is competitive and outperforms models such as DeiT-S/16 [53], ViP-Small/14 [21], and Vim-S [62]. Additionally, results in Tab. 3 further illustrate that DTTN achieves the highest accuracy on small benchmarks. The ViP-Small/14 [21] with an MLP architecture and MONet exhibit slower convergence on ImageNet-100 compared to ResNet-50 (see Appendix B), which is due to their inductive bias. In contrast, DTTN demonstrates remarkable training efficiency and superior accuracy relative to its counterparts."
      },
      {
        "heading": "4.2 Broader Impact",
        "text": "**Recommendation System**. Given the critical role of feature interaction in recommendation systems [33], we select two widely-used datasets, Criteo and Avazu, to evaluate the effectiveness of AIM in enhancing feature interaction modeling. In our implementation, AIM is designed as a pluggable module and seamlessly integrated into existing Click-Through Rate (CTR) prediction models, including DeepFM, FiBiNet [23], and DCN-V2 [55]<sup>4</sup>. In this setup, AIM replaced all linear layers in the target models, with internal convolution operations removed, leaving only linear and normalization layers. Experimental validation, reported in Tab. 5 and evaluated using AUC, shows that AIM consistently enhances performance across both datasets for all tested CTR models. Specifically, FiBiNet saw a 0.55% improvement on the Criteo dataset.\n\n**DTTN-based PDE Solver**. Physics-Informed Neural Networks (PINNs) [14] incorporate physical constraints of systems into the training process, enabling the model to learn governing physical laws for describing system behaviors. The nonlinear activation functions serve as the critical component for PINNs to capture complex patterns. Here, we apply DTTN to solve specific partial differential equations (PDEs), including both the linear case and the highly nonlinear Allen-Cahn equation (defined as  $u_t = \\epsilon \\Delta u + u - u^3$ , where  $\\epsilon$  controls interface width and  $F(u) = u^3 - u$  represents nonlinear reaction terms. The two equations to be solved are as follows:\n\n$$\\begin{cases} \\frac{\\partial u}{\\partial t} = -u \\\\ u(x, t = 0) = \\sin(\\pi x) \\\\ u(1, t) = u(-1, t) = 0 \\end{cases} \\begin{cases} u_t - 0.0001u_{xx} + 5u^3 - 5u = 0 \\\\ u(x, t = 0) = x^2 \\cos(\\pi x) \\\\ u(1, t) = u(-1, t) = -1. \\end{cases}$$\n(7)\n\nWe employ PINN [14] and Self-Adaptive PINN (SA-PINN [50]) with hard boundary conditions to address these problems. For comparison, we replace the linear layers with the AIM module to construct PINN-DTTN and SA-PINN-DTTN, which maintain identical configurations to their baselines but omit the Tanh nonlinearity. Numerical results, including the average L2-error and the absolute error of the prediction in the spatial-temporal domain, are presented in Fig. 4. DTTN-based PINNs achieve lower prediction errors without activation nonlinearity."
      },
      {
        "heading": "4.3 Ablation Study",
        "text": "Here, we conduct ablation studies to evaluate the effectiveness of various design choices, including network depth and width, the antisymmetric design of AIM, and layer normalization. We utilize ImageNet-100—a representative subset of ImageNet-1K—as our test benchmark, which is well-suited for model validation and hyperparameter tuning under limited computational resources. Throughout these experiments, all hyperparameters are kept consistent with those of the final model, except for the variable under investigation. Each model was trained from scratch. We report the experimental results in Tables 6, 7, and 8.\n\n**Depth and Width**. To control the depth and width of DTTN, we vary the number of AIM blocks and the hidden-size denoted as L and d, for brevity. For ease of comparison, we kept d fixed across different stages. As illustrated in Tab. 6, we first set L to  $\\{8, 16, 24, 32\\}$  with d=256, and subsequently varied d to  $\\{64, 128, 256, 512\\}$  while fixing L at 32. This approach enables us to explore how network depth and width affect model performance. Notably, performance declines significantly as both L and d are reduced. Specifically, Top-1 accuracy falls by 24.5% when d is reduced from 512 to 64. Furthermore, the number of model parameters grows linearly with L and quadratically with d. These observations provide indirect evidence for the effectiveness of DTTN's multi-stage design.\n\n<sup>4</sup>https://github.com/shenweichen/DeepCTR-Torch\n\nAntisymmetrical Design of AIM. We evaluate the effectiveness of the antisymmetric design of AIM on the DTTN<sup>†</sup>-T and DTTN<sup>†</sup>-S architectures. As shown in Tab. 7, we compare the impact of symmetric versus antisymmetric designs on model performance. In this context, SIM-Conv and SIM-Linear refer to the Symmetric Interaction Module (SIM), which uses prioritized convolutional and linear layers, respectively, as alternatives to AIM. We observe that DTTN<sup>†</sup>-T achieves the best results among its counterparts, whereas DTTN<sup>†</sup>-S performs only slightly worse than SIM-Conv (by 0.1%), while using approximately 20% fewer parameters. Furthermore, the reduction in the number of parameters aligns with the theoretical predictions corresponding to Equation 3.\n\n**Importance of LN**. Figure 3(d) and Table 2 highlight the essential role of the Layer Normalization (LN) layer in enhancing the network's representational capacity—a key technique for improving the performance of multilinear networks [10, 7]. Table 8 reports the improvements in DTTN variants after incorporating LN, showing gains of 1.8%, 0.4%, and 0.5%, respectively. Moreover, by comparing the results in Fig. 2(e) and Tab. 2, we observe that DTTN-S achieves a Top-1 accuracy that is 5.6% and 2.2% lower than DTTN $^{\\dagger}$ -S after 90 and 300 training epochs, respectively.\n\nMoreover, by combining the data from Figure 2(e) and Tab. 2, it can be seen that DTTN-S exhibits a Top-1 accuracy that is 5.6% and 2.2% lower than DTTN $^{\\dagger}$ -S after training for 90 and 300 epochs, respectively. This further underscores the importance of LN in boosting the performance and convergence of our proposed architecture.\n\n**Limitations**. Although we have conducted an extensive evaluation of DTTN's effectiveness and advantages, computational resource limitations prevented us from performing additional experiments. These include pre-training on larger datasets like JFT-300M and evaluating model robustness. Future research will focus on a theoretical analysis of the proposed model, as well as investigate multilinear transformer architectures tailored for large language models (LLMs)."
      },
      {
        "heading": "5 CONCLUSION",
        "text": "This paper introduces a multilinear network architecture named DTTN, which bridges the gap between quantum-inspired TNs and advanced architectures, achieving this uniquely without activation nonlinearity. Specifically, DTTN employs a modular stacking design to capture exponential interactions among input features, essentially unfolding into a tree-structured TN. We conducted extensive experiments to showcase the effectiveness of DTTNs across various benchmarks. Notably, this is the first validation of TNs' effectiveness on large-scale benchmarks, yielding competitive results compared to advanced architectures. Additionally, we explored the broader applicability of DTTN in other domains, such as recommendation systems and solving PDEs. Lastly, more theoretical discussions about DTTN will be addressed in future work."
      },
      {
        "heading": "6 Acknowledgment",
        "text": "We thank Yajie Chen and Junfang Chen for their valuable feedback and suggestions for improving this paper."
      }
    ],
    "references": [
      {
        "title": "Attention augmented convolutional networks",
        "author": [
          "Irwan Bello",
          "Barret Zoph",
          "Ashish Vaswani",
          "Jonathon Shlens",
          "Quoc V Le"
        ],
        "venue": "In Proceedings of the IEEE/CVF international conference on computer vision, pages 3286–3295",
        "citeRegEx": "Bello et al\\\\.,? 2019",
        "shortCiteRegEx": "Bello et al\\\\.",
        "year": 2019
      },
      {
        "title": "(leveled) fully homomorphic encryption without bootstrapping",
        "author": [
          "Zvika Brakerski",
          "Craig Gentry",
          "Vinod Vaikuntanathan"
        ],
        "venue": "ACM Transactions on Computation Theory (TOCT), 6(3):1–36",
        "citeRegEx": "Brakerski et al\\\\.,? 2014",
        "shortCiteRegEx": "Brakerski et al\\\\.",
        "year": 2014
      },
      {
        "title": "Cyclemlp: A mlp-like architecture for dense prediction",
        "author": [
          "Shoufa Chen",
          "Enze Xie",
          "Chongjian Ge",
          "Runjian Chen",
          "Ding Liang",
          "Ping Luo"
        ],
        "venue": "arXiv preprint arXiv:2107.10224",
        "citeRegEx": "Chen et al\\\\.,? 2021",
        "shortCiteRegEx": "Chen et al\\\\.",
        "year": 2021
      },
      {
        "title": "A2-nets: Double attention networks",
        "author": [
          "Yunpeng Chen",
          "Yannis Kalantidis",
          "Jianshu Li",
          "Shuicheng Yan",
          "Jiashi Feng"
        ],
        "venue": "Advances in neural information processing systems, 31",
        "citeRegEx": "Chen et al\\\\.,? 2018",
        "shortCiteRegEx": "Chen et al\\\\.",
        "year": 2018
      },
      {
        "title": "Tree tensor networks for generative modeling",
        "author": [
          "Song Cheng",
          "Lei Wang",
          "Tao Xiang",
          "Pan Zhang"
        ],
        "venue": "Physical Review B, 99(15):155131",
        "citeRegEx": "Cheng et al\\\\.,? 2019",
        "shortCiteRegEx": "Cheng et al\\\\.",
        "year": 2019
      },
      {
        "title": "Supervised learning with projected entangled pair states",
        "author": [
          "Song Cheng",
          "Lei Wang",
          "Pan Zhang"
        ],
        "venue": "Physical Review B, 103(12):125117",
        "citeRegEx": "Cheng et al\\\\.,? 2021",
        "shortCiteRegEx": "Cheng et al\\\\.",
        "year": 2021
      },
      {
        "title": "Multilinear operator networks",
        "author": [
          "Yixin Cheng",
          "Grigorios G Chrysos",
          "Markos Georgopoulos",
          "Volkan Cevher"
        ],
        "venue": "arXiv preprint arXiv:2401.17992",
        "citeRegEx": "Cheng et al\\\\.,? 2024",
        "shortCiteRegEx": "Cheng et al\\\\.",
        "year": 2024
      },
      {
        "title": "Augmenting deep classifiers with polynomial neural networks",
        "author": [
          "Grigorios G Chrysos",
          "Markos Georgopoulos",
          "Jiankang Deng",
          "Jean Kossaifi",
          "Yannis Panagakis",
          "Anima Anandkumar"
        ],
        "venue": "In European Conference on Computer Vision, pages 692–716. Springer",
        "citeRegEx": "Chrysos et al\\\\.,? 2022",
        "shortCiteRegEx": "Chrysos et al\\\\.",
        "year": 2022
      },
      {
        "title": "Deep polynomial neural networks",
        "author": [
          "Grigorios G Chrysos",
          "Stylianos Moschoglou",
          "Giorgos Bouritsas",
          "Jiankang Deng",
          "Yannis Panagakis",
          "Stefanos Zafeiriou"
        ],
        "venue": "IEEE transactions on pattern analysis and machine intelligence, 44(8):4021–4034",
        "citeRegEx": "Chrysos et al\\\\.,? 2021",
        "shortCiteRegEx": "Chrysos et al\\\\.",
        "year": 2021
      },
      {
        "title": "Regularization of polynomial networks for image recognition",
        "author": [
          "Grigorios G Chrysos",
          "Bohan Wang",
          "Jiankang Deng",
          "Volkan Cevher"
        ],
        "venue": "In Proceedings of the IEEE/CVF Conference on Computer Vision and Pattern Recognition, pages 16123–16132",
        "citeRegEx": "Chrysos et al\\\\.,? 2023",
        "shortCiteRegEx": "Chrysos et al\\\\.",
        "year": 2023
      },
      {
        "title": "Era of big data processing: A new approach via tensor networks and tensor decompositions",
        "author": [
          "Andrzej Cichocki"
        ],
        "venue": "arXiv preprint arXiv:1403.",
        "citeRegEx": "Cichocki et al\\\\.,? 2048",
        "shortCiteRegEx": "Cichocki et al\\\\.",
        "year": 2048
      },
      {
        "title": "Tensor networks for dimensionality reduction and large-scale optimization: Part 1 low-rank tensor decompositions",
        "author": [
          "Andrzej Cichocki",
          "Namgil Lee",
          "Ivan Oseledets",
          "Anh-Huy Phan",
          "Qibin Zhao",
          "Danilo P Mandic",
          "et al"
        ],
        "venue": "Foundations and Trends® in Machine Learning, 9(4-5):249–429",
        "citeRegEx": "Cichocki et al\\\\.,? 2016",
        "shortCiteRegEx": "Cichocki et al\\\\.",
        "year": 2016
      },
      {
        "title": "Matrix product states and projected entangled pair states: Concepts, symmetries, theorems",
        "author": [
          "J Ignacio Cirac",
          "David Perez-Garcia",
          "Norbert Schuch",
          "Frank Verstraete"
        ],
        "venue": "Reviews of Modern Physics, 93(4):045003",
        "citeRegEx": "Cirac et al\\\\.,? 2021",
        "shortCiteRegEx": "Cirac et al\\\\.",
        "year": 2021
      },
      {
        "title": "Scientific machine learning through physics–informed neural networks: Where we are and what's next",
        "author": [
          "Salvatore Cuomo",
          "Vincenzo Schiano Di Cola",
          "Fabio Giampaolo",
          "Gianluigi Rozza",
          "Maziar Raissi",
          "Francesco Piccialli"
        ],
        "venue": "Journal of Scientific Computing, 92(3):88",
        "citeRegEx": "Cuomo et al\\\\.,? 2022",
        "shortCiteRegEx": "Cuomo et al\\\\.",
        "year": 2022
      },
      {
        "title": "Repvgg: Making vgg-style convnets great again",
        "author": [
          "Xiaohan Ding",
          "Xiangyu Zhang",
          "Ningning Ma",
          "Jungong Han",
          "Guiguang Ding",
          "Jian Sun"
        ],
        "venue": "In Proceedings of the IEEE/CVF conference on computer vision and pattern recognition, pages 13733–13742",
        "citeRegEx": "Ding et al\\\\.,? 2021",
        "shortCiteRegEx": "Ding et al\\\\.",
        "year": 2021
      },
      {
        "title": "An image is worth 16x16 words: Transformers for image recognition at scale",
        "author": [
          "Alexey Dosovitskiy"
        ],
        "venue": "arXiv preprint arXiv:",
        "citeRegEx": "Dosovitskiy et al\\\\.,? 2010",
        "shortCiteRegEx": "Dosovitskiy et al\\\\.",
        "year": 2010
      },
      {
        "title": "Understanding the difficulty of training deep feedforward neural networks",
        "author": [
          "Xavier Glorot",
          "Yoshua Bengio"
        ],
        "venue": "In Proceedings of the thirteenth international conference on artificial intelligence and statistics, pages 249–256. JMLR Workshop and Conference Proceedings",
        "citeRegEx": "Glorot et al\\\\.,? 2010",
        "shortCiteRegEx": "Glorot et al\\\\.",
        "year": 2010
      },
      {
        "title": "Mamba: Linear-time sequence modeling with selective state spaces",
        "author": [
          "Albert Gu",
          "Tri Dao"
        ],
        "venue": "arXiv preprint arXiv:2312.00752",
        "citeRegEx": "Gu et al\\\\.,? 2023",
        "shortCiteRegEx": "Gu et al\\\\.",
        "year": 2023
      },
      {
        "title": "Hire-mlp: Vision mlp via hierarchical rearrangement",
        "author": [
          "Jianyuan Guo",
          "Yehui Tang",
          "Kai Han",
          "Xinghao Chen",
          "Han Wu",
          "Chao Xu",
          "Chang Xu",
          "Yunhe Wang"
        ],
        "venue": "In Proceedings of the IEEE/CVF conference on computer vision and pattern recognition, pages 826–836",
        "citeRegEx": "Guo et al\\\\.,? 2022",
        "shortCiteRegEx": "Guo et al\\\\.",
        "year": 2022
      },
      {
        "title": "Deep residual learning for image recognition",
        "author": [
          "Kaiming He",
          "Xiangyu Zhang",
          "Shaoqing Ren",
          "Jian Sun"
        ],
        "venue": "In Proceedings of the IEEE conference on computer vision and pattern recognition, pages 770–778",
        "citeRegEx": "He et al\\\\.,? 2016",
        "shortCiteRegEx": "He et al\\\\.",
        "year": 2016
      },
      {
        "title": "Vision permutator: A permutable mlp-like architecture for visual recognition",
        "author": [
          "Qibin Hou",
          "Zihang Jiang",
          "Li Yuan",
          "Ming-Ming Cheng",
          "Shuicheng Yan",
          "Jiashi Feng"
        ],
        "venue": "IEEE transactions on pattern analysis and machine intelligence, 45(1):1328–1334",
        "citeRegEx": "Hou et al\\\\.,? 2022",
        "shortCiteRegEx": "Hou et al\\\\.",
        "year": 2022
      },
      {
        "title": "Conv2former: A simple transformer-style convnet for visual recognition",
        "author": [
          "Qibin Hou",
          "Cheng-Ze Lu",
          "Ming-Ming Cheng",
          "Jiashi Feng"
        ],
        "venue": "IEEE Transactions on Pattern Analysis and Machine Intelligence",
        "citeRegEx": "Hou et al\\\\.,? 2024",
        "shortCiteRegEx": "Hou et al\\\\.",
        "year": 2024
      },
      {
        "title": "Fibinet: combining feature importance and bilinear feature interaction for click-through rate prediction",
        "author": [
          "Tongwen Huang",
          "Zhiqi Zhang",
          "Junlin Zhang"
        ],
        "venue": "In Proceedings of the 13th ACM conference on recommender systems, pages 169–177",
        "citeRegEx": "Huang et al\\\\.,? 2019",
        "shortCiteRegEx": "Huang et al\\\\.",
        "year": 2019
      },
      {
        "title": "Adaptive frequency filters as efficient global token mixers",
        "author": [
          "Zhipeng Huang",
          "Zhizheng Zhang",
          "Cuiling Lan",
          "Zheng-Jun Zha",
          "Yan Lu",
          "Baining Guo"
        ],
        "venue": "In Proceedings of the IEEE/CVF International Conference on Computer Vision, pages 6049–6059",
        "citeRegEx": "Huang et al\\\\.,? 2023",
        "shortCiteRegEx": "Huang et al\\\\.",
        "year": 2023
      },
      {
        "title": "Towards quantum machine learning with tensor networks",
        "author": [
          "William Huggins",
          "Piyush Patil",
          "Bradley Mitchell",
          "K Birgitta Whaley",
          "E Miles Stoudenmire"
        ],
        "venue": "Quantum Science and technology, 4(2):024001",
        "citeRegEx": "Huggins et al\\\\.,? 2019",
        "shortCiteRegEx": "Huggins et al\\\\.",
        "year": 2019
      },
      {
        "title": "One-dimensional many-body entangled open quantum systems with tensor network methods",
        "author": [
          "Daniel Jaschke",
          "Simone Montangero",
          "Lincoln D Carr"
        ],
        "venue": "Quantum science and technology, 4(1):013001",
        "citeRegEx": "Jaschke et al\\\\.,? 2018",
        "shortCiteRegEx": "Jaschke et al\\\\.",
        "year": 2018
      },
      {
        "title": "Accurate determination of tensor network state of quantum lattice models in two dimensions",
        "author": [
          "Hong-Chen Jiang",
          "Zheng-Yu Weng",
          "Tao Xiang"
        ],
        "venue": "Physical review letters, 101(9):090603",
        "citeRegEx": "Jiang et al\\\\.,? 2008",
        "shortCiteRegEx": "Jiang et al\\\\.",
        "year": 2008
      },
      {
        "title": "Panoptic feature pyramid networks",
        "author": [
          "Alexander Kirillov",
          "Ross Girshick",
          "Kaiming He",
          "Piotr Dollár"
        ],
        "venue": "In Proceedings of the IEEE/CVF conference on computer vision and pattern recognition, pages 6399–6408",
        "citeRegEx": "Kirillov et al\\\\.,? 2019",
        "shortCiteRegEx": "Kirillov et al\\\\.",
        "year": 2019
      },
      {
        "title": "Tensor decompositions and applications",
        "author": [
          "Tamara G Kolda",
          "Brett W Bader"
        ],
        "venue": "SIAM review, 51(3):455–500",
        "citeRegEx": "Kolda et al\\\\.,? 2009",
        "shortCiteRegEx": "Kolda et al\\\\.",
        "year": 2009
      },
      {
        "title": "Learning multiple layers of features from tiny images",
        "author": [
          "Alex Krizhevsky",
          "Geoffrey Hinton",
          "et al"
        ],
        "venue": "",
        "citeRegEx": "Krizhevsky et al\\\\.,? 2009",
        "shortCiteRegEx": "Krizhevsky et al\\\\.",
        "year": 2009
      },
      {
        "title": "Tiny imagenet visual recognition challenge",
        "author": [
          "Yann Le",
          "Xuan Yang"
        ],
        "venue": "CS 231N, 7(7):3",
        "citeRegEx": "Le et al\\\\.,? 2015",
        "shortCiteRegEx": "Le et al\\\\.",
        "year": 2015
      },
      {
        "title": "Hybrid fully connected tensorized compression network for hyperspectral image classification",
        "author": [
          "Heng-Chao Li",
          "Zhi-Xin Lin",
          "Tian-Yu Ma",
          "Xi-Le Zhao",
          "Antonio Plaza",
          "William J Emery"
        ],
        "venue": "IEEE Transactions on Geoscience and Remote Sensing, 61:1–16",
        "citeRegEx": "Li et al\\\\.,? 2023",
        "shortCiteRegEx": "Li et al\\\\.",
        "year": 2023
      },
      {
        "title": "xdeepfm: Combining explicit and implicit feature interactions for recommender systems",
        "author": [
          "Jianxun Lian",
          "Xiaohuan Zhou",
          "Fuzheng Zhang",
          "Zhongxia Chen",
          "Xing Xie",
          "Guangzhong Sun"
        ],
        "venue": "In Proceedings of the 24th ACM SIGKDD international conference on knowledge discovery & data mining, pages 1754–1763",
        "citeRegEx": "Lian et al\\\\.,? 2018",
        "shortCiteRegEx": "Lian et al\\\\.",
        "year": 2018
      },
      {
        "title": "Tensor attention training: Provably efficient learning of higher-order transformers",
        "author": [
          "Yingyu Liang",
          "Zhenmei Shi",
          "Zhao Song",
          "Yufa Zhou"
        ],
        "venue": "arXiv preprint arXiv:2405.16411",
        "citeRegEx": "Liang et al\\\\.,? 2024",
        "shortCiteRegEx": "Liang et al\\\\.",
        "year": 2024
      },
      {
        "title": "Machine learning by unitary tensor network of hierarchical tree structure",
        "author": [
          "Ding Liu",
          "Shi-Ju Ran",
          "Peter Wittek",
          "Cheng Peng",
          "Raul Blázquez García",
          "Gang Su",
          "Maciej Lewenstein"
        ],
        "venue": "New Journal of Physics, 21(7):073059",
        "citeRegEx": "Liu et al\\\\.,? 2019",
        "shortCiteRegEx": "Liu et al\\\\.",
        "year": 2019
      },
      {
        "title": "Swin transformer: Hierarchical vision transformer using shifted windows",
        "author": [
          "Ze Liu",
          "Yutong Lin",
          "Yue Cao",
          "Han Hu",
          "Yixuan Wei",
          "Zheng Zhang",
          "Stephen Lin",
          "Baining Guo"
        ],
        "venue": "In Proceedings of the IEEE/CVF international conference on computer vision, pages 10012–10022",
        "citeRegEx": "Liu et al\\\\.,? 2021",
        "shortCiteRegEx": "Liu et al\\\\.",
        "year": 2021
      },
      {
        "title": "Decoupled weight decay regularization",
        "author": [
          "I Loshchilov"
        ],
        "venue": "arXiv preprint arXiv:1711.05101",
        "citeRegEx": "Loshchilov et al\\\\.,? 2017",
        "shortCiteRegEx": "Loshchilov et al\\\\.",
        "year": 2017
      },
      {
        "title": "Residual matrix product state for machine learning",
        "author": [
          "Ye-Ming Meng",
          "Jing Zhang",
          "Peng Zhang",
          "Chao Gao",
          "Shi-Ju Ran"
        ],
        "venue": "SciPost Physics, 14(6):142",
        "citeRegEx": "Meng et al\\\\.,? 2023",
        "shortCiteRegEx": "Meng et al\\\\.",
        "year": 2023
      },
      {
        "title": "Stn: Scalable tensorizing networks via structure-aware training and adaptive compression",
        "author": [
          "Chang Nie",
          "Huan Wang",
          "Lu Zhao"
        ],
        "venue": "arXiv preprint arXiv:2205.15198",
        "citeRegEx": "Nie et al\\\\.,? 2022",
        "shortCiteRegEx": "Nie et al\\\\.",
        "year": 2022
      },
      {
        "title": "Adaptive tensor networks decomposition for high-order tensor recovery and compression",
        "author": [
          "Chang Nie",
          "Huan Wang",
          "Lu Zhao"
        ],
        "venue": "Information Sciences, 629:667–684",
        "citeRegEx": "Nie et al\\\\.,? 2023",
        "shortCiteRegEx": "Nie et al\\\\.",
        "year": 2023
      },
      {
        "title": "Tensor-train decomposition",
        "author": [
          "Ivan V Oseledets"
        ],
        "venue": "SIAM Journal on Scientific Computing, 33(5):2295–2317",
        "citeRegEx": "Oseledets et al\\\\.,? 2011",
        "shortCiteRegEx": "Oseledets et al\\\\.",
        "year": 2011
      },
      {
        "title": "Efficient tensor network simulation of ibm's largest quantum processors",
        "author": [
          "Siddhartha Patra",
          "Saeed S Jahromi",
          "Sukhbinder Singh",
          "Román Orús"
        ],
        "venue": "Physical Review Research, 6(1):013326",
        "citeRegEx": "Patra et al\\\\.,? 2024",
        "shortCiteRegEx": "Patra et al\\\\.",
        "year": 2024
      },
      {
        "title": "Tensor networks for interpretable and efficient quantum-inspired machine learning",
        "author": [
          "Shi-Ju Ran",
          "Gang Su"
        ],
        "venue": "Intelligent Computing, 2:0061",
        "citeRegEx": "Ran et al\\\\.,? 2023",
        "shortCiteRegEx": "Ran et al\\\\.",
        "year": 2023
      },
      {
        "title": "Tensor network contractions: methods and applications to quantum many-body systems",
        "author": [
          "Shi-Ju Ran",
          "Emanuele Tirrito",
          "Cheng Peng",
          "Xi Chen",
          "Luca Tagliacozzo",
          "Gang Su",
          "Maciej Lewenstein"
        ],
        "venue": "Springer Nature",
        "citeRegEx": "Ran et al\\\\.,? 2020",
        "shortCiteRegEx": "Ran et al\\\\.",
        "year": 2020
      },
      {
        "title": "A multi-scale tensor network architecture for classification and regression",
        "author": [
          "Justin Reyes",
          "Miles Stoudenmire"
        ],
        "venue": "arXiv preprint arXiv:",
        "citeRegEx": "Reyes et al\\\\.,? 2001",
        "shortCiteRegEx": "Reyes et al\\\\.",
        "year": 2001
      },
      {
        "title": "Imagenet large scale visual recognition challenge",
        "author": [
          "Olga Russakovsky",
          "Jia Deng",
          "Hao Su",
          "Jonathan Krause",
          "Sanjeev Satheesh",
          "Sean Ma",
          "Zhiheng Huang",
          "Andrej Karpathy",
          "Aditya Khosla",
          "Michael Bernstein",
          "et al"
        ],
        "venue": "International journal of computer vision, 115:211–252",
        "citeRegEx": "Russakovsky et al\\\\.,? 2015",
        "shortCiteRegEx": "Russakovsky et al\\\\.",
        "year": 2015
      },
      {
        "title": "Tensor networks for medical image classification",
        "author": [
          "Raghavendra Selvan",
          "Erik B Dam"
        ],
        "venue": "In Medical imaging with deep learning, pages 721–732. PMLR",
        "citeRegEx": "Selvan et al\\\\.,? 2020",
        "shortCiteRegEx": "Selvan et al\\\\.",
        "year": 2020
      },
      {
        "title": "Patchbased medical image segmentation using matrix product state tensor networks",
        "author": [
          "Raghavendra Selvan",
          "Erik B Dam",
          "Søren Alexander Flensborg",
          "Jens Petersen"
        ],
        "venue": "arXiv preprint arXiv:2109.07138",
        "citeRegEx": "Selvan et al\\\\.,? 2021",
        "shortCiteRegEx": "Selvan et al\\\\.",
        "year": 2021
      },
      {
        "title": "Supervised learning with tensor networks",
        "author": [
          "Edwin Stoudenmire",
          "David J Schwab"
        ],
        "venue": "Advances in neural information processing systems, 29",
        "citeRegEx": "Stoudenmire et al\\\\.,? 2016",
        "shortCiteRegEx": "Stoudenmire et al\\\\.",
        "year": 2016
      },
      {
        "title": "Adaptive self-supervision algorithms for physics-informed neural networks",
        "author": [
          "Shashank Subramanian",
          "Robert M Kirby",
          "Michael W Mahoney",
          "Amir Gholami"
        ],
        "venue": "In ECAI",
        "citeRegEx": "Subramanian et al\\\\.,? 2023",
        "shortCiteRegEx": "Subramanian et al\\\\.",
        "year": 2023
      },
      {
        "title": "Mlpmixer: An all-mlp architecture for vision",
        "author": [
          "Ilya O Tolstikhin",
          "Neil Houlsby",
          "Alexander Kolesnikov",
          "Lucas Beyer",
          "Xiaohua Zhai",
          "Thomas Unterthiner",
          "Jessica Yung",
          "Andreas Steiner",
          "Daniel Keysers",
          "Jakob Uszkoreit",
          "et al"
        ],
        "venue": "Advances in neural information processing systems, 34:24261–24272",
        "citeRegEx": "Tolstikhin et al\\\\.,? 2021",
        "shortCiteRegEx": "Tolstikhin et al\\\\.",
        "year": 2021
      },
      {
        "title": "Resmlp: Feedforward networks for image classification with data-efficient training",
        "author": [
          "Hugo Touvron",
          "Piotr Bojanowski",
          "Mathilde Caron",
          "Matthieu Cord",
          "Alaaeldin El-Nouby",
          "Edouard Grave",
          "Gautier Izacard",
          "Armand Joulin",
          "Gabriel Synnaeve",
          "Jakob Verbeek",
          "et al"
        ],
        "venue": "IEEE transactions on pattern analysis and machine intelligence, 45(4):5314–5321",
        "citeRegEx": "Touvron et al\\\\.,? 2022",
        "shortCiteRegEx": "Touvron et al\\\\.",
        "year": 2022
      },
      {
        "title": "Training data-efficient image transformers & distillation through attention",
        "author": [
          "Hugo Touvron",
          "Matthieu Cord",
          "Matthijs Douze",
          "Francisco Massa",
          "Alexandre Sablayrolles",
          "Hervé Jégou"
        ],
        "venue": "In International conference on machine learning, pages 10347–10357. PMLR",
        "citeRegEx": "Touvron et al\\\\.,? 2021",
        "shortCiteRegEx": "Touvron et al\\\\.",
        "year": 2021
      },
      {
        "title": "Attention is all you need",
        "author": [
          "A Vaswani"
        ],
        "venue": "Advances in Neural Information Processing Systems",
        "citeRegEx": "Vaswani et al\\\\.,? 2017",
        "shortCiteRegEx": "Vaswani et al\\\\.",
        "year": 2017
      },
      {
        "title": "Dcn v2: Improved deep & cross network and practical lessons for web-scale learning to rank systems",
        "author": [
          "Ruoxi Wang",
          "Rakesh Shivanna",
          "Derek Cheng",
          "Sagar Jain",
          "Dong Lin",
          "Lichan Hong",
          "Ed Chi"
        ],
        "venue": "In Proceedings of the web conference",
        "citeRegEx": "Wang et al\\\\.,? 2021",
        "shortCiteRegEx": "Wang et al\\\\.",
        "year": 2021
      },
      {
        "title": "Fashion-mnist: a novel image dataset for benchmarking machine learning algorithms",
        "author": [
          "H Xiao"
        ],
        "venue": "arXiv preprint arXiv:1708.07747",
        "citeRegEx": "Xiao et al\\\\.,? 2017",
        "shortCiteRegEx": "Xiao et al\\\\.",
        "year": 2017
      },
      {
        "title": "Understanding and improving layer normalization",
        "author": [
          "Jingjing Xu",
          "Xu Sun",
          "Zhiyuan Zhang",
          "Guangxiang Zhao",
          "Junyang Lin"
        ],
        "venue": "Advances in neural information processing systems, 32",
        "citeRegEx": "Xu et al\\\\.,? 2019",
        "shortCiteRegEx": "Xu et al\\\\.",
        "year": 2019
      },
      {
        "title": "Der: Dynamically expandable representation for class incremental learning",
        "author": [
          "Shipeng Yan",
          "Jiangwei Xie",
          "Xuming He"
        ],
        "venue": "In Proceedings of the IEEE/CVF conference on computer vision and pattern recognition, pages 3014–3023",
        "citeRegEx": "Yan et al\\\\.,? 2021",
        "shortCiteRegEx": "Yan et al\\\\.",
        "year": 2021
      },
      {
        "title": "S2-mlp: Spatial-shift mlp architecture for vision",
        "author": [
          "Tan Yu",
          "Xu Li",
          "Yunfeng Cai",
          "Mingming Sun",
          "Ping Li"
        ],
        "venue": "In Proceedings of the IEEE/CVF winter conference on applications of computer vision, pages 297–306",
        "citeRegEx": "Yu et al\\\\.,? 2022",
        "shortCiteRegEx": "Yu et al\\\\.",
        "year": 2022
      },
      {
        "title": "Renormalization of tensor-network states",
        "author": [
          "Hui-Hai Zhao",
          "Zhi-Yuan Xie",
          "Qihong N Chen",
          "Zhong-Chao Wei",
          "Jianwei W Cai",
          "Tao Xiang"
        ],
        "venue": "Physical Review B—Condensed Matter and Materials Physics, 81(17):174411",
        "citeRegEx": "Zhao et al\\\\.,? 2010",
        "shortCiteRegEx": "Zhao et al\\\\.",
        "year": 2010
      },
      {
        "title": "Tensor ring decomposition",
        "author": [
          "Qibin Zhao",
          "Guoxu Zhou",
          "Shengli Xie",
          "Liqing Zhang",
          "Andrzej Cichocki"
        ],
        "venue": "arXiv preprint arXiv:1606.05535",
        "citeRegEx": "Zhao et al\\\\.,? 2016",
        "shortCiteRegEx": "Zhao et al\\\\.",
        "year": 2016
      },
      {
        "title": "Vision mamba: Efficient visual representation learning with bidirectional state space model",
        "author": [
          "Lianghui Zhu",
          "Bencheng Liao",
          "Qian Zhang",
          "Xinlong Wang",
          "Wenyu Liu",
          "Xinggang Wang"
        ],
        "venue": "arXiv preprint arXiv:2401.09417",
        "citeRegEx": "Zhu et al\\\\.,? 2024",
        "shortCiteRegEx": "Zhu et al\\\\.",
        "year": 2024
      }
    ]
  }
}