{
  "forum_id": "8I5ENDN5ux",
  "metadata": {
    "source": "NeurIPS",
    "year": 2025,
    "title": "Beyond Node-Centric Modeling: Sketching Signed Networks with Simplicial Complexes",
    "abstractText": "Signed networks can reflect more complex connections through positive and negative edges, and cost-effective signed network sketching can significantly benefit an important link sign prediction task in the era of big data. Existing signed network embedding algorithms mainly learn node representation in the Graph Neural Network (GNN) framework with the balance theory. However, the node-wise representation learning methods either limit the representational power because they primarily rely on node pairwise relationship in the network, or suffer from severe efficiency issues. Recent research has explored simplicial complexes to capture higher-order interactions and integrated them into GNN frameworks. Motivated by that, we propose EdgeSketch+, a simple and effective edge embedding algorithm beyond traditional node-centric modeling that directly represents edges as low-dimensional vectors without transitioning from node embeddings. The proposed approach maintains a good balance between accuracy and efficiency by exploiting the Locality Sensitive Hashing (LSH) technique to swiftly capture the higher-order information derived from the simplicial complex in a manner of no learning processes. Experiments show that EdgeSketch+ matches state-of-theart accuracy while significantly reducing runtime, achieving speedups of up to 546.07× compared to GNN-based methods[2](#page-0-0) .",
    "sections": [
      {
        "heading": "1 Introduction",
        "text": "*Signed networks* provide a richer and more nuanced description of the connections than unsigned networks by differentiating positive and negative relationships. This enables critical applications like analyzing social cohesion through friend/enemy ties and improving recommender systems via positive/negative feedback. Consequently, a significant task is *link sign prediction*, which aims to predict the sign of the edge in a signed network.\n\nCurrent signed network embedding methods primarily use node-wise representation learning in Graph Neural Networks (GNNs) [\\[1](#page-9-0)[–9\\]](#page-9-1), incorporating the balance theory (i.e., a friend of my friends is my friend; a enemy of my enemies is my friend) [\\[10,](#page-9-2) [11\\]](#page-9-3). Although the node-wise signed network embedding approaches have achieved great success thanks to the balance theory, they either are trapped into the special circumstances of the edges such as isomorphic proximity or incur severe\n\n<sup>∗</sup>Corresponding author.\n\n<sup>2</sup>We have released the source code and the datasets in https://github.[com/AIandBD/EdgeSketchplus](https://github.com/AIandBD/EdgeSketchplus).\n\n![](_page_1_Figure_0.jpeg)\n\nFigure 1: In a signed network, orange and purple edges represent positive and negative signs, respectively. Balance theory suggests  $v_1$  and  $v_6$  are enemies, while  $v_{11}$  and  $v_{66}$  are indistinct. Edges  $(v_1, v_6)$  and  $(v_{11}, v_{66})$  have isomorphic proximity in node-to-node interactions but differ in a simplicial complex context.\n\nefficiency issues from neural network training. For example, in Figure 1, the balance theory cannot identify the edge  $(v_{11}, v_{66})$  but  $(v_1, v_6)$  (i.e., enemies). Meanwhile, unsigned network embedding methods, including both node embedding [12–18] and edge embedding [19–23], lack mechanisms to capture signed network properties, resulting in performance degradation in dealing with signed networks.\n\nFurthermore, a great many graph embedding methods concentrate on the node-wise interaction relationship, but real-world networks are increasingly complicated, rendering node-to-node relationships incompetent to delineate higher-order interaction relationships in the networks. For example, social network analysis emphasizes friend circles rather than individual pairs [24]. As shown in Figure 1, edges  $(v_1, v_6)$  and  $(v_{11}, v_{66})$ , which are isomorphic at the node level, differ in higher-order structures —  $(v_{11}, v_{66})$  lies in two triangles while  $(v_1, v_6)$  is in only one. Recent advancements in GNNs have incorporated simplicial complexes [25–35], which exhibit the powerful representation capability by capturing the complicated, higher-order substructures in the network, yet these approaches demand huge computational cost due to massive parameter training.\n\nBy contrast, randomization offers high efficiency in algorithm design by avoiding laborious learning processes. A well-established framework, Locality-Sensitive Hashing (LSH) [36], supported by a solid theoretical foundation, embeds similar data objects into the same location in a low-dimensional space with higher probability than dissimilar ones by randomized hash functions, preserving their relative distances. To our knowledge, most graph hashing methods [37–51] efficiently represent graphs or nodes in reduced dimensions in a non-learning fashion, though [47, 51] enhance graph classification by converting node-based graphs into simplicial complex-based ones. As this integration remains underexplored, we focus on advancing signed network sketching using LSH and simplicial complexes, aiming for robust theoretical guarantees and strong experimental results.\n\nIn this paper, we seek to strike a good balance between accuracy and efficiency of sketching the signed network by leveraging the LSH technique to capture higher-order interaction relationship from the simplicial complex. We first propose a novel edge structure distance measure tailored for the edge surrounding, which is represented via the convolution operation on the edge itself (i.e., 1-simplex) and all its direct neighborhoods containing the adjacent edges (i.e., 1-simplexes), nodes (i.e., 0-simplexes) and triangles (i.e., 2-simplexes) under the simplicial complex, preserving intricate structural information beyond traditional node-wise neighborhoods (See Appendix C). Subsequently, our cost-effective algorithm beyond node-centric modeling, EdgeSketch+, iteratively sketches edge surroundings into low-dimensional binary vectors without learning, while maintaining low computational overhead. Additionally, by doubling the binary representation length, EdgeSketch+enables integration with linear models, effectively addressing SVM kernel storage issues in large-scale scenarios. In summary, the main contributions of our work are as follows:\n\n- To our knowledge, this is the first work introducing simplicial complexes to signed networks, significantly improving embedding efficiency and link sign prediction.\n- We present a novel signed network sketching model called EdgeSketch+, which effectively and efficiently represents each signed edge by adopting the LSH technique to capture the higher-order interaction relationship from the simplicial complex.\n- The experimental results show that our proposed EdgeSketch+ algorithm enjoys good performance comparable to the state-of-the-art competitors, while remarkably reducing computational expenses, for example, running up to 546.07× faster than the GNN-based signed network embedding methods."
      },
      {
        "heading": "2 Related Works",
        "text": "**Graph Embedding with Simplicial Complex.** In order to cope with the complicated interaction in the graph, the researchers have explored the use of simplicial complex in the GNN framework for applications such as trajectory prediction [34, 29], visual inspection [31] and missing data imputation [33]. MPSN [35] and SaNN [25] perform graph classification in the message passing mechanism with the simplicial complex, while NkF [32] outperforms the existing message passing neural networks [52–54] by adopting differential k-forms on simplicial complexes to augment geometric interpretability. SGAT [26] implements node embedding by injecting simplicial complexes into heterogeneous message passing networks, and SCRaW1 [27] learns node representation by random walks on higher-order simplicies. Furthermore, SCN [30] and EdgeRWSE [28] extend node (i.e., 0-simplex) embedding to edge (i.e., 1-simplex) embedding on message passing and random walks, respectively; the latter additionally preserves information from local/global positions of the nodes and local/global structures in the network based on edge-level random walks.\n\n**Signed Network Embedding.** The signed networks assign the edges with a richer and more nuanced description such that the positive and negative edges are distinguished. In particular, link sign prediction is an important task unique to the signed networks and thus has attracted much attention from researchers. To our knowledge, most of the existing signed network embedding algorithms [1–4, 7, 5, 6, 55, 8] are node-wise representation under the balance theory [10, 11]. They usually apply a certain GNN method (e.g., GCN [53], GAT [52], GCL [56], etc.) to the signed networks based on the balance theory. RSGNN [1] aims to improve the robustness of the signed GNN methods by reducing the affect of noisy edges. Furthermore, GS-GNN [2], generalizing the balance theory to the k-group theory [57, 58], describes the node relationship with all the groups as the global information and models the positive and negative edges as the local information. SGA [59] addresses graph sparsity and unbalanced triangle issues through structure-aware edge manipulation and curriculum learning. In addition, many node embedding algorithms [12-17] are initially used for the classic downstream tasks in the traditional networks, e.g., node classification and link prediction. By contrast, only a few works [19–23] focus on the edge embedding. These methods commonly lack the mechanism of capturing the unique properties of signed networks. Whether for signed networks or traditional networks, the above network embedding algorithms mainly rely on random walks, matrix factorization and graph neural networks, which pose challenges in terms of efficiency.\n\n**Graph Hashing.** Although the GNN framework has achieved great progress, it suffers from huge computational resource and memory storage due to dramatic parameter training. To this end, the researchers have resorted to the Locality Sensitive Hashing (LSH) technique, which can efficiently conduct the high-dimensional data similarity estimation by exploiting a family of random hash functions to map the similar data objects to the close and even the same data points represented as vectors, e.g., MinHash [60], SimHash [61], etc. Some graph hashing algorithms [37–42, 62, 48–50] aim to represent each node in the network as a compact hashcode. The core idea of the methods is to extract and sketch the subtrees rooted at each node as the corresponding node representation. Although the methods can further derive the edge representation, they cannot preserve the complete characteristics of the edges. By contrast, others [43–47, 51] represent the whole graph as a low-dimensional feature vector for graph classification. Particularly, the works [47, 51] improve the performance of the above LSH-based graph classification by extracting the simplicial complex and then converting the original node-based graphs into multi-dimensional simplex-based graphs. Unfortunately, the whole graph hashing methods are not applicable in our problem setting."
      },
      {
        "heading": "3 Preliminaries",
        "text": ""
      },
      {
        "heading": "3.1 Edge-based Signed Network Embedding",
        "text": "Given a signed network  $g = (\\mathcal{V}, \\mathcal{E}^+ \\cup \\mathcal{E}^-)$ , where  $\\mathcal{V}$  is a node set,  $\\mathcal{E}^+ \\subseteq \\mathcal{V} \\times \\mathcal{V}$  is a positive edge set and  $\\mathcal{E}^- \\subseteq \\mathcal{V} \\times \\mathcal{V}$  is a negative edge set. Note that  $\\mathcal{E}^+ \\cap \\mathcal{E}^- = \\emptyset$  means that an edge e is either positive or negative. Edge-based signed network embedding seeks to sketch each edge  $e \\in \\mathcal{E}^+ \\cup \\mathcal{E}^-$  as a low-dimensional vector  $\\mathbf{x}_e \\in \\mathbb{R}^D$ , which facilitates the link sign prediction task."
      },
      {
        "heading": "3.2 Simplicial Complex",
        "text": "Given a network  $g = (\\mathcal{V}, \\mathcal{E})$ , where  $\\mathcal{V}$  is a node set and  $\\mathcal{E}$  is an edge set, we call it k-simplex  $S_k = [v_0, v_1, \\ldots, v_k]$  if a node subset  $\\{v_0, v_1, \\ldots, v_k\\} \\subseteq \\mathcal{V}$  forms a clique in g, for example, a 0-simplex is a node, a 1-simplex is an edge, a 2-simplex is a triangle, etc. Also, given a k-simplex  $S_k = [v_0, \\ldots, v_k]$  and a (k-1)-simplex  $S_{k-1} = [v_0, \\ldots, v_{k'-1}, v_{k'+1}, \\ldots, v_k]$ ,  $S_k$  is a co-boundary adjacency and  $S_{k-1}$  is a boundary adjacency. Formally, the boundary operator is  $\\partial S_k = \\sum_{k'=0}^k (-1)^{k'} S_{k-1} = \\sum_{k'=0}^k (-1)^{k'} [v_0, \\ldots, v_{k'-1}, v_{k'+1}, \\ldots, v_k]$ . Furthermore, a simplicial complex C is a collection of different dimensional simplexes in the network. We let K be the largest dimension of any simplex in C, and  $C_k$  be the subset composed of all the k-simplexes. We encode the adjacency relationship between (k-1)-simplexes and k-simplexes as k-, where the columns represent the corresponding coefficients of the k-simplexes in the above-mentioned boundary operator of all the k-simplexes. Consequently, the Hodge Laplacian of a K-dimensional simplicial complex is defined as\n\n\n$$\\mathbf{L}_0 = \\mathbf{B}_1 \\mathbf{B}_1^{\\mathsf{T}}$$\n\n$$\\mathbf{L}_k = \\mathbf{B}_k^{\\mathsf{T}} \\mathbf{B}_k + \\mathbf{B}_{k+1} \\mathbf{B}_{k+1}^{\\mathsf{T}}, k \\in \\{1, 2, \\dots, K-1\\}$$\n\n$$\\mathbf{L}_K = \\mathbf{B}_K^{\\mathsf{T}} \\mathbf{B}_K$$\n(1)\n\nwhere each row and each column of  $\\mathbf{L}_k$  denotes a k-simplex,  $k \\in \\{0, 1, \\dots, K\\}$ . Similarly,  $\\mathbf{L}_k$  describes the adjacency relationship between any two k-simplexes. Note that an entry of  $\\mathbf{B}_k/\\mathbf{L}_k$  is 0 if the two corresponding simplexes are not adjacent; otherwise, it is non-zero. The simplicial complex bridges geometric topology with algebraic topology, which further establishes a connection between graph analysis and topology. In a word, the simplicial complex assists in preserving higher-order interaction relationship in the network."
      },
      {
        "heading": "3.3 Locality Sensitive Hashing",
        "text": "An efficient framework for data sketching and similarity preserving backed by solid theoretical foundation is Locality-Sensitive Hashing (LSH) [36], which sketches the similar data objects as the same hashcode with a higher probability than the dissimilar ones by a family of randomized hash functions.\n\n**Definition 1** (Locality Sensitive Hashing). A family  $\\mathcal{H}$  of randomized functions is called  $(d_1, d_2, p_1, p_2)$ -sensitive if for two data objects  $\\mathbf{p}$  and  $\\mathbf{q}$ , and  $\\forall h \\in \\mathcal{H}$ :\n\n- If  $dist(\\mathbf{p}, \\mathbf{q}) \\le d_1$ , then  $Pr(h(\\mathbf{p}) = h(\\mathbf{q})) \\ge p_1$ ;\n- If  $dist(\\mathbf{p}, \\mathbf{q}) \\ge d_2$ , then  $Pr(h(\\mathbf{p}) = h(\\mathbf{q})) \\le p_2$ ,\n\nwhere  $d_1 < d_2$  under a certain distance measure dist and  $0 \\le p_2 < p_1 \\le 1$ ."
      },
      {
        "heading": "4 Signed Network Sketching",
        "text": "In this section, we propose a novel signed network sketching model called EdgeSketch+ beyond node-centric modeling, which employs the simplicial complex to capture the higher-order interaction relationship in the signed network and then efficiently implements edge embedding in the LSH framework. The relevant definitions are provided in Appendix C."
      },
      {
        "heading": "4.1 The EdgeSketch+ Algorithm",
        "text": "We outline the proposed EdgeSketch+ method in Algorithm 1. The input consists of a signed network  $g = (\\mathcal{V}, \\mathcal{E}^+ \\cup \\mathcal{E}^-)$ , the number of dimensions for edge embedding D, the number of iterations R, and R sets of  $3 \\times D$  random vectors  $\\{\\mathbf{h}_k^{(d,r)}\\}_{k=0,d=1,r=1}^{2,D,R}$  corresponding to 0-, 1- and 2-simplexes, respectively. The output returns each edge embedding at the Rth iteration as the final edge embedding.\n\nFirst, Algorithm 1 extracts all the simplexes (Line 1), and establishes the simplex-based adjacency matrices and the 1-dimensional Hodge Laplacian (Lines 2-3). Subsequently, Algorithm 1 proceeds in an iterative way: we represent all the extracted simplexes by the convolution operation on the simplex-based adjacency matrices and the 1-dimensional Hodge Laplacian (Lines 5-7); further, we"
      },
      {
        "heading": "4.2 Theoretical Analysis",
        "text": "In this section, we theoretically analyze the proposed EdgeSketch+ algorithm."
      },
      {
        "heading": "4.3 Incorporation with Linear Learning Models",
        "text": "As in Eq. (3), the *D*-dimensional edge embedding derives nonlinear kernels. However, the explicit kernel computation is definitely accompanied with a precomputed Gram matrix with the size being the square of the number of training instances. Fortunately, the inner product in Eq. (4) indicates that the vectorized representation can be mapped into an inner product space by negation and concatenation, which remarkably speedups the training and testing processes without compromise to classification accuracy by the linear learning models such as logistic regression. Consequently, this approach\n\neffectively addresses the issue of SVM training for large-scale problems, particularly when the training dataset exceeds available memory capacity. Taking the edge embedding vector [1,0,1,0,0] as an example, Eq. (4) transforms it into a 10-dimensional feature vector, i.e.,  $\\frac{1}{\\sqrt{5}} \\times [1,0,1,0,0,\\underline{0},\\underline{1},\\underline{0},\\underline{1},\\underline{1}]$ , where the underlined entries negate the corresponding bits in the original vector. Consequently, the concatenated vectors can be utilized by linear solvers, eliminating the need to store large-scale kernel matrices."
      },
      {
        "heading": "5 Experimental Results",
        "text": "In this section, we conduct the extensive experiments to evaluate the performance of the proposed EdgeSketch+ method. All dataset information is provided in Table 6 of Appendix E, where \"BTC- $\\alpha$ \" stands for Bitcoin-alpha, \"BTC-O\" for Bitcoin-OTC, \"Slash.\" for Slashdot, and \"Epin.\" for Epinions. For details on baselines and experimental settings, please refer to Appendix F."
      },
      {
        "heading": "5.1 Link Sign Prediction Results",
        "text": "Table 1: Link sign prediction performance results.\n\n\n\n| Datasets | Metrics     | RSGNN  | SDGNN   | SNEA    | SGCL    | SiGAT    | GSGNN<br>+SGA | EdgeRWSE | TER     | edge2vec | MPSketch | EdgeSketch+ |\n|----------|-------------|--------|---------|---------|---------|----------|---------------|----------|---------|----------|----------|-------------|\n| BTC-α    | Binary-F1   | 0.9475 | 0.9714  | 0.9272  | 0.9740  | 0.9706   | 0.9603        | 0.9659   | 0.9704  | 0.9686   | 0.9705   | 0.9780      |\n|          | Accuracy    | 0.9051 | 0.9458  | 0.8729  | 0.9508  | 0.9438   | 0.9266        | 0.9340   | 0.9435  | 0.9263   | 0.9433   | 0.9581      |\n|          | AUC         | 0.8467 | 0.8799  | 0.7863  | 0.9101  | 0.8874   | 0.8911        | 0.5314   | 0.8579  | 0.6246   | 0.8485   | 0.8829      |\n|          | Macro-F1    | 0.5874 | 0.7294  | 0.7119  | 0.7501  | 0.6758   | 0.7373        | 0.4836   | 0.6770  | 0.4892   | 0.5874   | 0.7687      |\n|          | Runtime (s) | 332.81 | 779.81  | 315.71  | 2204.68 | 267.83   | 176.69        | 558.67   | 94.67   | 4081.36  | 121.23   | 4.03        |\n|          | Binary-F1   | 0.9533 | 0.9623  | 0.9138  | 0.9666  | 0.9600   | 0.9655        | 0.9467   | 0.9627  | 0.9617   | 0.9605   | 0.9681      |\n|          | Accuracy    | 0.9172 | 0.9315  | 0.8585  | 0.9384  | 0.9265   | 0.9209        | 0.8987   | 0.9327  | 0.9263   | 0.9315   | 0.9413      |\n| BTC-O    | AUC         | 0.8127 | 0.9004  | 0.8032  | 0.9152  | 0.8953   | 0.8987        | 0.5314   | 0.8579  | 0.6132   | 0.8127   | 0.8695      |\n|          | Macro-F1    | 0.6096 | 0.7850  | 0.7652  | 0.7782  | 0.7473   | 0.7533        | 0.4836   | 0.6770  | 0.4892   | 0.6096   | 0.8137      |\n|          | Runtime (s) | 441.78 | 1394.25 | 430.51  | 2930.11 | 716.56   | 173.65        | 1744.71  | 125.64  | 4560.63  | 460.23   | 7.81        |\n|          | Binary-F1   | -      | -       | 0.8737  | -       | 0.9072   | 0.8672        | -        | 0.8741  | -        | -        | 0.9209      |\n|          | Accuracy    | -      | -       | 0.8162  | -       | 0.8519   | 0.7982        | -        | 0.7795  | -        | -        | 0.8729      |\n| Slash.   | AUC         | -      | -       | 0.7942  | -       | 0.8864   | 0.8222        | -        | 0.7129  | -        | -        | 0.8914      |\n|          | Macro-F1    | -      | -       | 0.7665  | -       | 0.7697   | 0.7232        | -        | 0.4710  | -        | -        | 0.7995      |\n|          | Runtime (s) | OOT    | OOT     | 3119.04 | OOT     | 11182.62 | 1326.12       | OOM      | 652.34  | OOT      | OOM      | 140.44      |\n| Epin.    | Binary-F1   | -      | -       | 0.9255  | -       | 0.9579   | 0.9523        | -        | 0.9206  | -        | -        | 0.9659      |\n|          | Accuracy    | -      | -       | 0.8784  | -       | 0.9269   | 0.9188        | -        | 0.8530  | -        | -        | 0.9405      |\n|          | AUC         | -      | -       | 0.8240  | -       | 0.9248   | 0.8914        | -        | 0.6340  | -        | -        | 0.9217      |\n|          | Macro-F1    | -      | -       | 0.7954  | -       | 0.8354   | 0.8222        | -        | 0.4601  | -        | -        | 0.8658      |\n|          | Runtime (s) | OOM    | OOT     | 4180.38 | OOT     | 30651.82 | 1220.41       | OOM      | 1069.47 | OOT      | OOM      | 273.24      |\n\nOOM/OOT mean that the methods run out of memory/time.\n\nTable 1 shows the experimental results. Clearly, our proposed EdgeSketch+ algorithm competes very well with all the competitors tailored for signed network embedding (i.e., RSGNN, SDGNN, SNEA, SGCL, SiGAT and GSGNN+SGA) – it performs best in most cases, with an average AUC lag of only 0.0253, compared to the top-performing baselines, which reflects that the proposed EdgeSketch+ algorithm has achieved strong precision and recall for the minority class but struggles to maintain balanced performance across all the thresholds due to the influence of the majority class; also, it runs fastest on all the datasets, achieving up to 546.07× speedup³. Particularly, we would like to note that some GNN-based algorithms suffer from huge time or memory consumption on the two largest datasets, i.e., Slash. and Epin.⁴ This reveals that the idea of integrating the simplicial complex into the LSH framework is very promising in efficiently recognizing the confusing patterns of signed networks with no data distribution fitting and further benefiting the quality of edge-based signed network embedding — our proposed EdgeSketch+ algorithm judges the edges more accurately with the aid of simplicial complexes. In the Appendix G, we analyze the experimental results about the edge embedding algorithms (i.e., EdgeRWSE, TER and edge2vec) and the LSH-based method (i.e., MPSketch) in more details.\n\n<sup>&</sup>lt;sup>3</sup>The ratios exclude the out-of-time and out-of-memory scenarios.\n\n<sup>&</sup>lt;sup>4</sup>In the original paper [1], RSGNN ran only on the sampled Slash. and Epin."
      },
      {
        "heading": "5.2 Ablation Study",
        "text": "The proposed EdgeSketch+ algorithm preserves higher-order interaction relationship from the simplicial complex in the signed network by the LSH technique. Therefore, we conduct the ablation analysis w.r.t. the simplicies (i.e., 0-simplex, 1-simplex and 2-simplex) involved in the proposed EdgeSketch+ algorithm. To this end, we have the following variants,\n\n- EdgeSketch+- $L_1$  only utilizes the Hodge Laplacian  $L_1$  by removing the boundary adjacency matrix involving 0-simplexes,  $B_1$ , and the co-boundary adjacency matrix involving 2-simplexes,  $B_2$ , simultaneously;\n- $EdgeSketch+-I^TI$  replaces  $\\mathbf{L}_1$  of EdgeSketch+- $\\mathbf{L}_1$  with  $\\mathbf{I}^T\\mathbf{I}$ , which operates the incidence matrix  $\\mathbf{I}$  in Eq. (1). Any entry of  $\\mathbf{I}_1$  is 1 if the node is incident upon the edge; it is 0, otherwise.\n\nWe adopt the same parameters for the two variants for a fair comparison. Table 2 reports the experimental results in terms of D = 300 and R = 1. EdgeSketch+- $\\mathbf{I}^{\\mathsf{T}}\\mathbf{I}$ , with no simplicies involved, performs worst, which indicates that the simplicial complex, as the higher-order abstraction, definitely facilitates signed network sketching by preserving the higher-order interaction relationship. Furthermore, we observe the wider gap between EdgeSketch+ and EdgeSketch+- $L_1$ , which implies that the 0-simplexes and 2simplexes involved in the edge surrounding are indispensable and the higher-order direct neighborhood information remarkably benefits the final edge embedding. Overall, the performance shows an obvious increasing trend as more simplicies are captured, i.e., from just incidence information to the edge surrounding.\n\nTable 2: Ablation study of EdgeSketch+ w.r.t. the simplicial complex.\n\n| Datasets | Metrics   | EdgeSketch+                 | EdgeSketch+     | EdgeSketch+ |\n|----------|-----------|-----------------------------|-----------------|-------------|\n| Datasets | Metrics   | $-\\mathbf{I}^{T}\\mathbf{I}$ | $-\\mathbf{L}_1$ | (orignal)   |\n|          | Binary-F1 | 0.9690                      | 0.9696          | 0.9780      |\n| BTC-α    | Accuracy  | 0.9404                      | 0.9415          | 0.9581      |\n| Б1С-α    | AUC       | 0.7624                      | 0.7786          | 0.8829      |\n|          | Macro-F1  | 0.6120                      | 0.6182          | 0.7687      |\n|          | Binary-F1 | 0.9556                      | 0.9574          | 0.9681      |\n| BTC-O    | Accuracy  | 0.9173                      | 0.9205          | 0.9413      |\n| BIC-O    | AUC       | 0.7594                      | 0.7667          | 0.8695      |\n|          | Macro-F1  | 0.6789                      | 0.6841          | 0.8137      |\n| Slash.   | Binary-F1 | 0.8990                      | 0.8996          | 0.9209      |\n|          | Accuracy  | 0.8343                      | 0.8351          | 0.8729      |\n| Siasii.  | AUC       | 0.8120                      | 0.8133          | 0.8914      |\n|          | Macro-F1  | 0.7194                      | 0.7216          | 0.7995      |\n|          | Binary-F1 | 0.9456                      | 0.9459          | 0.9659      |\n| Epin.    | Accuracy  | 0.9038                      | 0.9044          | 0.9405      |\n| Epm.     | AUC       | 0.8441                      | 0.8462          | 0.9217      |\n|          | Macro-F1  | 0.7664                      | 0.7676          | 0.8658      |"
      },
      {
        "heading": "5.3 Scalability",
        "text": "As shown in Section 4.2.4, the time and space complexities of the proposed EdgeS-ketch+ algorithm are both polynomial w.r.t. the number of edges, and thus we verify its scalability w.r.t. the the network property on a set of random, million-scale networks (i.e.,  $|V| = 10^6$ ) generated by the Erdos-Renyi model [66]. Figure 2 reports the results in terms of memory consumption and runtime in case of R = 2 and D = 300. The embedding time of EdgeSketch+ displays the slow quadratic growth, owing to  $\\overline{v}$ , D,  $D^2$ ,  $R \\ll N_1$ , and the memory consumption is empirically linear thanks to\n\n![](_page_7_Figure_9.jpeg)\n\nFigure 2: Scalability of EdgeSketch+ w.r.t. the number of edges.\n\n $DR \\ll N_1$ . Particularly, our proposed probabilistic model produces representation for tens of millions of edges in less than 2 hours and 600GB on the million-scale networks. The empirical results match the theoretical complexities. Therefore, our proposed EdgeSketch+ model shows good potential in efficiently sketching large-scale signed networks."
      },
      {
        "heading": "5.4 Hyper-parameter Sensitivity",
        "text": "The proposed EdgeSketch+ algorithm has two parameters, i.e., the embedding dimension D and the number of iterations R. We explore how these two parameters affect link sign prediction performance\n\n![](_page_8_Figure_0.jpeg)\n\nFigure 3: Hyper-parameter sensitivity in EdgeSketch+ in link sign prediction w.r.t. the embedding dimension *D* and the number of iterations *R*.\n\nin effectiveness and runtime. We exhibit the results in terms of binary-f1 and end-to-end runtime on BTC- $\\alpha$  and Slash. in Figure 3.\n\nIt is evident that the accuracy performance is closely influenced by the embedding dimension D and the number of iterations R. Generally speaking, accuracy exhibits fluctuations as D and R increase on BTC- $\\alpha$ ; whereas we observe a clear convex surface on Slash. Particularly, EdgeSketch+ performs best in the case of the largest D=300 and the smallest R=1. This result highlights two key insights: a larger D captures more meaningful information and the simplicial complex, as a higher-order abstraction, retains sufficient information with a small R. Conversely, increasing R excessively would cause feature diffusion across simplexes, leading to the loss of local features. The end-to-end runtime demonstrates an empirical linear relationship with R, even though the classification time is considered. This implies that the embedding process theoretically linear to R dominates the whole link sign prediction task, and further EdgeSketch+ generates high-quality embedding vectors that are easy to classify."
      },
      {
        "heading": "5.5 Effectiveness of Edge Structure Distance",
        "text": "We define the edge structure distance based on the Hamming distance to describe the similarity between the edges of the signed networks in Appendix C. In order to verify its effectiveness, we compare with the common Cosine distance. Specifically, we precompute the Cosine kernel based on cosine distance and then feed it into SVM.\n\nTable 3 shows the comparison results on BTC- $\\alpha$  and BTC-O. Clearly, our proposed edge similarity based on the Hamming distance is superior to the Cosine similarity in the LSH family.\n\nTable 3: Hamming distance vs. Cosine distance.\n\n| Datasets | Metrics   | EdgeSketch+ | EdgeSketch+ |\n|----------|-----------|-------------|-------------|\n| Datasets | Meures    | -Cosine     | (orignal)   |\n|          | Binary-F1 | 0.9742      | 0.9780      |\n| BTC-α    | Accuracy  | 0.9505      | 0.9581      |\n| B1C-α    | AUC       | 0.7329      | 0.8829      |\n|          | Macro-F1  | 0.6509      | 0.7687      |\n|          | Binary-F1 | 0.9616      | 0.9681      |\n| BTC-O    | Accuracy  | 0.9285      | 0.9413      |\n| втс-о    | AUC       | 0.7158      | 0.8695      |\n|          | Macro-F1  | 0.5481      | 0.8137      |"
      },
      {
        "heading": "5.6 Necessity of Edge Embedding",
        "text": "In order to demonstrate that the edge embedding as feature design definitely fosters the good performance, we directly feed the initialized edge vectors into the logistic regression classifier.\n\nTable 4 shows the comparison results on BTC- $\\alpha$  and BTC-O. In the scenario where the same classifier model is adopted, our proposed edge embedding model performs much better than the naive method based on the only initialized edge vectors, which shows that the edge embedding effectively captures the higher-order structure information. By contrast, the naive method cap-\n\nTable 4: Importance of the Edge Embedding.\n\n| Datasets      | Metrics   | Naive  | EdgeSketch+ |\n|---------------|-----------|--------|-------------|\n|               | Binary-F1 | 0.9698 | 0.9780      |\n| BTC- $\\alpha$ | Accuracy  | 0.9415 | 000 0.8829  |\n| Б1С-α         | AUC       | 0.5000 | 0.8829      |\n|               | Macro-F1  | 0.4830 | 0.7687      |\n|               | Binary-F1 | 0.9436 | 0.9681      |\n| BTC-O         | Accuracy  | 0.8933 | 0.9413      |\n| Б1С-О         | AUC       | 0.5000 | 0.8695      |\n|               | Macro-F1  | 0.4786 | 0.8137      |\n|               |           |        |             |\n\ntures only the information of the edges themselves. Particularly, the AUC values of 0.5000 from the\n\nnaive method imply that good feature design is very necessary; otherwise, the classifier performs no better than random guessing."
      },
      {
        "heading": "6 Conclusion",
        "text": "In this paper, we propose a simple and very speedy signed network sketching model dubbed EdgeSketch+ beyond node-centric modeling, which can capture the higher-order information derived from the simplicial complex with more representational capability than the traditional node-to-node interactive relationship. The approach adopts the LSH technique to avoid substantial parameter training, while preserving as much structural information as possible. Furthermore, we provide the theoretical guarantees for the accuracy and the complexity of the edge representation. We conduct the extensive experiments of EdgeSketch+ and a collection of state-of-the-art methods. We evaluate its performance in terms of accuracy and runtime on a number of signed network datasets. The experimental results show that our proposed EdgeSketch+ method achieves the competitive accuracy performance with dramatically reduced runtime, which makes it more practical in the era of big data."
      }
    ],
    "references": [
      {
        "title": "Zhang, J",
        "author": [
          "Z"
        ],
        "venue": "Liu, X. Zheng, Y. Wang, P. Han, Y. Wang, K. Zhao, and Z. Zhang, \"RSGNN: A Model-agnostic Approach for Enhancing the Robustness of Signed Graph Neural Networks,\" in WWW",
        "citeRegEx": "Z et al\\\\.,? 2023",
        "shortCiteRegEx": "Z et al\\\\.",
        "year": 2023
      },
      {
        "title": "Liu, Z",
        "author": [
          "H"
        ],
        "venue": "Zhang, P. Cui, Y. Zhang, Q. Cui, J. Liu, and W. Zhu, \"Signed Graph Neural Network with Latent Groups,\" in KDD",
        "citeRegEx": "H et al\\\\.,? 2021",
        "shortCiteRegEx": "H et al\\\\.",
        "year": 2021
      },
      {
        "title": "Huang, H",
        "author": [
          "J"
        ],
        "venue": "Shen, L. Hou, and X. Cheng, \"SDGNN: Learning Node Representation for Signed Directed Networks,\" in AAAI, no. 1",
        "citeRegEx": "J et al\\\\.,? 2021",
        "shortCiteRegEx": "J et al\\\\.",
        "year": 2021
      },
      {
        "title": "Li, Y",
        "author": [
          "Y"
        ],
        "venue": "Tian, J. Zhang, and Y. Chang, \"Learning Signed Network Embedding via Graph Attention,\" in AAAI, no. 04",
        "citeRegEx": "Y et al\\\\.,? 2020",
        "shortCiteRegEx": "Y et al\\\\.",
        "year": 2020
      },
      {
        "title": "Derr, Y",
        "author": [
          "T"
        ],
        "venue": "Ma, and J. Tang, \"Signed Graph Convolutional Networks,\" in ICDM",
        "citeRegEx": "T et al\\\\.,? 2018",
        "shortCiteRegEx": "T et al\\\\.",
        "year": 2018
      },
      {
        "title": "Shu, E",
        "author": [
          "L"
        ],
        "venue": "Du, Y. Chang, C. Chen, Z. Zheng, X. Xing, and S. Shen, \"SGCL: Contrastive Representation Learning for Signed Graphs,\" in CIKM",
        "citeRegEx": "L et al\\\\.,? 2021",
        "shortCiteRegEx": "L et al\\\\.",
        "year": 2021
      },
      {
        "title": "Huang, H",
        "author": [
          "J"
        ],
        "venue": "Shen, L. Hou, and X. Cheng, \"Signed Graph Attention Networks,\" in ICANN",
        "citeRegEx": "J et al\\\\.,? 2019",
        "shortCiteRegEx": "J et al\\\\.",
        "year": 2019
      },
      {
        "title": "Sun, P",
        "author": [
          "H"
        ],
        "venue": "Tian, Y. Xiong, Y. Zhang, Y. Xiang, X. Jia, and H. Wang, \"DynamiSE: Dynamic Signed Network Embedding for Link Prediction,\" Machine Learning, pp. 1–17",
        "citeRegEx": "H et al\\\\.,? 2024",
        "shortCiteRegEx": "H et al\\\\.",
        "year": 2024
      },
      {
        "title": "Li, J",
        "author": [
          "L"
        ],
        "venue": "Liu, X. Ji, M. Wang, and Z. Zhang, \"Self-Explainable Graph Transformer for Link Sign Prediction,\" in AAAI",
        "citeRegEx": "L et al\\\\.,? 2025",
        "shortCiteRegEx": "L et al\\\\.",
        "year": 2025
      },
      {
        "title": "Cartwright and F",
        "author": [
          "D"
        ],
        "venue": "Harary, \"Structural Balance: A Generalization of Heider's Theory.\" Psychological Review, vol. 63, no. 5, p. 277",
        "citeRegEx": "D et al\\\\.,? 1956",
        "shortCiteRegEx": "D et al\\\\.",
        "year": 1956
      },
      {
        "title": "Heider, \"Attitudes and Cognitive Organization,\" The Journal of Psychology, vol",
        "author": [
          "F"
        ],
        "venue": "21, no. 1, pp. 107–112",
        "citeRegEx": "F et al\\\\.,? 1946",
        "shortCiteRegEx": "F et al\\\\.",
        "year": 1946
      },
      {
        "title": "Perozzi, R",
        "author": [
          "B"
        ],
        "venue": "Al-Rfou, and S. Skiena, \"DeepWalk: Online Learning of Social Representations,\" in KDD",
        "citeRegEx": "B et al\\\\.,? 2014",
        "shortCiteRegEx": "B et al\\\\.",
        "year": 2014
      },
      {
        "title": "Grover and J",
        "author": [
          "A"
        ],
        "venue": "Leskovec, \"node2vec: Scalable Feature Learning for Networks,\" in KDD",
        "citeRegEx": "A et al\\\\.,? 2016",
        "shortCiteRegEx": "A et al\\\\.",
        "year": 2016
      },
      {
        "title": "Tang, M",
        "author": [
          "J"
        ],
        "venue": "Qu, M. Wang, M. Zhang, J. Yan, and Q. Mei, \"LINE: Large-scale Information Network Embedding,\" in WWW",
        "citeRegEx": "J et al\\\\.,? 2015",
        "shortCiteRegEx": "J et al\\\\.",
        "year": 2015
      },
      {
        "title": "Huang, M",
        "author": [
          "C"
        ],
        "venue": "Li, F. Cao, H. Fujita, Z. Li, and X. Wu, \"Are Graph Convolutional Networks with Random Weights Feasible?\" IEEE Transactions on Pattern Analysis and Machine Intelligence, vol. 45, no. 3, pp. 2751–2768",
        "citeRegEx": "C et al\\\\.,? 2022",
        "shortCiteRegEx": "C et al\\\\.",
        "year": 2022
      },
      {
        "title": "Yan, B",
        "author": [
          "Y"
        ],
        "venue": "Jing, L. Liu, R. Wang, J. Li, T. Abdelzaher, and H. Tong, \"Reconciling Competing Sampling Strategies of Network Embedding,\" in NeurIPS",
        "citeRegEx": "Y et al\\\\.,? 2023",
        "shortCiteRegEx": "Y et al\\\\.",
        "year": 2023
      },
      {
        "title": "Yan, Y",
        "author": [
          "Y"
        ],
        "venue": "Hu, Q. Zhou, L. Liu, Z. Zeng, Y. Chen, M. Pan, H. Chen, M. Das, and H. Tong, \"PACER: Network Embedding from Positional to Structural,\" in WWW",
        "citeRegEx": "Y et al\\\\.,? 2024",
        "shortCiteRegEx": "Y et al\\\\.",
        "year": 2024
      },
      {
        "title": "Yang, M",
        "author": [
          "G"
        ],
        "venue": "Li, H. Feng, and X. Zhuang, \"Deeper Insights into Ddeep Graph Convolutional Networks: Stability and Generalization,\" IEEE Transactions on Pattern Analysis and Machine Intelligence",
        "citeRegEx": "G et al\\\\.,? 2025",
        "shortCiteRegEx": "G et al\\\\.",
        "year": 2025
      },
      {
        "title": "Wang, C",
        "author": [
          "C"
        ],
        "venue": "Wang, Z. Wang, X. Ye, and P. S. Yu, \"Edge2vec: Edge-based Social Network Embedding,\" ACM Transactions on Knowledge Discovery from Data, vol. 14, no. 4, pp. 1–24",
        "citeRegEx": "C et al\\\\.,? 2020",
        "shortCiteRegEx": "C et al\\\\.",
        "year": 2020
      },
      {
        "title": "Wang, R",
        "author": [
          "H"
        ],
        "venue": "Yang, K. Huang, and X. Xiao, \"Efficient and Effective Edge-wise Graph Representation Learning,\" in KDD",
        "citeRegEx": "H et al\\\\.,? 2023",
        "shortCiteRegEx": "H et al\\\\.",
        "year": 2023
      },
      {
        "title": "Bielak, T",
        "author": [
          "P"
        ],
        "venue": "Kajdanowicz, and N. V. Chawla, \"AttrE2vec: Unsupervised Attributed Edge Representation Learning,\" Information Sciences, vol. 592, pp. 82–96",
        "citeRegEx": "P et al\\\\.,? 2022",
        "shortCiteRegEx": "P et al\\\\.",
        "year": 2022
      },
      {
        "title": "Kim, T",
        "author": [
          "J"
        ],
        "venue": "Kim, S. Kim, and C. D. Yoo, \"Edge-labeling Graph Neural Network for few-shot Learning,\" in CVPR",
        "citeRegEx": "J et al\\\\.,? 2019",
        "shortCiteRegEx": "J et al\\\\.",
        "year": 2019
      },
      {
        "title": "Gong and Q",
        "author": [
          "L"
        ],
        "venue": "Cheng, \"Exploiting Edge Features for Graph Neural Networks,\" in CVPR",
        "citeRegEx": "L et al\\\\.,? 2019",
        "shortCiteRegEx": "L et al\\\\.",
        "year": 2019
      },
      {
        "title": "C",
        "author": [
          "A"
        ],
        "venue": "Wilkerson, T. J. Moore, A. Swami, and H. Krim, \"Simplifying The Homology of Networks via Strong Collapses,\" in ICASSP",
        "citeRegEx": "A et al\\\\.,? 2013",
        "shortCiteRegEx": "A et al\\\\.",
        "year": 2013
      },
      {
        "title": "Gurugubelli and S",
        "author": [
          "S"
        ],
        "venue": "P. Chepuri, \"SaNN: Simple Yet Powerful Simplicial-aware Neural Networks,\" in ICLR",
        "citeRegEx": "S et al\\\\.,? 2024",
        "shortCiteRegEx": "S et al\\\\.",
        "year": 2024
      },
      {
        "title": "H",
        "author": [
          "S"
        ],
        "venue": "Lee, F. Ji, and W. P. Tay, \"SGAT: Simplicial Graph Attention Network,\" in IJCAI",
        "citeRegEx": "S et al\\\\.,? 2022",
        "shortCiteRegEx": "S et al\\\\.",
        "year": 2022
      },
      {
        "title": "Frantzen and M",
        "author": [
          "F"
        ],
        "venue": "T. Schaub, \"Learning from Simplicial Data ased on Random Walks and 1d Convolutions,\" in ICLR",
        "citeRegEx": "F et al\\\\.,? 2024",
        "shortCiteRegEx": "F et al\\\\.",
        "year": 2024
      },
      {
        "title": "Zhou, X",
        "author": [
          "C"
        ],
        "venue": "Wang, and M. Zhang, \"Facilitating Graph Neural Networks with Random Walk on Simplicial Complexes,\" in NeurIPS",
        "citeRegEx": "C et al\\\\.,? 2023",
        "shortCiteRegEx": "C et al\\\\.",
        "year": 2023
      },
      {
        "title": "Liu, D",
        "author": [
          "C"
        ],
        "venue": "Ruhe, F. Eijkelboom, and P. Forré, \"Clifford Group Equivariant Simplicial Message Passing Networks,\" in ICLR",
        "citeRegEx": "C et al\\\\.,? 2024",
        "shortCiteRegEx": "C et al\\\\.",
        "year": 2024
      },
      {
        "title": "Wu, A",
        "author": [
          "H"
        ],
        "venue": "Yip, J. Long, J. Zhang, and M. K. Ng, \"Simplicial Complex Neural Networks,\" IEEE Transactions on Pattern Analysis and Machine Intelligence, vol. 46, no. 1, pp. 561–575",
        "citeRegEx": "H et al\\\\.,? 2024",
        "shortCiteRegEx": "H et al\\\\.",
        "year": 2024
      },
      {
        "title": "Hajij, G",
        "author": [
          "M"
        ],
        "venue": "Zamzmi, T. Papamarkou, V. Maroulas, and X. Cai, \"Simplicial Complex Representation Learning,\" in ICLR",
        "citeRegEx": "M et al\\\\.,? 2021",
        "shortCiteRegEx": "M et al\\\\.",
        "year": 2021
      },
      {
        "title": "Maggs, C",
        "author": [
          "K"
        ],
        "venue": "Hacker, and B. Rieck, \"Simplicial Representation Learning with Neural -Forms,\" in ICLR",
        "citeRegEx": "K et al\\\\.,? 2024",
        "shortCiteRegEx": "K et al\\\\.",
        "year": 2024
      },
      {
        "title": "Yang, E",
        "author": [
          "M"
        ],
        "venue": "Isufi, and G. Leus, \"Simplicial Convolutional Neural Networks,\" in ICASSP",
        "citeRegEx": "M et al\\\\.,? 2022",
        "shortCiteRegEx": "M et al\\\\.",
        "year": 2022
      },
      {
        "title": "M",
        "author": [
          "T"
        ],
        "venue": "Roddenberry, N. Glaze, and S. Segarra, \"Principled Simplicial Neural Networks for Trajectory Prediction,\" in ICML",
        "citeRegEx": "T et al\\\\.,? 2021",
        "shortCiteRegEx": "T et al\\\\.",
        "year": 2021
      },
      {
        "title": "Bodnar, F",
        "author": [
          "C"
        ],
        "venue": "Frasca, Y. Wang, N. Otter, G. F. Montufar, P. Lio, and M. Bronstein, \"Weisfeiler and Lehman Go Topological: Message Passing Simplicial Networks,\" in ICML",
        "citeRegEx": "C et al\\\\.,? 2021",
        "shortCiteRegEx": "C et al\\\\.",
        "year": 2021
      },
      {
        "title": "Indyk and R",
        "author": [
          "P"
        ],
        "venue": "Motwani, \"Approximate Nearest Neighbors: towards Removing the Curse of Dimensionality,\" in STOC",
        "citeRegEx": "P et al\\\\.,? 1998",
        "shortCiteRegEx": "P et al\\\\.",
        "year": 1998
      },
      {
        "title": "Wu, B",
        "author": [
          "W"
        ],
        "venue": "Li, L. Chen, and C. Zhang, \"Efficient Attributed Network Embedding via Recursive Randomized Hashing,\" in IJCAI-18",
        "citeRegEx": "W et al\\\\.,? 2018",
        "shortCiteRegEx": "W et al\\\\.",
        "year": 2018
      },
      {
        "title": "Wu, B",
        "author": [
          "W"
        ],
        "venue": "Li, C. Luo, and W. Nejdl, \"Hashing-Accelerated Graph Neural Networks for Link Prediction,\" in WWW",
        "citeRegEx": "W et al\\\\.,? 2021",
        "shortCiteRegEx": "W et al\\\\.",
        "year": 2021
      },
      {
        "title": "Wu, B",
        "author": [
          "W"
        ],
        "venue": "Li, C. Luo, W. Nejdl, and X. Tan, \"MPSketch: Message Passing Networks via Randomized Hashing for Efficient Attributed Network Embedding,\" IEEE Transactions on Cybernetics, vol. 54, no. 5, pp. 2941–2954",
        "citeRegEx": "W et al\\\\.,? 2024",
        "shortCiteRegEx": "W et al\\\\.",
        "year": 2024
      },
      {
        "title": "Bera, R",
        "author": [
          "D"
        ],
        "venue": "Pratap, B. D. Verma, B. Sen, and T. Chakraborty, \"QUINT: Node Embedding using Network Hashing,\" IEEE Transactions on Knowledge and Data Engineering, vol. 35, no. 3, pp. 2987–3000",
        "citeRegEx": "D et al\\\\.,? 2023",
        "shortCiteRegEx": "D et al\\\\.",
        "year": 2023
      },
      {
        "title": "Yang, B",
        "author": [
          "D"
        ],
        "venue": "Qu, J. Yang, L. Wang, and P. Cudre-Mauroux, \"Streaming Graph Embeddings via Incremental Neighborhood Sketching,\" IEEE Transactions on Knowledge and Data Engineering, vol. 35, no. 5, pp. 5296–5310",
        "citeRegEx": "D et al\\\\.,? 2023",
        "shortCiteRegEx": "D et al\\\\.",
        "year": 2023
      },
      {
        "title": "Celikkanat, F",
        "author": [
          "A"
        ],
        "venue": "D. Malliaros, and A. N. Papadopoulos, \"NODESIG: Binary Node Embeddings via Random Walk Diffusion,\" in ASONAM",
        "citeRegEx": "A et al\\\\.,? 2022",
        "shortCiteRegEx": "A et al\\\\.",
        "year": 2022
      },
      {
        "title": "Li, X",
        "author": [
          "B"
        ],
        "venue": "Zhu, L. Chi, and C. Zhang, \"Nested Subtree Hash Kernels for Large-scale Graph Classification over Streams,\" in ICDM",
        "citeRegEx": "B et al\\\\.,? 2012",
        "shortCiteRegEx": "B et al\\\\.",
        "year": 2012
      },
      {
        "title": "Wu, B",
        "author": [
          "W"
        ],
        "venue": "Li, L. Chen, X. Zhu, and C. Zhang, \"-Ary Tree Hashing for Fast Graph Classification,\" IEEE Transactions on Knowledge and Data Engineering, vol. 30, no. 5, pp. 936–949",
        "citeRegEx": "W et al\\\\.,? 2018",
        "shortCiteRegEx": "W et al\\\\.",
        "year": 2018
      },
      {
        "title": "Morris, N",
        "author": [
          "C"
        ],
        "venue": "M. Kriege, K. Kersting, and P. Mutzel, \"Faster Kernels for Graphs with Continuous Attributes via Hashing,\" in ICDM",
        "citeRegEx": "C et al\\\\.,? 2016",
        "shortCiteRegEx": "C et al\\\\.",
        "year": 2016
      },
      {
        "title": "Neumann, R",
        "author": [
          "M"
        ],
        "venue": "Garnett, C. Bauckhage, and K. Kersting, \"Propagation Kernels: Efficient Graph Kernels from Propagated Information,\" Machine Learning, vol. 102, pp. 209–245",
        "citeRegEx": "M et al\\\\.,? 2016",
        "shortCiteRegEx": "M et al\\\\.",
        "year": 2016
      },
      {
        "title": "Tan, W",
        "author": [
          "X"
        ],
        "venue": "Wu, and C. Luo, \"SCHash: Speedy Simplicial Complex Neural Networks via Randomized Hashing,\" in SIGIR",
        "citeRegEx": "X et al\\\\.,? 2023",
        "shortCiteRegEx": "X et al\\\\.",
        "year": 2023
      },
      {
        "title": "Aggarwal, G",
        "author": [
          "C"
        ],
        "venue": "He, and P. Zhao, \"Edge Classification in Networks,\" in ICDE",
        "citeRegEx": "C et al\\\\.,? 2016",
        "shortCiteRegEx": "C et al\\\\.",
        "year": 2016
      },
      {
        "title": "Wu, S",
        "author": [
          "W"
        ],
        "venue": "Li, C. Luo, and F. Li, \"Time- and Space-Efficiently Sketching Billion-Scale Attributed Networks,\" IEEE Transactions on Knowledge and Data Engineering, vol. 37, no. 2, pp. 966–978",
        "citeRegEx": "W et al\\\\.,? 2025",
        "shortCiteRegEx": "W et al\\\\.",
        "year": 2025
      },
      {
        "title": "Wu, S",
        "author": [
          "W"
        ],
        "venue": "Li, L. Chen, L. Fangfang, and C. Luo, \"Skeching Very Large-scale Dynamic Attributed Networks More Practically,\" in WWW",
        "citeRegEx": "W et al\\\\.,? 2025",
        "shortCiteRegEx": "W et al\\\\.",
        "year": 2025
      },
      {
        "title": "Li, H",
        "author": [
          "F"
        ],
        "venue": "Zhang, W. Li, and W. Wu, \"Heterogeneous Graph Embedding Made More Practical,\" in SIGIR",
        "citeRegEx": "F et al\\\\.,? 2025",
        "shortCiteRegEx": "F et al\\\\.",
        "year": 2025
      },
      {
        "title": "Velickovi ˇ c, G",
        "author": [
          "P"
        ],
        "venue": "Cucurull, A. Casanova, A. Romero, P. Liò, and Y. Bengio, \"Graph Attention ´ Networks,\" in ICLR",
        "citeRegEx": "P et al\\\\.,? 2018",
        "shortCiteRegEx": "P et al\\\\.",
        "year": 2018
      },
      {
        "title": "N",
        "author": [
          "T"
        ],
        "venue": "Kipf and M. Welling, \"Semi-Supervised Classification with Graph Convolutional Networks,\" in ICLR",
        "citeRegEx": "T et al\\\\.,? 2017",
        "shortCiteRegEx": "T et al\\\\.",
        "year": 2017
      },
      {
        "title": "Xu, W",
        "author": [
          "K"
        ],
        "venue": "Hu, J. Leskovec, and S. Jegelka, \"How Powerful are Graph Neural Networks?\" in ICLR",
        "citeRegEx": "K et al\\\\.,? 2019",
        "shortCiteRegEx": "K et al\\\\.",
        "year": 2019
      },
      {
        "title": "Liu, \"LightSGCN: Powering Signed Graph Convolution Network for Link Sign Prediction with Simplified Architecture Design,\" in SIGIR, 2022, pp",
        "author": [
          "H"
        ],
        "venue": "2680–2685.",
        "citeRegEx": "H et al\\\\.,? 2022",
        "shortCiteRegEx": "H et al\\\\.",
        "year": 2022
      },
      {
        "title": "You, T",
        "author": [
          "Y"
        ],
        "venue": "Chen, Y. Sui, T. Chen, Z. Wang, and Y. Shen, \"Graph Contrastive Learning with Augmentations,\" NeurIPS, pp. 5812–5823",
        "citeRegEx": "Y et al\\\\.,? 2020",
        "shortCiteRegEx": "Y et al\\\\.",
        "year": 2020
      },
      {
        "title": "Cucuringu, P",
        "author": [
          "M"
        ],
        "venue": "Davies, A. Glielmo, and H. Tyagi, \"SPONGE: A Generalized Eigenproblem for Clustering Signed Networks,\" in AISTATS",
        "citeRegEx": "M et al\\\\.,? 2019",
        "shortCiteRegEx": "M et al\\\\.",
        "year": 2019
      },
      {
        "title": "-C",
        "author": [
          "R"
        ],
        "venue": "Tzeng, B. Ordozgoiti, and A. Gionis, \"Discovering Conflicting Groups in Signed Networks,\" NeurIPS, pp. 10 974–10 985",
        "citeRegEx": "R et al\\\\.,? 2020",
        "shortCiteRegEx": "R et al\\\\.",
        "year": 2020
      },
      {
        "title": "Zhang, L",
        "author": [
          "Z"
        ],
        "venue": "Li, S. Wan, W. Wang, Z. Wang, Z. Lu, D. Hao, and W. Li, \"DropEdge not Foolproof: Effective Augmentation Method for Signed Graph Neural Networks,\" in NeurIPS",
        "citeRegEx": "Z et al\\\\.,? 2024",
        "shortCiteRegEx": "Z et al\\\\.",
        "year": 2024
      },
      {
        "title": "Z",
        "author": [
          "A"
        ],
        "venue": "Broder, M. Charikar, A. M. Frieze, and M. Mitzenmacher, \"Min-wise Independent Permutations,\" in STOC",
        "citeRegEx": "A et al\\\\.,? 1998",
        "shortCiteRegEx": "A et al\\\\.",
        "year": 1998
      },
      {
        "title": "S",
        "author": [
          "M"
        ],
        "venue": "Charikar, \"Similarity Estimation Techniques from Rounding Algorithms,\" in STOC",
        "citeRegEx": "M et al\\\\.,? 2002",
        "shortCiteRegEx": "M et al\\\\.",
        "year": 2002
      },
      {
        "title": "Yang, P",
        "author": [
          "D"
        ],
        "venue": "Rosso, B. Li, and P. Cudre-Mauroux, \"NodeSketch: Highly-Efficient Graph Embeddings via Recursive Sketching,\" in KDD",
        "citeRegEx": "D et al\\\\.,? 2019",
        "shortCiteRegEx": "D et al\\\\.",
        "year": 2019
      },
      {
        "title": "Hoeffding, \"Probability Inequalities for Sums of Bounded Random Variables,\" in The Collected Works of Wassily Hoeffding, 1994, pp",
        "author": [
          "W"
        ],
        "venue": "409–426.",
        "citeRegEx": "W et al\\\\.,? 1994",
        "shortCiteRegEx": "W et al\\\\.",
        "year": 1994
      },
      {
        "title": "-P",
        "author": [
          "J"
        ],
        "venue": "Eckmann and E. Moses, \"Curvature of Co-links Uncovers Hidden Thematic Layers in the World Wide Web,\" Proceedings of the National Scademy of Dciences, vol. 99, no. 9, pp. 5825–5829",
        "citeRegEx": "J et al\\\\.,? 2002",
        "shortCiteRegEx": "J et al\\\\.",
        "year": 2002
      },
      {
        "title": "Zhang, P",
        "author": [
          "Z"
        ],
        "venue": "Cui, H. Li, X. Wang, and W. Zhu, \"Billion-scale Network Embedding with Iterative Random Projection,\" in ICDM",
        "citeRegEx": "Z et al\\\\.,? 2018",
        "shortCiteRegEx": "Z et al\\\\.",
        "year": 2018
      },
      {
        "title": "ERDdS and A",
        "author": [
          "P"
        ],
        "venue": "R&wi, \"On Random Graphs I,\" Publicationes Mathematicae, vol. 6, no. 18, pp. 290–297",
        "citeRegEx": "P et al\\\\.,? 1959",
        "shortCiteRegEx": "P et al\\\\.",
        "year": 1959
      },
      {
        "title": "Weisfeiler and A",
        "author": [
          "B"
        ],
        "venue": "A. Lehman, \"A Reduction of a Graph to a Canonical Form and an Algebra Arising during this Reduction,\" Nauchno-Technicheskaya Informatsia, vol. 2, no. 9, pp. 12–16",
        "citeRegEx": "B et al\\\\.,? 1968",
        "shortCiteRegEx": "B et al\\\\.",
        "year": 1968
      },
      {
        "title": "Halko, P",
        "author": [
          "N"
        ],
        "venue": "-G. Martinsson, and J. A. Tropp, \"Finding Structure with Randomness: Probabilistic Algorithms for Constructing Approximate Matrix Decompositions,\" SIAM Review, vol. 53, no. 2, pp. 217–288",
        "citeRegEx": "N et al\\\\.,? 2011",
        "shortCiteRegEx": "N et al\\\\.",
        "year": 2011
      },
      {
        "title": "Lei, W",
        "author": [
          "T"
        ],
        "venue": "Jin, R. Barzilay, and T. Jaakkola, \"Deriving Neural Architectures from Sequence and Graph Kernels,\" in ICML",
        "citeRegEx": "T et al\\\\.,? 2017",
        "shortCiteRegEx": "T et al\\\\.",
        "year": 2017
      }
    ]
  }
}