{
  "forum_id": "a7hHwWnZey",
  "metadata": {
    "source": "NeurIPS",
    "year": 2025,
    "title": "Fast Training of Large Kernel Models with Delayed Projections",
    "abstractText": "Classical kernel machines have historically faced significant challenges in scaling to large datasets and model sizes—a key ingredient that has driven the success of neural networks. In this paper, we present a new methodology for building kernel machines that can scale efficiently with both data size and model size. Our algorithm introduces delayed projections to Preconditioned Stochastic Gradient Descent (PSGD) allowing the training of much larger models than was previously feasible. We validate our algorithm, EigenPro 4, across multiple datasets, demonstrating drastic training speedups without compromising the performance. Our implementation is publicly available at: [https://github.com/EigenPro/EigenPro.](https://github.com/EigenPro/EigenPro)",
    "sections": [
      {
        "heading": "1 Introduction",
        "text": "Kernel methods have strong theoretical foundations and broad applicability. They have also served as the foundation for understanding many significant phenomena in modern machine learning [\\[9,](#page-9-0) [4,](#page-9-1) [3,](#page-9-2) [28\\]](#page-10-0). Despite these advantages, the scalability of kernel methods has remained a persistent challenge, particularly when applied to large datasets. Addressing this limitation is critical for expanding the utility of kernel-based techniques in modern machine learning applications.\n\nA naive approach for training kernel machines is to directly solve the equivalent kernel matrix inversion problem. In general, the computational complexity of this approach is O(n 3 ), where n is the number of training samples. Thus, computational cost grows rapidly with the size of the dataset, making it computationally intractable for datasets with more than ∼ 10<sup>5</sup> data points.\n\nTo address this challenge, various methods employing iterative algorithms and approximations have been proposed. Among these, Gradient Descent (GD)-based algorithms like Pegasos [\\[21\\]](#page-10-1) and EigenPro 1.0,2.0 [\\[13,](#page-9-3) [14\\]](#page-9-4) have significantly reduced the computational complexity to O(n 2 ). These methods, adaptable for stochastic settings, offer more efficient implementations. Nevertheless, the scalability of kernel machines remains constrained by the inherent linkage between the model size and the training set.\n\nFurthermore, the Nyström methods have emerged as a favored approach for scaling kernel machines, with seminal works with [\\[26\\]](#page-10-2) paving the way. Methods such as NYTRO [\\[5\\]](#page-9-5), Falkon [\\[20\\]](#page-10-3) and ASkotch [\\[19\\]](#page-10-4) leverage the Nyström Approximation (NA) in combination with other strategies to enhance performance. NYTRO merges NA with gradient descent to improve condition number, ASkotch combines it with block coordinate descent, whereas Falkon combines it with the Conjugate Gradient method, facilitating the handling of large training sets. However, these strategies are limited by model size due to memory restrictions, exhibiting quadratic scaling in relation to the size of the\n\n<sup>∗</sup>Work completed during author's time at Google. Current affiliation: Lynko.\n\n\n\n|            |          |           |          |               |                 | .1     | ime per epo              | och    |              |\n|------------|----------|-----------|----------|---------------|-----------------|--------|--------------------------|--------|--------------|\n|            |          |           |          | 500           | <b>→</b> EP4    |        |                          | 8      | 88.7%        |\n| Algorithm  | FLOPS    |           | Memory   | 100 -<br>50 - | → EP3<br>→ Falk |        |                          |        |              |\n|            | setup    | per batch | wiemory  | - SI 10 -     |                 |        |                          | 88.58% | OQM          |\n| EigenPro 4 | O(1)     | O(p)      | O(p)     | Homrs 5       | -               | 88.42% | 88.61%                   | 86.71% | <sup>y</sup> |\n| EigenPro 3 | O(1)     | $O(p^2)$  | O(p)     | 1 -           | 88.33%          |        | 86.73%                   | 88.58% | 88.74%       |\n| Falkon     | $O(p^3)$ | O(p)      | $O(p^2)$ |               | 87.99% 8        | 6.55%  | 88.43%                   |        |              |\n|            |          |           |          | -             | 86.1%           | 88.25% | -                        | -      |              |\n|            |          |           |          |               | 64              | 128    | 256                      | 512    | 1000         |\n|            |          |           |          |               |                 | 1      | Model size ( $\\times 10$ | 00)    |              |\n\nFigure 1: Comparison of per-epoch time complexity across solvers as a function of model size p. Performance in terms of classification test accuracy (indicated as percentages) is annotated next to each data point, showing that EP4 maintains superior or comparable performance across all model sizes. Details of the experiment and hardware can be found in Appendix C.\n\nmodel. For instance, scaling Falkon [16] method to a model size of 512,000 necessitates over 1TB of RAM, surpassing the capacity of most high-end servers available today.\n\nOther lines of work in the Gaussian Processes literature, e.g., [22, 27, 7, 15], use so-called *inducing points* to control model complexity. However, these methods face similar scaling issues as they require quadratic memory in terms of the number of inducing points, preventing large models.\n\nRecently, EigenPro 3.0 was introduced in [1]. Unlike previous versions, EigenPro 3.0 distangles the model from the training set, similar to Falkon, but with the added advantage that its memory requirements scales linearly with the model size. This advancement makes it feasible to tackle kernel models of sizes previously deemed unattainable. However, its per iteration time complexity remains quadratic relative to the model size, significantly slowing its practical application.\n\nIn this paper, we build upon EigenPro 3.0 and introduce EigenPro 4.0. This new algorithm retains the advantageous features of EigenPro 3.0, such as decoupling the model from the training set and linear scaling in memory complexity. Moreover, it significantly improves upon the time complexity, achieving amortized linear scaling per iteration with respect to model size. Empirically we observe that the proposed algorithm converges in fewer epochs, without compromising generalization performance."
      },
      {
        "heading": "1.1 Main contribution",
        "text": "Our method for kernel machine problems achieves three key advantages: (1) linear amortized time complexity per iteration, (2) linear memory scaling with model size, (3) comparable or superior performance compare to existing methods while demonstrating up to 600× speedup in our experiments. Figure 1 demonstrates these benefits on the CIFAR5M data set."
      },
      {
        "heading": "1.2 Organization of the Paper",
        "text": "The remainder of this paper is organized as follows. Section 2 provides the necessary background and preliminaries. In Section 3, we derive the complete algorithm, and introduce the key insights and techniques that enable its dramatic improvement in computational efficiency. Finally, Section 4 presents extensive experimental results across multiple datasets and model sizes."
      },
      {
        "heading": "2 Notation and Background",
        "text": "In what follows, functions are lowercase letters a, sets are uppercase letters A, vectors are lowercase bold letters a, matrices are uppercase bold letters a, operators are calligraphic letters a, spaces and sub-spaces are boldface calligraphic letters a.\n\n**General kernel models.** Following EigenPro 3.0 [1] notations, given training data  $(X, y) = \\{x_i \\in \\mathbb{R}^d, y_i \\in \\mathbb{R}\\}_{i=1}^n$ , General kernel models are models of the form,\n\n$$f(\\boldsymbol{x}) = \\sum_{i=1}^{p} \\alpha_i K(\\boldsymbol{x}, \\mathbf{z}_i).$$\n\nHere,  $K : \\mathbb{R}^d \\times \\mathbb{R}^d \\to \\mathbb{R}$  is a positive semi-definite symmetric kernel function and  $Z = \\{\\mathbf{z}_i \\in \\mathbb{R}^d\\}_{i=1}^p$  are *centers*, which are not necessarily in the training set X. We will refer to p as the *model size*. We define  $\\mathcal{H}$  as the unique reproducing kernel Hilbert space (RKHS) corresponding to K.\n\n**Loss function.** Our goal will be to find the solution to the following infinite-dimensional Mean Squared Error (MSE) problem for general kernel models,\n\n$$\\underset{f \\in \\mathcal{H}}{\\text{minimize}} \\ L(f) = \\frac{1}{2} \\sum_{i=1}^{n} (f(\\boldsymbol{x}_i) - y_i)^2, \\qquad \\text{subject to} \\quad f \\in \\mathcal{Z} := \\text{span}\\Big(\\{K(\\cdot, \\mathbf{z}_j)\\}_{j=1}^p\\Big). \\tag{1}$$\n\n**Evaluations and kernel matrices.** The vector of evaluations of a function f over a set  $X = \\{\\boldsymbol{x}_i\\}_{i=1}^n$  is denoted  $f(X) := (f(\\boldsymbol{x}_i)) \\in \\mathbb{R}^n$ . For sets X and Z, with |X| = n and |Z| = p, we denote the kernel matrix  $K(X,Z) \\in \\mathbb{R}^{n \\times p}$ , while  $K(Z,X) = K(X,Z)^{\\top}$ . Similarly,  $K(\\cdot,X) \\in \\mathcal{H}^n$  is a vector of n functions, and we use  $K(\\cdot,X)\\boldsymbol{\\alpha} := \\sum_{i=1}^n K(\\cdot,\\boldsymbol{x}_i)\\boldsymbol{\\alpha}_i \\in \\mathcal{H}$ , to denote their linear combination. Finally, for an operator  $\\mathcal{A}$ , a function a, and a set  $A = \\{\\boldsymbol{a}_i\\}_{i=1}^k$ , we denote the vector of evaluations,\n\n\n$$\\mathcal{A}\\left\\{a\\right\\}\\left(A\\right) := \\left(b(\\boldsymbol{a}_i)\\right) \\in \\mathbb{R}^k \\quad \\text{where} \\quad b = \\mathcal{A}\\left(a\\right).$$\n (2)\n\n**Fréchet derivative.** Given a function  $J: \\mathcal{H} \\to \\mathbb{R}$ , the Fréchet derivative of J with respect to f is a linear functional, denoted  $\\nabla_f J$ , such that for  $h \\in \\mathcal{H}$ \n\n\n$$\\lim_{\\|h\\|_{\\mathcal{H}} \\to 0} \\frac{|J(f+h) - J(f) - \\nabla_f J(h)|}{\\|h\\|_{\\mathcal{H}}} = 0.$$\n(3)\n\nSince  $\\nabla_f J$  is a linear functional, it lies in the dual space  $\\mathcal{H}^*$ . Since  $\\mathcal{H}$  is a Hilbert space, it is self-dual, whereby  $\\mathcal{H}^* = \\mathcal{H}$ . If f is a general kernel model, and L is the square loss for a given dataset  $(X, \\boldsymbol{y})$ , i.e.,  $L(f) := \\frac{1}{2} \\sum_{i=1}^n (f(\\boldsymbol{x}_i) - y_i)^2$  we can apply the chain rule, and using reproducing property of  $\\mathcal{H}$ , and the fact that  $\\nabla_f \\langle f, g \\rangle_{\\mathcal{H}} = g$ , we get, that the Fréchet derivative of L, at  $f = f_0$  is,\n\n$$\\nabla_f L(f_0) = \\sum_{i=1}^n (f_0(\\boldsymbol{x}_i) - y_i) \\nabla_f f(\\boldsymbol{x}_i) = K(\\cdot, X) (f_0(X) - \\boldsymbol{y}). \\tag{4}$$\n\n**Hessian operator.** The Hessian operator  $\\nabla_f^2 L : \\mathcal{H} \\to \\mathcal{H}$  for the square loss is given by\n\n$$\\mathcal{K} := \\sum_{i=1}^{n} K(\\cdot, \\boldsymbol{x}_i) \\otimes K(\\cdot, \\boldsymbol{x}_i), \\qquad \\mathcal{K} \\{f\\} (\\mathbf{z}) = \\sum_{i=1}^{n} K(\\mathbf{z}, \\boldsymbol{x}_i) f(\\boldsymbol{x}_i) = K(\\mathbf{z}, X) f(X), \\quad (5)$$\n\nwhere  $\\otimes$  denotes the *outer product* between functions in the RKHS, defined as  $(a\\otimes b)(\\cdot)=a(\\cdot)\\ \\langle b,\\cdot\\rangle_{\\mathcal{H}}$ . The operator  $\\mathcal K$  has non-negative eigenvalues, which we order as  $\\lambda_1\\geq\\lambda_2\\geq\\cdots\\geq\\lambda_n\\geq0$ . Hence, we can write its eigen-decomposition as  $\\mathcal K=\\sum_{i=1}^n\\lambda_i\\ \\psi_i\\otimes\\psi_i$ . Combining Equations 4 and 5, we can rewrite the Fréchet derivative of the loss function as\n\n\n$$\\nabla_f L(f_0)(z) = \\mathcal{K}\\left\\{f_0(X) - \\boldsymbol{y}\\right\\}(z). \\tag{6}$$\n\n**Exact minimum norm solution.** The closed-form minimum  $\\|\\cdot\\|_{\\mathcal{H}}$  norm solution to the problem defined in equation (1) is given by:\n\n$$\\hat{f} := K(\\cdot, Z)K^{\\dagger}(Z, X)\\boldsymbol{y},\\tag{7}$$\n\nwhere  $^{\\dagger}$  is the pseudoinverse or Moore–Penrose inverse. In the case of X=Z it simplifies to  $\\hat{f}:=K(\\cdot,X)K^{-1}(X,X)\\boldsymbol{y}.$ \n\n**Gradient Descent (GD).** If we apply GD on the optimization problem in 1, with learning rate  $\\eta$ , in the  $\\mathcal{H}$  functional space, the update is as following,\n\n$$f_{t+1} = f_t - \\eta \\cdot \\nabla_f L(f_t) = f_t - \\eta K(\\cdot, X) \\left( f_t(X) - \\boldsymbol{y} \\right). \\tag{8}$$\n\nThe first point to note is that the derivative lies in  $\\mathcal{X} := \\operatorname{span}\\left(\\left\\{K(\\cdot, x_j)\\right\\}_{j=1}^n\\right)$  rather than in  $\\mathcal{Z}$ . Therefore, when  $X \\neq Z$ , SGD cannot be applied in this form. We will revisit this issue later. The second point is that in the case of X = Z, traditional *kernel regression* problem, the convergence of SGD depends on the condition number of  $\\mathcal{K}$ . Simply put, this is the ratio of the largest to the smallest\n\nnon-zero singular value of the Hessian operator defined in 5. It is known that for general kernel models this condition number is ill conditioned and converges slow, see [2] for more details on this.\n\n**EigenPro**. Prior work, EigenPro, by [13], addresses the slow convergence of SGD by introducing a preconditioned stochastic gradient descent mechanism in Hilbert spaces. The update rule is the same as Equation 9 but with an additional preconditioner  $\\mathcal{P}: \\mathcal{H} \\to \\mathcal{H}$  applied to the gradient,\n\n\n$$f_{t+1} = f_t - \\eta \\cdot \\mathcal{P} \\nabla_f L(f_t). \\tag{9}$$\n\nIn short, the role of the preconditioner  $\\mathcal{P}$  is to suppress the top eigenvalues of the Hessian operator  $\\mathcal{K}$  to improve the condition number. We next explicitly define  $\\mathcal{P}$ .\n\n**Definition 1** (Top-q Eigensystem). Let  $\\lambda_1 > \\lambda_2 > \\ldots > \\lambda_n$  be the eigenvalues of a Hermitian matrix  $A \\in \\mathbb{R}^{n \\times n}$ , where for standard unit vector  $e_i$ , we have  $Ae_i = \\lambda_i e_i$ . We define the tuple  $(\\Lambda_q, E_q, \\lambda_{q+1})$  as the top-q eigensystem, where:\n\n$$\\Lambda_q := \\operatorname{diag}(\\lambda_1, \\lambda_2, \\dots, \\lambda_q) \\in \\mathbb{R}^{q \\times q}, \\qquad \\boldsymbol{E}_q := [\\boldsymbol{e}_1, \\boldsymbol{e}_2, \\dots, \\boldsymbol{e}_q] \\in \\mathbb{R}^{n \\times q}. \\tag{10}$$\n\n**Preconditioner.** Using Definition 1, let  $(\\Lambda_q, \\boldsymbol{E}_q, \\lambda_{q+1})$  be the top-q eigensystem of K(X, X), the preconditioner  $\\mathcal{P}: \\mathcal{H} \\to \\mathcal{H}$  can be explicitly written as,  $\\mathcal{P}:=\\mathcal{I}-\\sum_{i=1}^q \\left(1-\\frac{\\lambda_{q+1}}{\\lambda_q}\\right)\\psi_i\\otimes\\psi_i$ .\n\n**Nyström approximate preconditioner.** EigenPro 2, introduced by [14], implements a stochastic approximation for  $\\mathcal{P}$  based on the Nyström extension, thereby reducing the time and memory complexity compared to EigenPro . The first step is to approximate the Hessian operator using the Nyström extension as follows,\n\n\n$$\\mathcal{K}^s := \\sum_{k=1}^s K(\\cdot, \\boldsymbol{x}_{i_k}) \\otimes K(\\cdot, \\boldsymbol{x}_{i_k}) = \\sum_{i=1}^s \\lambda_i^s \\cdot \\psi_i^s \\otimes \\psi_i^s.$$\n (11)\n\nThis is a Nyström approximation of  $\\mathcal{K}$  using s uniformly random samples from X, referred to as  $X_s$ , where  $(\\Lambda_q^s, \\boldsymbol{E}_q^s, \\lambda_{q+1}^s)$  represents the corresponding top-q eigensystem of  $K(X_s, X_s)$ . Using this approximation, we can define the approximated preconditioner as follows,  $\\mathcal{P}^s := \\mathcal{I} - \\sum_{i=1}^q \\left(1 - \\frac{\\lambda_{q+1}^s}{\\lambda_q^s}\\right) \\psi_i^s \\otimes \\psi_i^s$ . For more details on the performance of this preconditioner compared to the case of s=n, see [2], who showed that choosing  $s \\gtrsim \\log^4 n$  is sufficient.\n\nOf particular importance is the action of this preconditioner on any function of the form  $K(\\cdot, A)u$ .\n\n$$\\mathcal{P}^{s}K(\\cdot,A)\\boldsymbol{u} = K(\\cdot,A)\\boldsymbol{u} - \\sum_{i=1}^{q} \\left(1 - \\frac{\\lambda_{q+1}^{s}}{\\lambda_{q}^{s}}\\right)\\psi_{i}\\psi_{i}(A)^{\\top}\\boldsymbol{u}$$\n(12a)\n\n$$= K(\\cdot, A)\\boldsymbol{u} - \\sum_{i=1}^{q} \\left(1 - \\frac{\\lambda_{q+1}^{s}}{\\lambda_{q}^{s}}\\right) \\frac{K(\\cdot, X_{s})\\boldsymbol{e}_{i}}{\\sqrt{\\lambda_{i}}} \\frac{\\boldsymbol{e}_{i}^{\\top} K(X_{s}, A)}{\\sqrt{\\lambda_{i}}} \\boldsymbol{u}$$\n(12b)\n\n$$= K(\\cdot, A)\\boldsymbol{u} - K(\\cdot, X_s)\\boldsymbol{E}_q^s \\boldsymbol{D}_q \\boldsymbol{E}_q^{s^{\\top}} K(X_s, A)\\boldsymbol{u}$$\n(12c)\n\nwhere  $\\boldsymbol{D}_q := \\Lambda_q^{-1} - \\lambda_{q+1} \\Lambda_q^{-2}$ .\n\n**EigenPro 3.** The primary limitation of EigenPro 2 was its inability to handle cases where  $Z \\neq X$ , a necessary condition for disentangling the model and the training set. EigenPro 3 overcomes this limitation by recognizing that although the gradients in (4) may not lie within  $\\mathcal{Z}$ , it is possible to project them back to  $\\mathcal{Z}$ . Consequently, EigenPro 3 can be summarized as follows:\n\n\n$$f_{t+1} = \\operatorname{proj}_{\\mathcal{Z}} \\left( f_t - \\eta \\mathcal{P}^s \\{ \\widetilde{\\nabla}_f L(f_t) \\} \\right), \\tag{13}$$\n\nwhere  $\\operatorname{proj}_{\\mathcal{Z}}(u) := \\underset{f \\in \\mathcal{Z}}{\\operatorname{argmin}} \\|u - f\\|_{\\mathcal{H}}^2$  for any  $u \\in \\mathcal{H}$ . As shown in [1, Section 4.2], the exact projection is,  $\\operatorname{proj}_{\\mathcal{Z}}(u) = K(\\cdot, Z)K^{-1}(Z, Z)u(Z)$ .\n\nThis projection can be interpreted as solving a kernel in  $\\mathcal{Z}$  and can be approximated using EigenPro 2, as done in [1], with a time complexity that scales quadratically with model size. However, since this projection must be performed after each stochastic step, it becomes the most computationally expensive part of the EigenPro 3 algorithm."
      },
      {
        "heading": "3 EigenPro 4: Algorithm Design, Derivation, and Optimization",
        "text": "In this section, we provide a high-level overview and illustrations to highlight the key components of EigenPro 4 and how it significantly reduces training time. We present the EigenPro 4 algorithm in three parts. First, we introduce the algorithm's main components: the pre-projection and projection steps. Then, we detail each of these steps in the following two subsections. Finally, we describe a computational optimization that reduces the runtime of EigenPro 4 by half.\n\nScaling Challenge: High Projection Overhead. The key development of EigenPro 3 over its contemporaries was that it could train general kernel models in O(p) memory. This was a huge improvement over the prior methods which required  $O(p^2)$  memory [20, 19]. However, EigenPro 3 has a high cost  $O(mp+p^2)$  per batch of data processed, as summarized in the table in Figure 1. This is especially expensive when  $m \\ll p$ , i.e., when the batch size m is small compared to the model size p.\n\nMain Idea: Delayed Projection. To address computational complexity challenges, EP4 amortizes projection costs by delaying them for T iterations. An effective method for selecting T, along with an illustration of the delayed projection mechanism for T=4 (Figure 4), is provided in Appendix B.\n\nIn fact, EigenPro 3 can be viewed as a special case of EigenPro 4 when the parameter T is set to 1. Figure 5 in Appendix B illustrates this relationship. Furthermore, as shown in equation (26) in the same appendix, the total training time is minimized when T is proportional to  $\\frac{p}{m}$ , where m denotes the mini-batch size used in SGD. Under this setting, the per-batch training cost becomes O(p)."
      },
      {
        "heading": "3.1 Derivation of the EigenPro 4 Algorithm",
        "text": "As mentioned previously T is a crucial hyperparameter that determines the frequency of projection back to  $\\mathcal Z$  after every T steps. Before the projection step T, at every step when a new batch  $(X_m,y_m)$  is fetched, it is added to a set defined as the \"temporary centers\" set, denoted by  $Z_{\\rm tmp}$ . Starting with an empty set,  $Z_{\\rm tmp} = \\emptyset$ , we continuously add temporary centers to  $Z_{\\rm tmp}$  until the step count reaches T.\n\nFormally, the prediction function prior to the projection is no longer fixed and is now expanding. The model can be described as follows:\n\n\n$$f(x) = \\sum_{\\mathbf{z} \\in Z}^{\\text{original model}} \\alpha_{\\mathbf{z}} K(\\mathbf{x}, \\mathbf{z}) + \\sum_{\\mathbf{z} \\in Z_{\\text{tmp}}}^{\\text{temporary centers}} \\beta_{\\mathbf{z}} K(\\mathbf{x}, \\mathbf{z})$$\n(14)\n\nwhere  $\\alpha_z$  refers to the weights corresponding to the original model center z and  $\\beta_z$  refers to the weights corresponding to the temporary model centers. The full EigenPro 4 algorithm has been illustrated in Figure 2 and mathematically can be summarized as following,\n\n$$f_{t} = \\begin{cases} \\operatorname{proj}_{\\mathbf{Z}} \\left( f_{t-1} - \\eta \\mathcal{P}^{s} \\{ \\widetilde{\\nabla}_{f} L(f_{t-1}) \\} \\right), & t \\equiv 0 \\mod T, \\\\ f_{t-1} - \\eta \\mathcal{P}^{s} \\{ \\widetilde{\\nabla}_{f} L(f_{t}) \\}, & \\text{otherwise.} \\end{cases}$$\n(15)\n\nwhere  $\\widetilde{\\nabla}L$  is a stochastic gradient of the loss function computed over a mini-batch of data, and  $\\mathcal{P}^s$  is the preconditioner."
      },
      {
        "heading": "3.2 Steps before the Projection Step: Update for t < T",
        "text": "Based on Equation (15), suppose  $(X_1, y_1), \\dots, (X_T, y_T)$  are the minibatches of size m, and the initial model is  $f_0 = K(\\cdot, Z)\\alpha$ . After t < T step, the following holds,\n\n$$f_{t} = f_{t-1} - \\eta \\mathcal{P}^{s} K(\\cdot, X_{t}) (f_{t-1}(X_{t}) - y_{t}) = f_{0} - \\eta \\mathcal{P}^{s} \\sum_{i=1}^{t} K(\\cdot, X_{i}) \\mathbf{g}_{i}$$\n$$\\mathbf{g}_{i} := f_{i-1}(X_{i}) - y_{i}$$\n\nReplacing  $\\mathcal{P}^s$  using equation (11), setting  $f_0=K(\\cdot,Z)\\alpha$ , and following the notation introduced in section 2, let  $(\\Lambda_q, \\boldsymbol{E}_q^s, \\lambda_{q+1})$  denote the top-q eigensystem of  $K(X_s, X_s)$ , where  $\\boldsymbol{E}_q^s \\in \\mathbb{R}^{s \\times q}$  and  $\\boldsymbol{D}_q := \\Lambda_q^{-1} - \\lambda_{q+1} \\Lambda_q^{-2}$ . Then, we can simplify the update above as follows:\n\n\n$$f_t = K(\\cdot, Z)\\boldsymbol{\\alpha}_0 - \\eta \\sum_{i=1}^t \\left( K(\\cdot, X_i) - K(\\cdot, X_s) \\boldsymbol{E}_q^s \\boldsymbol{D}_q \\boldsymbol{E}_q^{s^{\\top}} K(X_s, X_i) \\right) \\boldsymbol{g}_i$$\n (16)\n\n![](_page_5_Figure_0.jpeg)\n\nFigure 2: **Schematic of the iterations in EigenPro 4.** The figure illustrates how the model updates are performed over multiple iterations in EigenPro4. Weights are updated using batches, and gradients are accumulated iteratively until a projection step is executed. This approach reduces the computational cost by accumulating gradients before performing the projection, leading to more efficient batch processing.\n\nThis update rule implies that after t steps, the weights corresponding to the original centers Z remain unchanged, the weights for the temporary centers  $X_i$  are set once to  $-\\eta g_i$  after they are added, and do not change thereafter, and finally, the weights associated with the Nyström samples  $X_s$  are  $\\eta \\sum_{i=1}^t E_q^s D_q E_q^{s^\\top} K(X_s, X_i) g_i$  which can be updated after each batch via an additive update. This is how we update the weights before projection at step T."
      },
      {
        "heading": "3.4 Improving Computational Efficiency",
        "text": "Upon careful examination of the derivations in (16), we observe that  $f_{T-1}(Z)$  have already been computed previously. This allows us to efficiently reuse  $f_{T-1}(Z)$  as follows,\n\n$$f_{T-1}(Z) = K(Z, Z)\\boldsymbol{\\alpha}_0 - \\eta \\left( \\sum_{i=1}^{T-1} K(Z, X_i) \\boldsymbol{g}_i - K(Z, X_s) \\boldsymbol{E}_q^s \\boldsymbol{D} \\boldsymbol{E}_q^{s^{\\top}} K(X_s, X_i) \\boldsymbol{g}_i \\right)$$\n(19)\n\nplugging this in (18) we obtain,\n\n$$f_T = K(\\cdot, Z) \\left( \\alpha_0 - \\eta K^{-1}(Z, Z) \\mathbf{h} \\right), \\tag{20a}$$\n\n$$\\boldsymbol{h} := \\sum_{i=1}^{T} K(Z, X_i) \\boldsymbol{g}_i - K(Z, X_s) \\boldsymbol{E}_q^s \\boldsymbol{D} \\boldsymbol{E}_q^{s^{\\top}} \\sum_{i=1}^{T} K(X_s, X_i) \\boldsymbol{g}_i$$\n (20b)"
      },
      {
        "heading": "3.5 Final algorithm",
        "text": "The final EigenPro 4 can be found in Algorithm 1. Note that we follow the same *inexact projection* scheme used in [1] to approximate the exact projection in the last step of the algorithm.\n\nThe benefit of this approximation is that we don't need to solve the problem exactly in  $\\mathcal{X}$ , nor do we need to project back to  $\\mathcal{Z}$  after each iteration. This approach offers the best of both worlds. In the next section, we demonstrate the effectiveness of this approach compared to prior state-of-the-art methods."
      },
      {
        "heading": "3.6 Convergence Analysis",
        "text": "In Appendix A, we provide a convergence analysis for the special case of Algorithm 1 where  $T=\\infty$  and exact projection is used in the projection step. However, a more rigorous theoretical analysis that accounts for the approximations introduced for scability—namely, finite T and inexact projections—is left for future work and is beyond the scope of this paper."
      },
      {
        "heading": "4 Numerical experiments",
        "text": "In this section, we demonstrate that our approach achieves orders-of-magnitude speedups over state-of-the-art kernel methods while maintaining comparable or superior generalization performance. We evaluate several kernel methods on the following datasets: (1) CIFAR5M, (2) CIFAR5M<sup>2</sup> [17], (3) ImageNet<sup>1</sup> [6], (4) WebVision<sup>2</sup> [12], and (5) LibriSpeech [18]. Dataset details are provided in Appendix C.\n\n<sup>&</sup>lt;sup>2</sup>Feature extraction using MobileNetV2\n\n<sup>&</sup>lt;sup>2</sup>Feature extraction using ResNet-18\n\n![](_page_7_Figure_0.jpeg)\n\nFigure 3: (top) Multi-epoch performance, convergence comparison for EigenPro 3 and EigenPro 4. (bottom) Time and performance comparison for Falkon, EigenPro 3 and EigenPro 4 for ImageNet. Details of the experiments and hardware can be found in Appendix [C.](#page-23-0) (Here n refers to total number of training samples.)\n\nWhile our method is compatible with any kernel function, we primarily use the Laplace kernel due to its simplicity and strong empirical performance. For completeness, we also report results using the Gaussian and NTK kernels in Appendix [C.1.](#page-23-1)\n\nFor multi-class classification, we adopt a one-vs-all decomposition strategy, training a separate binary regressor for each class with targets in 0, 1. The final prediction is obtained by selecting the class corresponding to the highest predicted value across all binary regressors.\n\nSubstantial Reduction in Per-Epoch Training Time. EigenPro 4 has substantially reduced the per-epoch training time, making it the most efficient kernel method on modern machine learning hardware. In contrast to performing projection every mini-batch iteration as in EigenPro 3, EigenPro 4 schedules one projection every few iterations such that its amortized cost is comparable to that of the standard iterations. This results in an ideal per-sample complexity O(p), a remarkable improvement over the O(p 2 ) complexity from EigenPro 3.\n\nIn Table [1,](#page-8-0) we evaluate the performance and computational timing for a single epoch of our proposed model against established kernel regression methods. As noted earlier, Falkon exhibits limitations due to its quadratic memory complexity. For the CIFAR5M<sup>∗</sup> dataset, training with a model size of 512,000 required 1.3TB of RAM, while scaling to 1M model size necessitated over 5TB. Resource constraints limited our Falkon benchmarks to model sizes of 128,000 and 64,000 for the remaining datasets. While EigenPro 3 addresses these memory constraints, it demonstrates significant computational overhead, particularly evident in the Librispeech dataset where our method, EigenPro 4, achieves a 411× speedup. Notably, EigenPro 4 maintains comparable or superior performance across all evaluated datasets relative to both baseline methods.\n\nLinear Scaling with Model Size. The total training time and memory usage of EigenPro 4 scales linearly with the model size. In comparison, the time required for a single EigenPro 3 iteration grows quadratically with the model size, while the preprocessing time for Falkon grows cubically. Furthermore, the memory demand of Falkon increases quadratically with the model size. In practice, we are unable to run it with large model sizes, e.g., 128,000 centers for ImageNet data.\n\n\n\n| Model size | Method     | CIFAR5M*(n = 5M)     | CIFAR5M (n = 6M)    | Librispeech (n = 10M) | Webvision (n = 5.2M) |\n|------------|------------|----------------------|---------------------|-----------------------|----------------------|\n|            | EigenPro 4 | 5m (4.6x, 88%)       | 3m (15x, 69%)       | 16m (9.1x, 86.8%)     | 2m (45.5x, 24.3%)    |\n| p = 64K    | EigenPro 3 | 23m (1x, 88.3%)      | 45m (1x, 68.8%)     | 145m (1x, 85.4%)      | 91m (1x, 24%)        |\n|            | Falkon     | 3m (7.67x, 86.1%)    | 5m (9x, 57.7%)      | 9m (16.11x, 81.0%)    | 4m (22.75x, 21.7%)   |\n|            | EigenPro 4 | 5m (10x, 88.25%)     | 4m (26.25x, 70.9%)  | 19m (17.95x, 87.8%)   | 4m (49.75x, 24.9%)   |\n| p = 128K   | EigenPro 3 | 50m (1x, 88.42%)     | 105m (1x, 70.3%)    | 341m (1x, 84.75%)     | 199m (1x, 24.5%)     |\n|            | Falkon     | 9m (5.56x, 86.55%)   | 11m (9.55x, 59.4%)  | 21m (16.24x, 82.30%)  | 13m (15.31x, 22.4%)  |\n|            | EigenPro 4 | 7m (18.3x, 88.61%)   | 6m (130.8x, 71.8%)  | 24m (120x, 88.33%)    | 5m (106.2x, 26%)     |\n| p = 256K   | EigenPro 3 | 128m (1x, 88.61%)    | 785m (1x, 70.53%)   | ≈ 2 days (1x)         | 531m (1x, 25.52%)    |\n|            | Falkon     | 38m (3.37x, 86.73%)  | OOM                 | OOM                   | OOM                  |\n|            | EigenPro 4 | 12m (44.25x, 88.58%) | 10m (> 288x, 72.9%) | 36m (> 200x, 88.89%)  | 11m (240x, 27.3%)    |\n| p = 512K   | EigenPro 3 | 531m (1x, 88.56%)    | > 2 days (1x)       | > 5 days (1x)         | 2 days (1x)          |\n|            | Falkon     | 240m (2.21x, 86.71%) | OOM                 | OOM                   | OOM                  |\n|            | EigenPro 4 | 21m (> 274x, 88.7%)  | 17m (> 508x, 73.8%) | 70m (> 411x, 89.5%)   | 21m (> 686x, 29.3%)  |\n| p = 1M     | EigenPro 3 | > 4 days (1x)        | > 6 days (1x)       | >20 days (1x)         | > 10 days (1x)       |\n|            | Falkon     | OOM                  | OOM                 | OOM                   | OOM                  |\n\nTable 1: Runtime (in minutes) comparison of EigenPro 4, EigenPro 3, and Falkon across different model sizes and datasets after 1 epoch. The values in parentheses represent the speedup over EigenPro 3 and the final accuracy. OOM indicates an Out-of-Memory error. Details of the experiments and hardware can be found in Appendix [C.](#page-23-0)\n\nWe summarize all empirical results in Figure [3](#page-7-0) and demonstrate that our method achieves both linear memory complexity and linear time complexity (empirically verified) with respect to model size, offering the best of both worlds. For the ImageNet dataset, we trained all methods until convergence. While EigenPro 3 does not have the quadratic memory scaling problem, Figure [3](#page-7-0) shows that even for a relatively small dataset like ImageNet with 1M data points, training a model size of 512,000 centers requires approximately 43 days on a single GPU to reach convergence (about 100 epochs). In contrast, our proposed model achieves convergence in approximately 3 hours, requiring only 15 epochs, with each epoch being significantly more efficient than EigenPro 3 (see Table [1\\)](#page-8-0).\n\nFaster Convergence with EigenPro 4. EigenPro 4 generally demonstrates the fastest convergence among all tested methods. In certain cases, such as ImageNet with 1.2 million model centers, Eigen-Pro 4 converges in less than 10% of the epochs needed by other methods, while also delivering superior model performance. Figure [3](#page-7-0) compares EigenPro 4 and EigenPro 3 across multiple training epochs, following the experimental setup established in [\\[1\\]](#page-9-7). Despite EigenPro 4's linear time complexity per iteration (compared to EigenPro 3's quadratic complexity), it demonstrates faster convergence with fewer epochs. This efficiency gain is particularly pronounced for larger model sizes, where EigenPro 4 maintains or exceeds EigenPro 3's accuracy while requiring significantly fewer epochs. These results empirically validate that EigenPro 4's algorithmic improvements translate to practical benefits: not only does each iteration run faster, but fewer iterations are needed to achieve optimal performance across diverse datasets. This empirically shows that our model has a linear time complexity with respect to the model size."
      },
      {
        "heading": "5 Conclusion",
        "text": "In this work, we introduced EigenPro 4, an advancement in training large kernel models that achieves linear time complexity per iteration and linear memory scaling with model size. By implementing a delayed projection strategy, we addressed the high computational overhead previously associated with frequent projections, achieving significant time and memory efficiency improvements over EigenPro 3 and Falkon. Our empirical results on diverse datasets highlight EigenPro 4 ability to match or exceed the performance of prior methods with vastly reduced computational resources. Specifically, the algorithm demonstrates both faster convergence and superior scalability, enabling training with model sizes and datasets that were previously infeasible due to memory and time constraints.\n\nFurthermore, EigenPro 4 design opens up new possibilities for parallelization, as it is well-suited for multi-GPU and distributed architectures. Future work will explore these aspects, further expanding its potential in real-world applications requiring efficient, scalable kernel methods for massive data volumes.\n\nAcknowledgements: We acknowledge support from the National Science Foundation (NSF) and the Simons Foundation for the Collaboration on the Theoretical Foundations of Deep Learning through awards DMS-2031883 and #814639, the TILOS institute (NSF CCF-2112665), and the Office of Naval Research (N8644-NV-ONR). This work used ACCESS (Advanced cyberinfrastructure coordination ecosystem: services & support) which is supported by NSF grants numbers #2138259, #2138286, #2138307, #2137603, and #2138296. Specifically, we used the resources from SDSC Expanse GPU compute nodes, and NCSA Delta system, via allocations TG-CIS220009. This work was done in part while AA was visiting the Simons Institute for the Theory of Computing. PP was supported by the DST INSPIRE Faculty Fellowship, Schmidt Sciences, and gifts from SBI and Amazon."
      }
    ],
    "references": [
      {
        "title": "Toward large kernel models",
        "author": [
          "Amirhesam Abedsoltan",
          "Mikhail Belkin",
          "Parthe Pandit"
        ],
        "venue": "In Proceedings of the 40th International Conference on Machine Learning, ICML'23. JMLR.org",
        "citeRegEx": "Abedsoltan et al\\\\.,? 2023",
        "shortCiteRegEx": "Abedsoltan et al\\\\.",
        "year": 2023
      },
      {
        "title": "On the nyström approximation for preconditioning in kernel machines",
        "author": [
          "Amirhesam Abedsoltan",
          "Parthe Pandit",
          "Luis Rademacher",
          "Mikhail Belkin"
        ],
        "venue": "In International Conference on Artificial Intelligence and Statistics, pages 3718–3726. PMLR",
        "citeRegEx": "Abedsoltan et al\\\\.,? 2024",
        "shortCiteRegEx": "Abedsoltan et al\\\\.",
        "year": 2024
      },
      {
        "title": "Reconciling modern machinelearning practice and the classical bias–variance trade-off",
        "author": [
          "Mikhail Belkin",
          "Daniel Hsu",
          "Siyuan Ma",
          "Soumik Mandal"
        ],
        "venue": "Proceedings of the National Academy of Sciences, 116(32):15849–15854",
        "citeRegEx": "Belkin et al\\\\.,? 2019",
        "shortCiteRegEx": "Belkin et al\\\\.",
        "year": 2019
      },
      {
        "title": "To understand deep learning we need to understand kernel learning",
        "author": [
          "Mikhail Belkin",
          "Siyuan Ma",
          "Soumik Mandal"
        ],
        "venue": "In International Conference on Machine Learning, pages 541–549. PMLR",
        "citeRegEx": "Belkin et al\\\\.,? 2018",
        "shortCiteRegEx": "Belkin et al\\\\.",
        "year": 2018
      },
      {
        "title": "Nytro: When subsampling meets early stopping",
        "author": [
          "Raffaello Camoriano",
          "Tomás Angles",
          "Alessandro Rudi",
          "Lorenzo Rosasco"
        ],
        "venue": "In Artificial Intelligence and Statistics, pages 1403–1411. PMLR",
        "citeRegEx": "Camoriano et al\\\\.,? 2016",
        "shortCiteRegEx": "Camoriano et al\\\\.",
        "year": 2016
      },
      {
        "title": "Imagenet: A largescale hierarchical image database",
        "author": [
          "Jia Deng",
          "Wei Dong",
          "Richard Socher",
          "Li-Jia Li",
          "Kai Li",
          "Li Fei-Fei"
        ],
        "venue": "In",
        "citeRegEx": "Deng et al\\\\.,? 2009",
        "shortCiteRegEx": "Deng et al\\\\.",
        "year": 2009
      },
      {
        "title": "Product kernel interpolation for scalable gaussian processes",
        "author": [
          "Jacob Gardner",
          "Geoff Pleiss",
          "Ruihan Wu",
          "Kilian Weinberger",
          "Andrew Wilson"
        ],
        "venue": "In International Conference on Artificial Intelligence and Statistics, pages 1407–1416. PMLR",
        "citeRegEx": "Gardner et al\\\\.,? 2018",
        "shortCiteRegEx": "Gardner et al\\\\.",
        "year": 2018
      },
      {
        "title": "Evaluation of neural architectures trained with square loss vs cross-entropy in classification tasks",
        "author": [
          "Like Hui",
          "Mikhail Belkin"
        ],
        "venue": "In International Conference on Learning Representations",
        "citeRegEx": "Hui et al\\\\.,? 2021",
        "shortCiteRegEx": "Hui et al\\\\.",
        "year": 2021
      },
      {
        "title": "Neural tangent kernel: Convergence and generalization in neural networks",
        "author": [
          "Arthur Jacot",
          "Franck Gabriel",
          "Clément Hongler"
        ],
        "venue": "Advances in neural information processing systems, 31",
        "citeRegEx": "Jacot et al\\\\.,? 2018",
        "shortCiteRegEx": "Jacot et al\\\\.",
        "year": 2018
      },
      {
        "title": "Speech & language processing",
        "author": [
          "Dan Jurafsky"
        ],
        "venue": "Pearson Education India",
        "citeRegEx": "Jurafsky et al\\\\.,? 2000",
        "shortCiteRegEx": "Jurafsky et al\\\\.",
        "year": 2000
      },
      {
        "title": "Learning multiple layers of features from tiny images",
        "author": [
          "Alex Krizhevsky",
          "Geoffrey Hinton",
          "et al"
        ],
        "venue": "Citeseer",
        "citeRegEx": "Krizhevsky et al\\\\.,? 2009",
        "shortCiteRegEx": "Krizhevsky et al\\\\.",
        "year": 2009
      },
      {
        "title": "Webvision database: Visual learning and understanding from web data",
        "author": [
          "Wen Li",
          "Limin Wang",
          "Wei Li",
          "Eirikur Agustsson",
          "Luc Van Gool"
        ],
        "venue": "arXiv preprint arXiv:1708.02862",
        "citeRegEx": "Li et al\\\\.,? 2017",
        "shortCiteRegEx": "Li et al\\\\.",
        "year": 2017
      },
      {
        "title": "Diving into the shallows: a computational perspective on large-scale shallow learning",
        "author": [
          "Siyuan Ma",
          "Mikhail Belkin"
        ],
        "venue": "Advances in neural information processing systems, 30",
        "citeRegEx": "Ma et al\\\\.,? 2017",
        "shortCiteRegEx": "Ma et al\\\\.",
        "year": 2017
      },
      {
        "title": "Kernel machines that adapt to gpus for effective large batch training",
        "author": [
          "Siyuan Ma",
          "Mikhail Belkin"
        ],
        "venue": "Proceedings of Machine Learning and Systems, 1:360–373",
        "citeRegEx": "Ma et al\\\\.,? 2019",
        "shortCiteRegEx": "Ma et al\\\\.",
        "year": 2019
      },
      {
        "title": "de G",
        "author": [
          "Alexander G"
        ],
        "venue": "Matthews, Mark van der Wilk, Tom Nickson, Keisuke. Fujii, Alexis Boukouvalas, Pablo León-Villagrá, Zoubin Ghahramani, and James Hensman. GPflow: A Gaussian process library using TensorFlow. Journal of Machine Learning Research, 18(40):1–6, apr",
        "citeRegEx": "G et al\\\\.,? 2017",
        "shortCiteRegEx": "G et al\\\\.",
        "year": 2017
      },
      {
        "title": "Kernel methods through the roof: handling billions of points efficiently",
        "author": [
          "Giacomo Meanti",
          "Luigi Carratino",
          "Lorenzo Rosasco",
          "Alessandro Rudi"
        ],
        "venue": "Advances in Neural Information Processing Systems, 33:14410–14422",
        "citeRegEx": "Meanti et al\\\\.,? 2020",
        "shortCiteRegEx": "Meanti et al\\\\.",
        "year": 2020
      },
      {
        "title": "The deep bootstrap framework: Good online learners are good offline generalizers",
        "author": [
          "Preetum Nakkiran",
          "Behnam Neyshabur",
          "Hanie Sedghi"
        ],
        "venue": "International Conference on Learning Representations",
        "citeRegEx": "Nakkiran et al\\\\.,? 2021",
        "shortCiteRegEx": "Nakkiran et al\\\\.",
        "year": 2021
      },
      {
        "title": "Librispeech: an asr corpus based on public domain audio books",
        "author": [
          "Vassil Panayotov",
          "Guoguo Chen",
          "Daniel Povey",
          "Sanjeev Khudanpur"
        ],
        "venue": "In",
        "citeRegEx": "Panayotov et al\\\\.,? 2015",
        "shortCiteRegEx": "Panayotov et al\\\\.",
        "year": 2015
      },
      {
        "title": "´ Have askotch: A neat solution for large-scale kernel ridge regression",
        "author": [
          "Pratik Rathore",
          "Zachary Frangella",
          "Jiaming Yang",
          "Michał Derezinski",
          "Madeleine Udell"
        ],
        "venue": "arXiv preprint arXiv:2407.10070",
        "citeRegEx": "Rathore et al\\\\.,? 2025",
        "shortCiteRegEx": "Rathore et al\\\\.",
        "year": 2025
      },
      {
        "title": "Falkon: An optimal large scale kernel method",
        "author": [
          "Alessandro Rudi",
          "Luigi Carratino",
          "Lorenzo Rosasco"
        ],
        "venue": "Advances in neural information processing systems, 30",
        "citeRegEx": "Rudi et al\\\\.,? 2017",
        "shortCiteRegEx": "Rudi et al\\\\.",
        "year": 2017
      },
      {
        "title": "Pegasos: Primal estimated sub-gradient solver for svm",
        "author": [
          "Shai Shalev-Shwartz",
          "Yoram Singer",
          "Nathan Srebro"
        ],
        "venue": "In Proceedings of the 24th international conference on Machine learning, pages 807–814",
        "citeRegEx": "Shalev-Shwartz et al\\\\.,? 2007",
        "shortCiteRegEx": "Shalev-Shwartz et al\\\\.",
        "year": 2007
      },
      {
        "title": "Variational learning of inducing variables in sparse gaussian processes",
        "author": [
          "Michalis Titsias"
        ],
        "venue": "In Artificial intelligence and statistics, pages 567–574. PMLR",
        "citeRegEx": "Titsias et al\\\\.,? 2009",
        "shortCiteRegEx": "Titsias et al\\\\.",
        "year": 2009
      },
      {
        "title": "Towns, T",
        "author": [
          "J"
        ],
        "venue": "Cockerill, M. Dahan, I. Foster, K. Gaither, A. Grimshaw, V. Hazlewood, S. Lathrop, D. Lifka, G. D. Peterson, R. Roskies, J. Scott, and N. Wilkins-Diehr. Xsede: Accelerating scientific discovery. Computing in Science & Engineering, 16(05):62–74, sep",
        "citeRegEx": "J et al\\\\.,? 2014",
        "shortCiteRegEx": "J et al\\\\.",
        "year": 2014
      },
      {
        "title": "ESPnet: End-to-end speech processing toolkit",
        "author": [
          "Shinji Watanabe",
          "Takaaki Hori",
          "Shigeki Karita",
          "Tomoki Hayashi",
          "Jiro Nishitoba",
          "Yuya Unno",
          "Nelson Enrique Yalta Soplin",
          "Jahn Heymann",
          "Matthew Wiesner",
          "Nanxin Chen",
          "Adithya Renduchintala",
          "Tsubasa Ochiai"
        ],
        "venue": "In Proceedings of Interspeech, pages 2207–2211",
        "citeRegEx": "Watanabe et al\\\\.,? 2018",
        "shortCiteRegEx": "Watanabe et al\\\\.",
        "year": 2018
      },
      {
        "title": "Pytorch image models",
        "author": [
          "Ross Wightman"
        ],
        "venue": "[https://github.com/rwightman/](https://github.com/rwightman/pytorch-image-models) [pytorch-image-models](https://github.com/rwightman/pytorch-image-models)",
        "citeRegEx": "Wightman et al\\\\.,? 2019",
        "shortCiteRegEx": "Wightman et al\\\\.",
        "year": 2019
      },
      {
        "title": "Using the nyström method to speed up kernel machines",
        "author": [
          "Christopher Williams",
          "Matthias Seeger"
        ],
        "venue": "Advances in neural information processing systems, 13",
        "citeRegEx": "Williams et al\\\\.,? 2000",
        "shortCiteRegEx": "Williams et al\\\\.",
        "year": 2000
      },
      {
        "title": "Kernel interpolation for scalable structured gaussian processes (kiss-gp)",
        "author": [
          "Andrew Wilson",
          "Hannes Nickisch"
        ],
        "venue": "In International conference on machine learning, pages 1775–1784. PMLR",
        "citeRegEx": "Wilson et al\\\\.,? 2015",
        "shortCiteRegEx": "Wilson et al\\\\.",
        "year": 2015
      },
      {
        "title": "Understanding deep learning (still) requires rethinking generalization",
        "author": [
          "Chiyuan Zhang",
          "Samy Bengio",
          "Moritz Hardt",
          "Benjamin Recht",
          "Oriol Vinyals"
        ],
        "venue": "Communications of the ACM, 64(3):107– 115",
        "citeRegEx": "Zhang et al\\\\.,? 2021",
        "shortCiteRegEx": "Zhang et al\\\\.",
        "year": 2021
      }
    ]
  }
}