{
  "forum_id": "gnRgO4ZHrN",
  "metadata": {
    "source": "NeurIPS",
    "year": 2025,
    "title": "Understanding Fairness and Prediction Error through Subspace Decomposition and Influence Analysis",
    "abstractText": "Machine learning models have achieved widespread success but often inherit and amplify historical biases, resulting in unfair outcomes. Traditional fairness methods typically impose constraints at the prediction level, without addressing underlying biases in data representations. In this work, we propose a principled framework that adjusts data representations to balance predictive utility and fairness. Using sufficient dimension reduction, we decompose the feature space into target-relevant, sensitive, and shared components, and control the fairness–utility trade-off by selectively removing sensitive information. We provide a theoretical analysis of how prediction error and fairness gaps evolve as shared subspaces are added, and employ influence functions to quantify their effects on the asymptotic behavior of parameter estimates. Experiments on both synthetic and real-world datasets validate our theoretical insights and show that the proposed method effectively improves fairness while preserving predictive performance.",
    "sections": [
      {
        "heading": "1 Introduction",
        "text": "Machine learning (ML) models have achieved remarkable success across a wide range of highstakes applications, including finance [Hardt et al.](#page-10-0) [\\[2016\\]](#page-10-0), [Liu et al.](#page-10-1) [\\[2018\\]](#page-10-1), healthcare [Potash](#page-10-2) [et al.](#page-10-2) [\\[2015\\]](#page-10-2), [Rudin and Ustun](#page-10-3) [\\[2018\\]](#page-10-3), and criminal justice [Van Dijck](#page-10-4) [\\[2022\\]](#page-10-4), [Billi et al.](#page-10-5) [\\[2023\\]](#page-10-5). Despite these advances, growing evidence highlights that ML systems often inherit and reinforce historical biases, leading to unfair outcomes [Tolan et al.](#page-10-6) [\\[2019\\]](#page-10-6), [Mehrabi et al.](#page-10-7) [\\[2021\\]](#page-10-7). Biases in data collection [Liang et al.](#page-10-8) [\\[2020\\]](#page-10-8), [Pagano et al.](#page-10-9) [\\[2023\\]](#page-10-9) and disparities in group representation [De-Arteaga](#page-10-10) [et al.](#page-10-10) [\\[2019\\]](#page-10-10), [Dablain et al.](#page-10-11) [\\[2024\\]](#page-10-11) can manifest in model predictions, ultimately amplifying social inequities [Bolukbasi et al.](#page-10-12) [\\[2016\\]](#page-10-12), [Hassani](#page-10-13) [\\[2021\\]](#page-10-13), [Hu et al.](#page-11-0) [\\[2024\\]](#page-11-0), [Ding et al.](#page-11-1) [\\[2024\\]](#page-11-1).\n\nTo address fairness concerns, researchers have introduced a range of formal definitions and algorithmic interventions. Early work focused on ensuring statistical criteria such as Demographic Parity [Kamishima et al.](#page-11-2) [\\[2012\\]](#page-11-2), [Jiang et al.](#page-11-3) [\\[2020\\]](#page-11-3), and more recent developments extend fairness guarantees to multiple sensitive attributes [Tian et al.](#page-11-4) [\\[2024\\]](#page-11-4), [Chen et al.](#page-11-5) [\\[2024\\]](#page-11-5) or local prediction regions [Jin et al.](#page-11-6) [\\[2024\\]](#page-11-6). Many approaches operationalize fairness by adding constraints or regularization terms to learning objectives [Hardt et al.](#page-10-0) [\\[2016\\]](#page-10-0), [Li et al.](#page-11-7) [\\[2023\\]](#page-11-7). However, this strategy typically treats fairness as an external correction layered on top of predictive modeling, without addressing the root causes of bias encoded within data representations themselves.\n\nThis work proposes a new perspective: instead of adjusting model predictions post hoc, we seek to understand and manage the trade-off between utility and fairness at the level of data representation. Specifically, we focus on how to construct representations that balance predictive accuracy for the\n\n<sup>∗</sup>Corresponding Author\n\ntarget variable and independence from sensitive attributes. This viewpoint naturally connects fairness with the framework of sufficient dimension reduction (SDR) Cook and Li [2002], Adragni and Cook [2009], where the goal is to project high-dimensional features onto lower-dimensional subspaces that preserve essential information.\n\nWe consider a structured setup in which both the prediction target Y and the sensitive attribute Z admit low-dimensional sufficient reductions with respect to the covariates X. By analyzing the subspaces associated with Y and Z, we separate two types of directions: (1) directions informative about Y but orthogonal to Z and (2) directions jointly informative about both Y and Z. This decomposition enables a principled subspace selection: start with Z-orthogonal directions for fairness, then add shared ones to boost accuracy as needed.\n\nTo quantify the fairness—utility trade-off, we develop a theoretical framework showing how prediction error and group-wise disparities evolve as shared directions are added. While incorporating Z-related directions improves accuracy, it reintroduces unfairness, which is captured through variance decomposition and gap metrics. We further apply influence functions to analyze the impact of partially fair representations on parameter estimation and prediction. The contributions of this paper are summarized as follows:\n\n- 1. We propose a general framework for fairness-aware learning by directly manipulating data representations. It enables controlled removal of sensitive information without relying on a specific fairness definition.\n- 2. We theoretically characterize how prediction risk and fairness gaps evolve as shared information is gradually introduced, and use influence functions to analyze the effect of partially fair representations on estimation and prediction.\n- 3. We validate our approach through experiments on synthetic and real-world datasets, demonstrating that subspace elimination achieves trade-offs between fairness and predictive performance.\n\nThe structure of this paper is as follows. Section 3 introduces the motivation and problem setup, along with theoretical analysis of the utility–fairness trade-off under subspace elimination. Section 4 details the estimation procedure. Section 5 analyzes the asymptotic behavior of the estimators and predictors using influence functions. Section 6 presents simulation and real-world experiments that demonstrate the effectiveness of our approach."
      },
      {
        "heading": "2 Related Work",
        "text": "A major approach to fairness in machine learning focuses on enforcing fairness during model training, known as in-processing Wang et al. [2022a], Berk et al. [2023], Caton and Haas [2024]. These methods incorporate fairness constraints Zafar et al. [2019], Agarwal et al. [2019] into the optimization objective to satisfy predefined criteria such as Demographic Parity Dwork et al. [2012] or Equality of Opportunity Hardt et al. [2016], Shen et al. [2022], and have been applied across various paradigms including contrastive learning Wang et al. [2022b], Zhang et al. [2022], adversarial training Han et al. [2021], domain adaptation Wang et al. [2020], and balanced supervised learning Han et al. [2022]. However, fairness guarantees obtained this way are often task-specific and may not generalize across downstream applications. A complementary direction focuses on achieving fairness at the representation level by removing sensitive information from feature embeddings. Notable methods such as Iterative Null-space Projection (INLP) Ravfogel et al. [2020, 2023] and Relaxed Linear Adversarial Concept Erasure (RLACE) Ravfogel et al. [2022] aim to systematically eliminate sensitive information. More recently, sufficient dimension reduction (SDR) techniques have been adapted for debiasing Shi et al. [2024], identifying and removing subspaces associated with sensitive attributes while offering theoretical guarantees, with an extension of non-linear SDR via deep neural networks as proposed in Shi et al. [2025]."
      },
      {
        "heading": "3 Methodology",
        "text": ""
      },
      {
        "heading": "3.1 Motivation",
        "text": "We study the problem of removing sensitive information from vector representations while preserving task-relevant content. Let (X, Y, Z) be random variables where  $X \\in \\mathbb{R}^p$  denotes the representation,\n\n $m{Y} \\in \\mathbb{R}^K$  is the prediction target, and  $m{Z} \\in \\mathbb{R}^d$  is the sensitive attribute. Our goal is to learn a transformation  $h : \\mathbb{R}^p \\to \\mathbb{R}^p$  such that the transformed representation  $h(m{X})$  satisfies: (1) Minimal dependence on the sensitive attribute  $m{Z}$  and (2) Sufficient information for predicting the target variable  $m{Y}$ . A direct approach involves constructing a linear transformation  $h(m{X}) = Pm{X}$ , where  $P \\in \\mathbb{R}^{p \\times p}$  is a projection matrix. This induces a decomposition of the input space as  $m{X} = Pm{X} + (I - P)m{X}$ , with P projecting onto a subspace  $\\mathcal{S}_1 \\subseteq \\mathbb{R}^p$  and I - P projecting onto its orthogonal complement  $\\mathcal{S}_2 = \\mathcal{S}_1^\\perp$ . The representation space is thus decomposed as  $\\mathbb{R}^p = \\mathcal{S}_1 \\oplus \\mathcal{S}_2$ . For effective debiasing,  $\\mathcal{S}_1$  should minimize information about  $m{Z}$ , while  $m{S}_2$  captures the  $m{Z}$ -relevant components to be removed.\n\nThis formulation is introduced by Shi et al. [2024], who adopt the sufficient dimension reduction (SDR) framework to identify and eliminate sensitive information in representations. Given X and Z, their goal is to find a matrix  $B_z \\in \\mathbb{R}^{p \\times r}$  with orthonormal columns such that\n\n$$\\mathbf{Z} \\perp \\!\\!\\!\\perp \\mathbf{X} \\mid B_z^{\\mathsf{T}} \\mathbf{X}, \\tag{1}$$\n\nensuring that  $B_z^{\\top} X$  contains all the information in X relevant to predicting Z. The column space of  $B_z$ , known as the SDR subspace of X with respect to Z, see Cook and Li [2002], Adragni and Cook [2009], thus serves as a natural candidate for  $S_2$  with  $\\dim(S_2) = r$ . Its orthogonal complement, spanned by  $P = I - B_z B_z^{\\top}$ , defines  $S_1$  with  $\\dim(S_1) = p - r$ . Then h(X) = PX removes all information associated with Z, yielding a fair projection that satisfies  $h(X) \\perp \\!\\!\\! \\perp Z$ .\n\nWhile the sufficient projection method in Shi et al. [2024] performs well across downstream tasks, it primarily focuses on removing Z-related information without explicitly preserving information relevant to Y. This can lead to substantial utility loss when Y and Z share overlapping subspaces. To address this, we propose a finer decomposition of the representation space  $\\mathbb{R}^p$ , separating directions informative about Y but orthogonal to Z, directions shared by both, and directions unrelated to either. This more granular perspective allows for better control of the fairness—utility trade-off by retaining task-relevant features while minimizing bias from sensitive attributes."
      },
      {
        "heading": "3.2 Problem Setup",
        "text": "We adopt a SDR framework for both the target variable Y and the sensitive attribute Z, modeled as\n\n\n$$Y = f(\\beta_1^{\\top} X, \\beta_2^{\\top} X, \\dots, \\beta_a^{\\top} X, \\varepsilon_Y), \\tag{2}$$\n\n\n$$Z = g(\\psi_1^\\top X, \\psi_2^\\top X, \\dots, \\psi_r^\\top X, \\varepsilon_Z), \\tag{3}$$\n\nfor some measurable functions f and g, where  $\\{\\beta_k\\}_{k=1}^q \\subset \\mathbb{R}^p$  and  $\\{\\psi_j\\}_{j=1}^r \\subset \\mathbb{R}^p$  are orthonormal direction vectors, and  $\\varepsilon_Y$ ,  $\\varepsilon_Z$  are noise terms independent of X. The SDR assumption implies that all information relevant for predicting Y and Z is captured by the low-dimensional projections  $\\{\\beta_k^\\top X\\}_{k=1}^q$  and  $\\{\\psi_j^\\top X\\}_{j=1}^r$ , respectively. Equivalently, the models in (2) and (3) imply the conditional independence statements:\n\n\n$$Y \\perp \\!\\!\\!\\perp X \\mid M_Y X, \\quad Z \\perp \\!\\!\\!\\perp X \\mid M_Z X,$$\n (4)\n\nwhere  $M_Y$ ,  $M_Z \\in \\mathbb{R}^{p \\times p}$  are matrices with rank q and r. The subspaces spanned by these matrices are referred to as the central subspaces, defined by\n\n$$S_{Y|X} = \\operatorname{Span}(M_Y) = \\operatorname{Span}\\{\\beta_1, \\dots, \\beta_q\\}, \\quad S_{Z|X} = \\operatorname{Span}(M_Z) = \\operatorname{Span}\\{\\psi_1, \\dots, \\psi_r\\}.$$\n\nAssume that the central subspaces  $S_{Y|X}$  and  $S_{Z|X}$  intersect in a subspace\n\n$$S_{Y|X} \\cap S_{Z|X} = \\operatorname{Span}\\{\\phi_1, \\dots, \\phi_s\\},\\$$\n\nwhere  $s \\leq \\min\\{q,r\\}$ . When s=0, the subspaces intersect only at the origin. In the special case where  $\\mathcal{S}_{\\boldsymbol{Y}|\\boldsymbol{X}} \\subset \\mathcal{S}_{\\boldsymbol{Z}|\\boldsymbol{X}}^{\\perp}$ , the two subspaces are completely separable. In this setting, removing all information associated with  $\\boldsymbol{Z}$  does not affect the information relevant for predicting  $\\boldsymbol{Y}$ , and thus fairness can be achieved without sacrificing utility.\n\nIn practice, the subspaces  $S_{Y|X}$  and  $S_{Z|X}$  often overlap, with a nontrivial intersection (s>0). In such cases, removing all Z-related components may also eliminate valuable information for predicting Y. To address this, we decompose  $S_{Y|X}$  into two orthogonal parts: one shared with  $S_{Z|X}$  and one independent of it. This decomposition enables a principled approach to balancing fairness and utility by selectively retaining target-relevant features uncorrelated with the sensitive attribute.\n\nWithout loss of generality, we assume that the shared basis vectors satisfy  $\\phi_i = \\beta_{q-s+i} = \\psi_{r-s+i}$  for  $i=1,\\ldots,s$ . Define the projection matrix onto  $\\mathcal{S}_{\\boldsymbol{Z}|\\boldsymbol{X}}$  as  $P_z = \\sum_{j=1}^r \\psi_j \\psi_j^{\\top}$  and  $Q_z = I_p - P_z$ , where  $Q_z$  projects onto the orthogonal complement of the sensitive subspace. Let  $B = (\\beta_1,\\ldots,\\beta_q) \\in \\mathbb{R}^{p\\times q}$  and  $\\Phi = (\\phi_1,\\ldots,\\phi_s) \\in \\mathbb{R}^{p\\times s}$ . Since  $\\mathcal{S}_{\\boldsymbol{Y}|\\boldsymbol{X}} \\cap \\mathcal{S}_{\\boldsymbol{Z}|\\boldsymbol{X}} = \\operatorname{Span}(\\Phi)$ , the uncorrelated component  $\\mathcal{S}_{\\boldsymbol{Y}|\\boldsymbol{X}} \\cap \\mathcal{S}_{\\boldsymbol{Z}|\\boldsymbol{X}}^{\\perp}$  can be identified by finding a matrix  $\\widetilde{B}$  such that\n\n\n$$Y \\perp \\!\\!\\!\\perp Q_z X \\mid \\widetilde{B}^\\top X, \\tag{5}$$\n\n**Theorem 3.1.** Let  $\\widetilde{B}$  be an orthonormal matrix satisfying condition (5), then  $\\operatorname{Span}(\\widetilde{B}) \\subseteq \\operatorname{Span}(Q_zB) = \\mathcal{S}_{Y|X} \\cap \\mathcal{S}_{Z|X}^{\\perp}$ .\n\nTheorem 3.1 provides a direct link between the central subspace of Y and its component orthogonal to the sensitive subspace  $\\mathcal{S}_{Z|X}$ . Building on this decomposition, we define a sequence of partially fair projection matrices  $\\{P^{(m)}\\}_{m=0}^s$  as\n\n$$P^{(m)} = \\widetilde{B}\\widetilde{B}^{\\top} + \\Phi_m \\Phi_m^{\\top}, \\text{ where } \\Phi_m = (\\phi_1, \\dots, \\phi_m).$$\n\nEach  $P^{(m)}$  projects X onto a subspace that retains  $\\widetilde{B}$ -based directions uncorrelated with Z, along with m of the s shared directions between Y and Z. Let  $\\Xi^{(m)} = P^{(m)}X$  denote the resulting representation. When m=0, the representation is entirely uncorrelated with Z; when m=s, the representation spans the full central subspace of Y, preserving complete utility but potentially reintroducing bias.\n\nTo study the predictive behavior under this fairness—utility trade-off, we define the Bayes optimal predictor using the partially fair representation:\n\n$$\\tilde{f}^{(m)}(\\boldsymbol{\\Xi}^{(m)}) = \\mathbb{E}[\\boldsymbol{Y} \\mid \\boldsymbol{\\Xi}^{(m)}].$$\n\nThis formulation allows gradual control over the balance between fairness and accuracy by varying m, i.e., the number of shared components included. In the following, we analyze the theoretical properties of  $\\tilde{f}^{(m)}$ , characterizing how prediction risk and fairness evolve with subspace selection."
      },
      {
        "heading": "3.3 Utility and Fairness Trade-off",
        "text": "Recall that the full sufficient representation of Y is given by  $U = BB^{\\top}X$ , and let  $\\Xi^{(m)} = P^{(m)}X$  denote the reduced representation. The following result characterizes the prediction error of the Bayes optimal predictor based on the reduced representation.\n\n**Theorem 3.2.** Let  $\\tilde{f}^{(m)}(\\boldsymbol{\\Xi}^{(m)}) = \\mathbb{E}[\\boldsymbol{Y} \\mid \\boldsymbol{\\Xi}^{(m)}]$  denote the Bayes predictor using the partially fair representation  $\\boldsymbol{\\Xi}^{(m)}$ , and let  $f^*(U) = \\mathbb{E}[\\boldsymbol{Y} \\mid U]$  denote the Bayes optimal predictor using the full sufficient representation. Then, the expected squared prediction error satisfies\n\n$$\\mathbb{E}[(\\boldsymbol{Y} - \\tilde{f}^{(m)}(\\boldsymbol{\\Xi}^{(m)}))^2] = \\underbrace{\\mathbb{E}[\\operatorname{Var}(f^*(U) \\mid \\boldsymbol{\\Xi}^{(m)})]}_{Approximation\\ error} + \\underbrace{\\mathbb{E}[\\varepsilon_Y^2]}_{Irreducible\\ noise} := \\Delta(m) + \\sigma_Y^2.$$\n\nMoreover, the approximation error  $\\Delta(m)$  is non-increasing in m, i.e.,\n\n$$\\Delta(m+1) < \\Delta(m)$$\n for all  $m \\in \\{0, \\ldots, s-1\\}$ .\n\nThis decomposition follows from the orthogonality principle in  $L^2$  space, which ensures that the conditional expectation minimizes mean squared error. The term  $\\mathbb{E}[\\operatorname{Var}(f^*(U) \\mid \\boldsymbol{\\Xi}^{(m)})]$  quantifies the loss in predictive information due to reducing the representation to  $\\boldsymbol{\\Xi}^{(m)}$ . As more shared directions are included, the reduced representation becomes increasingly informative, and the error  $\\Delta(m)$  decreases. When m=s, the full central subspace for  $\\boldsymbol{Y}$  is recovered, yielding  $\\Delta(s)=0$ .\n\nQuantifying unfairness theoretically is inherently challenging, as it often stems from disparities in prediction outcomes across sensitive subpopulations. Instead of relying on specific fairness metrics like TPR or demographic parity (DP) gaps, we adopt a distributional perspective by measuring the statistical dependence between the predictor and the sensitive attribute using *distance covariance* (dCov) Székely et al. [2007], which quantifies the discrepancy between joint and marginal characteristic functions. The following result illustrates how the reduced representation  $\\mathbf{\\Xi}^{(m)}$  mitigates unfairness by weakening the dependency between the predictor and the sensitive attribute. While the result is stated for binary  $\\mathbf{Z}$ , it naturally extends to multivariate cases with  $\\mathbf{Z} \\in \\mathbb{R}^d$ .\n\n**Theorem 3.3.** Let  $Z \\in \\{0,1\\}$  be a binary sensitive attribute with  $p = \\mathbb{P}(Z=1)$ , and let  $\\tilde{f}^{(m)} = \\mathbb{E}[Y \\mid \\Xi^{(m)}]$  be the Bayes predictor using the reduced SDR representation  $\\Xi^{(m)}$ . Then the squared population distance covariance between  $\\tilde{f}^{(m)}$  and Z satisfies\n\n$$d\\text{Cov}^{2}(\\tilde{f}^{(m)}, Z) = 2p(1-p) \\left( \\mathbb{E}[|\\tilde{f}_{1}^{(m)} - \\tilde{f}_{0}^{(m)}|] - \\mathbb{E}[|\\tilde{f}^{(m)} - \\tilde{f}^{(m)'}|] \\right),$$\n\nwhere  $\\tilde{f}_z^{(m)} \\sim \\tilde{f}^{(m)} \\mid Z = z$  for  $z \\in \\{0,1\\}$ , and  $\\tilde{f}^{(m)'}$  is an independent copy of  $\\tilde{f}^{(m)}$ . Specifically, when m=0, we have  $\\mathrm{dCov}^2(\\tilde{f}^{(m)},Z)=0$  and thereby  $\\tilde{f}^{(m)} \\perp \\!\\!\\! \\perp Z$ .\n\nThis expression reveals that distance covariance is determined by the discrepancy between withingroup and between-group variations in predictions. When the reduced representation  $\\mathbf{\\Xi}^{(m)}$  sufficiently removes dependence on Z, the term  $\\mathbb{E}[|\\tilde{f}_1^{(m)} - \\tilde{f}_0^{(m)}|]$  approaches the population-level variation  $\\mathbb{E}[|\\tilde{f}_1^{(m)} - \\tilde{f}_0^{(m)'}|]$ , leading to a smaller dCov and improved fairness."
      },
      {
        "heading": "4 Subspace Estimation and Algorithm Implementation",
        "text": ""
      },
      {
        "heading": "4.1 Estimation of Projections",
        "text": "We describe the procedure to estimate the sufficient directions for predicting Y. The first step is to estimate the intersection subspace  $\\mathcal{S}_{Y|X} \\cap \\mathcal{S}_{Z|X}$ , spanned by  $\\{\\phi_1, \\dots, \\phi_s\\}$ . This is equivalent to estimating a matrix  $\\Phi \\in \\mathbb{R}^{p \\times s}$  such that\n\n\n$$Y \\perp \\!\\!\\! \\perp Z \\mid \\Phi^{\\top} X, \\tag{6}$$\n\nwhich corresponds to dimension reduction with respect to the interaction between response variables as proposed in Luo [2022].\n\nLet  $\\Sigma$  denote the covariance matrix of X. Note that  $M_Y$  and  $M_Z$  are the symmetric candidate matrices from SDR methods that satisfy (4), with estimates  $\\widehat{M}_Y$  and  $\\widehat{M}_Z$ . Define the cross-matrix  $M_{Y,Z} = M_Y \\Sigma M_Z$ , and let  $s = \\operatorname{rank}(M_{Y,Z})$ . Luo [2022] show that  $\\Phi$  satisfies (6) if and only if\n\n$$M_Y \\Sigma P_{\\Sigma, \\Phi} M_Z = M_{Y, Z}, \\tag{7}$$\n\nwhere  $P_{\\Sigma,B} = B(B^{\\top}\\Sigma B)^{-1}B^{\\top}\\Sigma$ . The following theorem characterize the estimation of intersection subspace as a generalized eigenvalue decomposition problem.\n\n**Theorem 4.1.** Suppose  $\\operatorname{Span}\\{\\Phi\\} \\subseteq \\mathbb{R}^p$  is an s-dimensional subspace. Then  $\\operatorname{Span}\\{\\Phi\\}$  is given by the span of the leading s eigenvectors of the following generalized eigenvalue decomposition problem:  $M_Y \\Sigma M_Z \\nu = \\lambda \\Sigma \\nu$ . The candidate symmetric matrix for (6) is  $M_{Y,Z} = M_Y \\Sigma M_Z$ .\n\nThen the estimation procedure of  $\\widehat{\\Phi}$  is as follows. First, construct  $\\widehat{M}_Y$  and  $\\widehat{M}_Z$  using any exhaustive inverse regression method (e.g., SIR Li [1991], SAVE Cook and Weisberg [1991], or directional regression Li and Wang [2007]), and compute the sample covariance matrix  $\\widehat{\\Sigma}$ . Next, form  $\\widehat{M}_{Y,Z} = \\widehat{M}_Y \\widehat{\\Sigma} \\widehat{M}_Z$  and estimate the dimension  $\\widehat{s} = \\operatorname{rank}(\\widehat{M}_{Y,Z})$  using the ladle estimator [Luo and Li, 2016].\n\nOnce  $\\widehat{\\Phi}$  is estimated, the remaining directions relevant for predicting Y can be obtained via projection. Rather than estimating  $\\beta_1,\\ldots,\\beta_{q-s}$  directly, we estimate their projections onto the orthogonal complement of  $S_{Z|X}$ . Define the estimated projection matrix  $\\widehat{Q}_z = I_p - \\sum_{j=1}^{\\widehat{r}} \\widehat{\\psi}_j \\widehat{\\psi}_j^{\\top}$ , then we apply any SDR method to  $(Y,\\widehat{Q}_zX)$  to obtain  $\\widehat{B}_{Y,Q_z}$  such that  $Y \\perp \\!\\!\\!\\perp \\widehat{P}_zX \\mid \\widehat{B}_{Y,Q_z}^{\\top}X$ . This matrix approximates the projected directions  $\\beta_1^{\\top}P_z,\\ldots,\\beta_{q-s}^{\\top}P_z$ . Together, the estimated shared directions  $\\widehat{\\Phi}$  and the unshared components  $\\widehat{B}_{Y,P_z}$  form a sufficient projection  $\\widehat{P}^{(m)}$ . The consistency and  $n^{-1/2}$  convergence rates of the estimated directions and projections are well-established in the SDR literature; we omit these details for brevity. The complete procedure is summarized in Algorithm 1. Remark 4.2. The computational cost of obtaining the fair projection matrix primarily arises from estimating the candidate matrices  $M_Y$ ,  $M_Z$  and  $M_{Y,Z}$ , each typically constructed as a weighted covariance matrix. These computations scale linearly with the sample size n. In addition, the procedure includes an eigen-decomposition step for  $p \\times p$  matrices, and the rank estimation step scales linearly with dimension p."
      },
      {
        "heading": "4.2 Algorithm Implementation",
        "text": "The sufficient variables  $\\mathbf{\\Xi}^{(m)} = \\widehat{P}^{(m)} \\mathbf{X}$  can then be used to fit regression or classification models for downstream tasks. Note that the columns of  $\\widehat{\\Phi}$  are ordered by the eigenvalues of  $\\widehat{M}_{Y,Z}$ , reflect their predictive power for both  $\\mathbf{Y}$  and  $\\mathbf{Z}$ . By gradually adding these columns in the projection, we can incrementally build models with varying levels of sensitive information included.\n\nThis setup allows users to manually control the amount of sensitive information retained when predicting Y. The post-SDR training procedure is summarized in Algorithm 2, using a classification task with accuracy (Acc) as the utility metric and demographic parity (DP) as the fairness metric. The optimal feature set and fair model are chosen to achieve at least 95% of the validation accuracy from the full dataset while minimizing unfairness.\n\nRemark 4.3. Algorithm 2 presents one example of post-SDR training. In practice, DP and Acc can be replaced by any fairness and utility metrics, and the 95% threshold generalized to any  $\\tau \\in (0,1)$ . The shared dimension s acts as a tuning parameter analogous to a regularization coefficient, offering two advantages: (1) s is selected from a finite set, avoiding continuous grid search (one can step every 2–3 dimensions or use bisection); and (2) each added component remains interpretable, enabling clear insight into the fairness–performance trade-off."
      },
      {
        "heading": "5 Theoretical Analysis",
        "text": "In this section, we analyze the impact of using sufficient variables in the post-SDR training procedure, with a focus on how they influence parameter estimation and expected errors. We employ influence functions to trace a model's prediction through the learning algorithm and back to its input features."
      },
      {
        "heading": "5.1 Influence Functions",
        "text": "Let  $(X, Y, Z) \\sim F_0$  be the joint law and we denote the empirical distribution on n samples of (X, Y, Z) as  $F_n$ . Define the SDR functional  $M_Y(F)$  and  $M_Z(F)$  for estimating central subspaces  $S_{Y|X}$  and  $S_{Z|X}$  respectively, and let  $\\Sigma(F) = \\mathrm{Var}(X)$  be the functional for the covariance matrix. Therefore, the intersection subspace estimation for  $\\Phi$  corresponds to reduction functional  $M_{Y,Z}(F) = M_Y(F)\\Sigma(F)M_Z(F)$ .\n\nIn the following, an asterisk on a symbol always indicates the influence function of a statistical functional represented by that symbol. For a sample point S = (x, y, z) drawn from  $F_0$ , let  $\\delta_S$  be the\n\nDirac measure at S. The influence function of the functional R is defined as\n\n$$R^*(S) = \\frac{\\partial}{\\partial \\varepsilon} R[(1 - \\varepsilon)F_0 + \\varepsilon \\delta_S] \\mid_{\\varepsilon = 0}.$$\n\nFor notation simplicity, we abbreviate  $R^*(S)$  by  $R^*$ . In the following, an asterisk on a symbol always indicates the influence function of a statistical functional represented by that symbol. For example, we denote the influence functions of functionals  $M_Y(F)$ ,  $M_Z(F)$ ,  $M_{Y,Z}(F)$  and  $\\Sigma(F)$  as  $M_Y^*$ ,  $M_Z^*$ ,  $M_{Y,Z}^*$  and  $\\Sigma^*$ , respectively. For notation simplicity, we omit the Using the product rule for Gateaux derivatives, we obtain the influence function of  $M_{Y,Z}^*$ .\n\n**Lemma 5.1.** Suppose  $M_Y(F)$ ,  $M_Z(F)$  and  $\\Sigma(F)$  are Hadamard differentiable. Then, the influence function of the reduction functional  $M_{Y,Z}(F)$  is\n\n$$M_{YZ}^* = M_Y^* \\Sigma(F) M_Z(F) + M_Y(F) \\Sigma^* M_Z(F) + M_Y(F) \\Sigma(F) M_Z^*.$$"
      },
      {
        "heading": "5.2 Asymptotic Normality of Estimators",
        "text": "Let  $f(X;\\theta)$  be the differentiable predictive function parametrized by  $\\theta \\in \\Theta$  and let  $L(x,y;\\theta)$  be the differentiable loss function with respect to  $\\theta$ , where we fold in any regularization terms into L. For notation simplicity, we denote  $L(x,y;\\theta)$  by  $L(S;\\theta)$ . Then the population and empirical risk minimizer of the parameter is given by\n\n$$\\widetilde{\\theta} = \\theta(F_0) \\triangleq \\arg\\min_{\\theta \\in \\Theta} \\mathbb{E}[L(S, \\theta)], \\quad \\widehat{\\theta}_n = \\theta(F_n) \\triangleq \\arg\\min_{\\theta \\in \\Theta} \\frac{1}{n} \\sum_{i=1}^n L(S_i, \\theta)$$\n\nSimilarly, we define the parameters estimated by sufficient variables  $S^{(m)}=(P^{(m)}x,y,z)$  as\n\n$$\\widetilde{\\theta}^{(m)} = \\theta^{(m)}(F_0, P^{(m)}(F_0)) \\triangleq \\arg\\min_{\\theta \\in \\Theta} \\mathbb{E}[L(S^{(m)}, \\theta)]$$\n\n$$\\widehat{\\theta}_n^{(m)} = \\theta^{(m)}(F_n, P^{(m)}(F_n)) \\triangleq \\arg\\min_{\\theta \\in \\Theta} \\frac{1}{n} \\sum_{i=1}^n L(\\widehat{S}_i^{(m)}, \\theta),$$\n\nwhere  $P^{(m)}(F_n) = \\widehat{P}^{(m)}$  and  $\\widehat{S}^{(m)} = (\\widehat{P}^{(m)}x, y, z)$ . We refer to  $\\widehat{\\theta}_n$  as the original estimator and  $\\widehat{\\theta}_n^{(m)}$  as the fair estimator. The entire post-SDR learning procedure can be viewed as a composition of three mappings:\n\n$$F_n \\xrightarrow{\\text{reduction}} P^{(m)}(F_n) \\xrightarrow{\\text{estimation}} \\theta^{(m)}\\big(F_n,\\, P^{(m)}(F_n)\\big) \\xrightarrow{\\text{prediction}} f\\big(\\cdot\\,;\\, \\theta^{(m)}\\big(F_n, P^{(m)}(F_n)\\big)\\big).$$\n\nThe composition mapping allows us to derive the asymptotic normality of both the estimators and predictors after applying fair projections, as stated in the following theorems.\n\n**Theorem 5.2.** Suppose all the statistical functionals presented above are Hadamard differentiable, and their influence functions has zero expectation and finite variance, then we have the following asymptotic normality for the estimator  $\\widehat{\\theta}_n^{(m)}$ \n\n$$\\sqrt{n}(\\widehat{\\theta}_n^{(m)} - \\widetilde{\\theta}^{(m)}) \\xrightarrow{\\mathcal{D}} \\mathcal{N}\\left(0, \\operatorname{Var}\\left[-H_{\\widetilde{\\theta}^{(m)}}^{-1}G^{(m)} + D^{(m)}\\operatorname{vec}(P^{(m)*})\\right]\\right),\\tag{8}$$\n\nwhere  $H^{-1}_{\\widetilde{\\theta}^{(m)}} = \\mathbb{E}[\\nabla^2_{\\theta}L(S^{(m)},\\widetilde{\\theta}^{(m)})]$  is the expected Hessian of loss function,  $G^{(m)} = \\nabla_{\\theta}L(S^{(m)},\\widetilde{\\theta}^{(m)})$  is the gradient,  $D^{(m)} = (\\partial\\,\\theta(F_0,P^{(m)}(F_0))/\\partial\\,\\mathrm{vec}(P^{(m)}))^{\\top}$ ,  $\\mathrm{vec}(\\cdot)$  is vectorization of the matrix, and  $P^{(m)*}$  denotes the influence function of  $P^{(m)}(F)$ , whose explicit form depends on the choice of SDR method and is provided in the Appendix.\n\n**Corollary 5.3.** *Under the same assumptions stated in Theorem 5.2, we have* \n\n$$\\mathbb{E}(\\|\\widehat{\\theta}_{n}^{(m)} - \\widehat{\\theta}_{n}\\|^{2}) \\leq \\|\\widehat{\\theta}^{(m)} - \\widetilde{\\theta}\\|^{2} + \\frac{1}{n}\\operatorname{Tr}\\left(\\operatorname{Var}\\left[H_{\\widetilde{\\theta}}^{-1}G - H_{\\widetilde{\\theta}^{(m)}}^{-1}G^{(m)} + D^{(m)}\\operatorname{vec}(P^{(m)*})\\right]\\right), (9)$$\nwhere  $H_{\\widetilde{\\theta}}^{-1} = \\mathbb{E}[\\nabla_{\\theta}^{2}L(S,\\widetilde{\\theta})]$  and  $G = \\nabla_{\\theta}L(S,\\widetilde{\\theta})$ .\n\n**Theorem 5.4.** Let  $f(x;\\theta)$  be the predictor evaluated at covariate x. Under the same assumptions stated in Theorem 5.2, we have the following asymptotic normality for the predictor\n\n$$\\sqrt{n}\\left(f(x;\\widehat{\\theta}_n^{(m)}) - f(x;\\widetilde{\\theta}^{(m)})\\right) \\xrightarrow{\\mathcal{D}} \\mathcal{N}\\left(0, g^{\\top} \\operatorname{Var}\\left[-H_{\\widetilde{\\theta}^{(m)}}^{-1} G^{(m)} + D^{(m)} \\operatorname{vec}(P^{(m)*})\\right]g\\right), \\quad (10)$$\nwhere  $g = \\nabla_{\\theta} f(x;\\widetilde{\\theta}^{(m)})$ .\n\nTheorems 5.2 and 5.4 provide feasible inference procedures for the fair estimators corresponding to each m, which are useful for subsequent statistical inference or hypothesis testing. Corollary 5.3 follows directly from Theorem 5.2 by comparing the asymptotic distributions of the fair and original estimators. It shows that the expected distance between the fair and original estimators is upper bounded by the distance between their respective true parameters and the sampling variability.\n\nMoreover, the projection matrix  $P^{(m)}$  plays a crucial role in shaping the asymptotic variance of the fair estimator. By restricting the estimation to a subspace spanned by  $P^{(m)}$ , it reduces the dimensionality of the parameter space, leading to smaller asymptotic variance. However, smaller m also implies that important predictive directions are truncated and inflate the  $\\|\\widetilde{\\theta}^{(m)} - \\widetilde{\\theta}\\|^2$  term. Thus,  $P^{(m)}$  provides a natural mechanism to balance variance reduction and bias introduction."
      },
      {
        "heading": "6 Experiments",
        "text": ""
      },
      {
        "heading": "6.1 Simulation Studies",
        "text": "In this section, we use simulation results to justify the behavior of using the sufficient variables under the fairness setting. Consider the multivariate linear regression, we simulate a dataset (X, Y, Z), where the sensitive attribute  $Z \\in \\{0, 1\\}$  is binary.\n\nLet A be a randomly generated matrix with columns are orthonormal. Denote  $A_Y \\in \\mathbb{R}^{p \\times q}$  is the first q columns of A and  $A_Z \\in \\mathbb{R}^{p \\times r}$  is the q-s to q-s+r columns of A, which means  $A_Y$  and  $A_Z$  has s shared columns. Define the latent variables  $U_Y = XA_YA_Y^{\\top}$  and  $U_Z = XA_ZA_Z^{\\top}$ . Let  $X \\in \\mathbb{R}^p$  drawn from a standard multivariate normal distribution:  $X \\sim \\mathcal{N}(\\mathbf{0}, I_p)$ . The response  $Y \\in \\mathbb{R}^K$  is generated from\n\n$$Y = U_Y \\theta + \\varepsilon_Y, \\quad \\varepsilon_Y \\sim \\mathcal{N}(0, 0.5^2 I_K),$$\n\nwhere the coefficients  $\\theta \\in \\mathbb{R}^{p \\times K}$  are randomly generated with each entry samples from  $\\mathcal{N}(1,1)$ . The sensitive variables Z is generated based on the following latent score\n\n$$m{Z}=1 ext{ if } \\xi \\geq 1, ext{ and } m{Z}=0 ext{ otherwise; } \\quad ext{where } \\xi = \nrac{1}{p} \\sum_{j=1}^p anh([m{U}_Z]_j) + arepsilon_Z ext{ and } arepsilon_Z \\sim \\mathcal{N}(0,1).$$\n\nFinally, we introduce a distributional shift between groups by applying a non-linear transformation to the X samples based only on the span of  $A_Z$ . Specifically, for all samples X with Z = 1,\n\n$$\\boldsymbol{X} \\leftarrow \\boldsymbol{X} + 0.5 \\cdot \\exp\\left(\\boldsymbol{X} A_Z A_Z^{\\top}\\right).$$\n\nWe generate synthetic data with parameters n=5000, p=10, K=5, q=8, r=8, and s=6. The dataset is randomly split into 4000 training samples and 1000 testing samples. We fit a multivariate ordinary least squares (OLS) model on both the original features  $\\boldsymbol{X}$  and the projected representations  $P^{(m)}\\boldsymbol{X}$  to estimate the model parameters  $\\hat{\\boldsymbol{\\theta}}$ .\n\nTo assess performance, we repeat the entire process over 30 independent replications. For each trial, we compute the root mean squared error (RMSE) on the test set overall and separately for the subgroups  $\\mathbf{Z}=0$  and  $\\mathbf{Z}=1$ , along with the RMSE gap between groups. We also report the parameter distance  $\\|\\widehat{\\boldsymbol{\\theta}}_n^{(m)} - \\widehat{\\boldsymbol{\\theta}}_n\\|$ , where  $\\widehat{\\boldsymbol{\\theta}}_n^{(m)}$  is the OLS estimator obtained from the projected data  $P^{(m)}\\mathbf{X}$ , and  $\\widehat{\\boldsymbol{\\theta}}_n$  is the baseline estimator from the original data. Results are averaged over the 30 trials and summarized in the left panel of Figure 1. We also project  $\\mathbf{X}$  onto the direction that best discriminates the sensitive attribute  $\\mathbf{Z}$  using Linear Discriminant Analysis (LDA), in order to visualize the distributional discrepancy between the two sensitive groups.\n\nThe simulation results clearly support our theoretical findings. Specifically, as the shared dimension increases, more directions in  $\\Phi$  are used to predict the target variable, incorporating additional sensitive and predictive information. This leads to a reduction in the MSE of the predictor and the parameter distance to the original estimator, but an increase in the MSE gap between sensitive groups. Both the distribution discrepancy and the Wasserstein distance also increase, indicating growing divergence between groups as more sensitive information is included.\n\n![](_page_8_Figure_0.jpeg)\n\nFigure 1: Left panel: Trends of RMSE and parameter distance as the number of shared dimensions increases, averaged over 30 replications. Right panel: Distributional discrepancy between sensitive groups visualized via LDA, along with the average Wasserstein distance (WD) across all p dimensions between the original and projected data as the shared dimension increases in one replication."
      },
      {
        "heading": "6.2 Real Data Applications",
        "text": "We evaluate our proposed Sequential Fair Projection (SFP) method on two tabular datasets: Adult [Kohavi](#page-12-15) [\\[1996\\]](#page-12-15) and Bank [Moro et al.](#page-12-16) [\\[2014\\]](#page-12-16). The Adult dataset contains personal data from over 40K individuals, with the task of predicting whether annual income exceeds \\$50K; gender is used as the sensitive attribute. The Bank dataset originates from Portuguese marketing campaigns, where the goal is to predict whether a client will subscribe to a deposit; age (over/under 25) is treated as the sensitive attribute. The data is standardized during preprocessing and split into training, validation, and test sets with a ratio of 70%:10%:20%.\n\nWe compare SFP against the following baselines: Logistic Regression (LR), AdvDebias [Zhang](#page-12-17) [et al.](#page-12-17) [\\[2018\\]](#page-12-17), FairMixup [Chuang and Mroueh](#page-13-0) [\\[2021\\]](#page-13-0), DRAlign [Li et al.](#page-11-7) [\\[2023\\]](#page-11-7), DiffMCDP [Jin](#page-11-6) [et al.](#page-11-6) [\\[2024\\]](#page-11-6), INLP [Ravfogel et al.](#page-12-4) [\\[2020\\]](#page-12-4), RLACE [Ravfogel et al.](#page-12-6) [\\[2022\\]](#page-12-6), and SUP [Shi et al.](#page-12-7) [\\[2024\\]](#page-12-7). Fairness is evaluated using TPR gap, DP, and MCDP, and utility is evaluated using accuracy. The detailed experimental settings are shown in Appendix [B.](#page-13-1) All methods are repeated 20 times, and we report the average performance with standard deviations. The results are presented in Table [1.](#page-8-1)\n\nTable 1: Performance metrics on the Adult and Bank datasets over 20 replications. Optimal results are in bold, and sub-optimal results are underlined.\n\n| Adult Dataset |                         |                                                    |                         |                                      |           | Bank Dataset                                                 |      |       |                                                   |  |\n|---------------|-------------------------|----------------------------------------------------|-------------------------|--------------------------------------|-----------|--------------------------------------------------------------|------|-------|---------------------------------------------------|--|\n| Method        | Accuracy ↑              | DP ↓                                               | TPR ↓                   | MCDP ↓                               | Method    | Accuracy ↑                                                   | DP ↓ | TPR ↓ | MCDP ↓                                            |  |\n| LR            | 84.90                   | 17.37                                              | 6.87                    | 35.12                                | LR        | 91.17                                                        | 6.72 | 2.62  | 26.28                                             |  |\n| AdvDebias     |                         | 76.49 (0.65) 12.45 (1.56) 5.27 (0.53) 29.32 (2.31) |                         |                                      | AdvDebias |                                                              |      |       | 60.56 (1.00) 2.01 (1.36) 2.20 (0.13) 17.55 (1.39) |  |\n| FairMixup     | 74.48 (0.43)            |                                                    |                         | 3.93 (1.34) 5.11 (0.34) 24.91 (1.58) | FairMixup |                                                              |      |       | 59.48 (1.96) 1.07 (0.25) 2.21 (0.24) 13.18 (2.94) |  |\n| DRAlign       | 75.01 (0.41)            |                                                    |                         | 7.58 (1.03) 4.78 (0.29) 22.04 (1.22) | DRAlign   |                                                              |      |       | 59.12 (1.56) 1.16 (0.41) 1.96 (0.21) 13.61 (1.23) |  |\n| DiffMCDP      | 73.93 (0.31)            |                                                    |                         | 5.92 (1.25) 5.33 (0.46) 11.50 (1.09) | DiffMCDP  |                                                              |      |       | 60.01 (1.83) 1.19 (0.39) 2.18 (0.13) 11.00 (0.97) |  |\n| INLP          | 68.27 (0.57)            |                                                    | 4.16 (0.34) 4.79 (0.51) | 8.58 (1.24)                          | INLP      |                                                              |      |       | 70.13 (0.86) 0.93 (0.21) 2.38 (0.31) 10.44 (0.63) |  |\n| RLACE         | 72.79 (0.83)            |                                                    | 5.24 (0.56) 4.56 (0.31) | 7.45 (0.86)                          | RLACE     | 72.51 (0.53) 1.02 (0.35) 2.26 (0.27)                         |      |       | 8.98 (0.38)                                       |  |\n| SUP           | 70.53 (0.36)            |                                                    | 4.33 (0.27) 4.37 (0.29) | 8.16 (1.25)                          | SUP       |                                                              |      |       | 70.82 (0.47) 0.96 (0.16) 2.51 (0.22) 10.63 (0.42) |  |\n|               | SFP (Ours) 76.88 (0.47) |                                                    |                         | 3.78 (0.15) 4.43 (0.26) 10.52 (0.72) |           | SFP (Ours) 89.66 (0.27) 0.51 (0.26) 2.33 (0.27) 10.57 (0.34) |      |       |                                                   |  |\n\nOur results show that SFP consistently strikes an effective balance between predictive accuracy and fairness. On both the Adult and Bank datasets, SFP achieves competitive or superior accuracy compared to existing fairness-aware methods while substantially reducing group-level disparities. On the Adult dataset, SFP attains the highest accuracy (76.88%) and the lowest DP gap, demonstrating strong control over statistical bias. It also performs well in terms of TPR gap and MCDP, with only minor trade-offs relative to sub-optimal methods. On the Bank dataset, SFP also achieves the highest accuracy (89.66%) and the lowest DP gap (0.51), indicating minimal disparity. Although RLACE slightly outperforms in MCDP, SFP maintains competitive fairness across all metrics. These findings\n\n![](_page_9_Figure_0.jpeg)\n\nFigure 2: Trends of RMSE, parameter distance and distributional discrepancy as the number of shared dimensions increases when the linear SDR assumption is violated.\n\nconfirm that SFP is a practical and flexible framework for fairness-aware learning, enabling users to suppress sensitive information while preserving task-relevant predictive power."
      },
      {
        "heading": "6.3 Model Misspecification",
        "text": "In practice, the linear SDR assumption could be violated and the estimated central subspaces will fail to capture the full conditional independence structure. Therefore, conditional independence tests can be applied to verify whether the estimated projections preserve sufficiency. When the linear SDR assumption is strongly violated, the estimated matrices  $M_Y$  and  $M_Z$  may lose their low-rank structure. This indicates that no low-dimensional linear subspace can capture the dependence between (X,Y) or (X,Z). In such cases, one practical remedy is to retain a subset of directions corresponding to the leading eigenvalues and  $M_{Y,Z}$  and construct a fair projection by eliminating leading directions.\n\nTo examine the trade-off between utility and fairness of SFP under model misspecification, we conduct additional experiments based on the simulation setup described in Section 6.1, with an added nonlinear term  $\\|\\boldsymbol{X}\\|_2^2/p$  in the generating processes of both  $\\boldsymbol{Y}$  and  $\\boldsymbol{\\xi}$ . This modification violates the linear SDR assumption. We set p=30, K=5, and q=r=s=30, making it impossible to recover a low-rank representation through SDR. After applying SFP, the estimated shared dimension is  $\\widehat{s}=28$ , indicating that the rank of  $\\widehat{M}_{Y,Z}$  is 28. We then sequentially add the directions obtained from  $\\widehat{M}_{Y,Z}$  and report the resulting trend in Figure 2.\n\nThe overall RMSE and RMSE gap using the original representation are 3.18 and 3.06, respectively. As shown in Figure 2, there is a clear trend that, as the number of shared dimensions used to construct the projection matrix increases, both the overall MSE and the parameter distance decrease, indicating that the projected representation gradually approaches the information contained in the original features. Meanwhile, the RMSE gap and the distributional discrepancy increase as more sensitive information is included. This demonstrates that SFP can still capture the trade-off between utility and fairness even when the linear SDR assumption is violated."
      },
      {
        "heading": "7 Discussion",
        "text": "We propose a principled and model-agnostic framework for fairness-aware learning through subspace decomposition of data representations. Our method manipulates the representation space by selectively removing shared information between the target and sensitive attributes, which enables flexible control over the fairness-utility trade-off. We provide theoretical guarantees on how prediction error and fairness metrics evolve as more sensitive information is incorporated, and further apply influence function analysis to characterize the impact of partially fair representations on estimator behavior. Empirical results on both synthetic and real-world datasets validate our theoretical insights, demonstrating that the proposed SFP method achieves good performance."
      }
    ],
    "references": [
      {
        "title": "Equality of opportunity in supervised learning",
        "author": [
          "- Moritz Hardt",
          "Eric Price",
          "Nati Srebro"
        ],
        "venue": "Advances in neural information processing systems, 29",
        "citeRegEx": "Hardt et al\\\\.,? 2016",
        "shortCiteRegEx": "Hardt et al\\\\.",
        "year": 2016
      }
    ]
  }
}