{
  "forum_id": "pXoiIDdynI",
  "metadata": {
    "source": "NeurIPS",
    "year": 2025,
    "title": "Improved Bounds for Swap Multicalibration and Swap Omniprediction",
    "abstractText": "In this paper, we consider the related problems of *multicalibration* — a multigroup fairness notion and *omniprediction* — a simultaneous loss minimization paradigm, both in the distributional and online settings. The recent work of Garg et al. (2024) raised the open problem of whether it is possible to efficiently achieve  $\\mathcal{O}(\\sqrt{T})$  $\\ell_2$ -multicalibration error against bounded linear functions. In this paper, we answer this question in a strongly affirmative sense. We propose an efficient algorithm that achieves  $\\tilde{\\mathcal{O}}(T^{\\frac{1}{3}})$   $\\ell_2$ -swap multicalibration error (both in high probability and expectation). On propagating this bound onward, we obtain significantly improved rates for  $\\ell_1$ -swap multicalibration and swap omniprediction for a loss class of convex Lipschitz functions. In particular, we show that our algorithm achieves  $\\mathcal{O}(T^{\\frac{2}{3}})$  $\\ell_1$ -swap multicalibration and swap omniprediction errors, thereby improving upon the previous best-known bound of  $\\mathcal{O}(T^{\\frac{1}{8}})$ . As a consequence of our improved online results, we further obtain several improved sample complexity rates in the distributional setting. In particular, we establish a  $\\mathcal{O}(\\varepsilon^{-3})$  sample complexity of efficiently learning an  $\\varepsilon$ -swap omnipredictor for the class of convex and Lipschitz functions,  $\\tilde{\\mathcal{O}}(\\varepsilon^{-2.5})$  sample complexity of efficiently learning an  $\\varepsilon$ -swap agnostic learner for the squared loss, and  $\\tilde{\\mathcal{O}}(\\varepsilon^{-5})$ ,  $\\tilde{\\mathcal{O}}(\\varepsilon^{-2.5})$  sample complexities of learning  $\\ell_1, \\ell_2$ -swap multicalibrated predictors against linear functions, all of which significantly improve on the previous best-known bounds.",
    "sections": [
      {
        "heading": "1 Introduction",
        "text": "Recent years have witnessed surprising connections between  $\\mathit{multicalibration}$  — a multigroup fairness perspective (Hébert-Johnson et al., 2018) and  $\\mathit{omniprediction}$  — a simultaneous loss minimization paradigm, first introduced by Gopalan et al. (2022a). In this paper, we consider multicalibration and omniprediction in both the distributional (offline) and online settings. We begin by introducing these two notions, starting with some notation. Let the instance space be  $\\mathcal{X} \\subset \\mathbb{R}^d$ , label set be  $\\mathcal{Y} = \\{0,1\\}$ ,  $\\mathcal{D}$  be an unknown distribution over  $\\mathcal{X} \\times \\mathcal{Y}, \\ell : [0,1] \\times \\mathcal{Y} \\to \\mathbb{R}$  be a loss function,  $\\mathcal{L}$  be a class of loss functions,  $\\mathcal{F}$  be a collection of hypotheses over  $\\mathcal{X}$ , and  $p:\\mathcal{X} \\to [0,1]$  be a predictor. Multicalibration (for Boolean functions, e.g., Boolean circuits, decision trees  $\\mathcal{F} \\subset \\{0,1\\}^{\\mathcal{X}}$ ) was introduced by Hébert-Johnson et al. (2018) as a mechanism to incentivize fair predictions. For Boolean functions, multicalibration can be interpreted as calibration (the property that the predictions of p are correct conditional on themselves, i.e.,  $v = \\mathbb{E}[y|p(x) = v]$  for all  $v \\in \\text{Range}(p)$ ), which is additionally conditioned on set membership. In its most general form, for an arbitrary bounded hypothesis class  $\\mathcal{F} \\subset \\mathbb{R}^{\\mathcal{X}}$ , multicalibration translates to the understanding that the hypotheses in  $\\mathcal{F}$  do not have any correlation with the residual error y-p(x) when conditioned on the level sets of p. On the other hand, omnipredictors are sufficient statistics that simultaneously encode loss-minimizing predictions for a\n\n<sup>\\*</sup>Author ordering is alphabetical.\n\nbroad class of loss functions  $\\mathcal{L}$ . Notably, omniprediction generalizes loss minimization for a fixed loss function (agnostic learning (Haussler, 1992)) to simultaneous loss minimization. Since different losses expect different \"types\" of optimal predictions (e.g., for the squared loss  $\\ell(p,y)=(p-y)^2$ , the optimal predictor p that minimizes the expected risk  $\\mathbb{E}[\\ell(p(x),y)]$  is the Bayes optimal predictor  $\\mathbb{E}[y|x]$ , where as for the  $\\ell_1$ -loss  $\\ell(p,y)=|p-y|$  the optimal predictor is  $\\mathbb{I}[\\mathbb{E}[y|x]\\geq 0.5]$ ), such a simultaneous guarantee is made possible by a \"post-processing\" or \"type-checking\" of the predictions (a univariate data free minimization problem) via a loss specific function  $k_\\ell$ , i.e., for each  $\\ell\\in\\mathcal{L}$ ,  $k_\\ell\\circ p$  incurs expected loss that is comparable to the best hypothesis in  $\\mathcal{F}$ .\n\nEven though multicalibration is not stated in the context of loss minimization, the first construction of an efficient omnipredictor for the class of convex and Lipschitz functions  $\\mathcal{L}^{cvx}$  in Gopalan et al. (2022a) was achieved via multicalibration, thereby representing a surprising connection between the above notions. However, multicalibration is not necessary for omniprediction (Gopalan et al., 2022a), thereby raising an immediate question related to the characterization of omniprediction in terms of a sufficient and necessary condition. Motivated by the role of *swap regret* in online learning and to explore the interplay between multicalibration and omniprediction, Gopalan et al. (2023b) introduced the concepts of *swap multicalibration*, *swap omniprediction*, and an accompanying notion *swap agnostic learning*, and also established a computational equivalence between the above notions. Informally, each of the above notions is a stronger version of its non swap variant, and requires a particular swap-like guarantee (specific to the considered notion) to hold at the scale of the level sets of the predictor, e.g., for swap agnostic learning, the predictor p is required to have a loss that is comparable to the best hypothesis in  $\\mathcal{F}$  not just overall but also when conditioned on the level sets of p.\n\nDespite the qualitative progress in understanding the interplay between swap omniprediction and swap multicalibration in both the distributional (Gopalan et al., 2023b) and online settings (Garg et al., 2024), a quantitative statistical treatment for the above measures has a huge scope of improvement even for the quintessential setting when the hypothesis class comprises of bounded linear functions  $\\mathcal{F}_1^{\\text{lin}}$ . In particular, the existing bounds for swap omniprediction and  $\\ell_2$ -swap multicalibration in the online setting as derived by Garg et al. (2024) are much worse than the corresponding bounds for online omniprediction (Okoroafor et al., 2025) and  $\\ell_2$ -calibration (Luo et al., 2025; Fishelson et al., 2025; Foster and Hart, 2023; Foster and Vohra, 1998) respectively. Even more, the sample complexity of learning an efficient swap omnipredictor for the class of convex Lipschitz functions  $\\mathcal{L}^{\\text{cvx}}$  with error at most  $\\varepsilon$  is  $\\approx \\varepsilon^{-10}$  (Gopalan et al., 2023b), which is prohibitively large. Along the lines of the above concern, Garg et al. (2024) devised an efficient algorithm with  $\\tilde{\\mathcal{O}}(T^{\\frac{3}{4}})$   $\\ell_2$ -swap multicalibration error after T rounds of interaction between a forecaster and an adversary, and raised the problem of whether it is possible to efficiently achieve  $\\tilde{\\mathcal{O}}(\\sqrt{T})$   $\\ell_2$ -multicalibration error against  $\\mathcal{F}_1^{\\text{lin}}$ . In this paper, we answer this question in a strongly affirmative sense by proposing an efficient algorithm that achieves  $\\tilde{\\mathcal{O}}(T^{\\frac{1}{3}})$   $\\ell_2$ -swap multicalibration error against  $\\mathcal{F}_1^{\\text{lin}}$ . On propagating the above bound onward, we obtain a significantly improved rate for swap omniprediction for  $\\mathcal{L}^{cvx}$ . Subsequently, using our improved rates in the online setting, we construct efficient randomized predictors for swap omniprediction and swap agnostic learning in the distributional setting and derive explicit sample complexity rates, which significantly improve upon the previous best-known bounds.\n\n**Contributions and Overview of Results.** Throughout the paper, we consider predictors p such that  $\\mathsf{Range}(p) \\subseteq \\mathcal{Z}$ , where  $\\mathcal{Z} = \\{0, \\frac{1}{N}, \\dots, \\frac{N-1}{N}, 1\\}$  is a finite discretization of [0,1] and N is a parameter to be specified later. Similarly, in the online setting, we consider forecasters that make predictions that lie in  $\\mathcal{Z}$ . Our contributions are as follows.\n\n- In Section 2, we propose an efficient algorithm that achieves  $\\tilde{\\mathcal{O}}(T^{\\frac{1}{3}}d^{\\frac{2}{3}})$   $\\ell_2$ -swap multicalibration error (both in high probability and expectation) against the class of d-dimensional linear functions  $\\mathcal{F}_1^{\\text{lin}}$ . In contrast to our result, Garg et al. (2024) achieved a  $\\tilde{\\mathcal{O}}(T^{\\frac{3}{4}}d)$  bound by reducing  $\\ell_2$ -swap multicalibration to the problem of minimizing *contextual swap regret* an extension of swap agnostic learning to the online setting. Towards achieving this improved rate, we proceed in the following manner:\n  - 1. We introduce the notions of *pseudo swap multicalibration* and *pseudo contextual swap regret*, where the swap multicalibration error (swap regret respectively) is measured via the the conditional distributions  $\\mathcal{P}_1, \\ldots, \\mathcal{P}_T$  rather than the true realizations  $p_1, \\ldots, p_T$ . Subsequently,\n\n- in Section 2.2, in a similar spirit to Garg et al. (2024), we establish a reduction from pseudo swap multicalibration to pseudo contextual swap regret.\n- 2. By not taking into account the randomness in the predictions, the pseudo variants are often easier to optimize. Indeed, in Section 2.3, we propose a deterministic algorithm that achieves  $\\mathcal{O}(T^{\\frac{1}{3}}d^{\\frac{2}{3}})$  pseudo contextual swap regret. In contrast, for contextual swap regret, Garg et al. (2024) established a  $\\tilde{\\mathcal{O}}(T^{\\frac{3}{4}}d)$  bound by using the reduction from swap regret to external regret as proposed by Ito (2020). To achieve the desired bound for pseudo contextual swap regret, we use the Blum-Mansour (BM) reduction (Blum and Mansour, 2007) instead. On a high level, the key to the improvement from  $T^{\\frac{3}{4}}$  (contextual swap regret) to  $T^{\\frac{1}{3}}$  (pseudo contextual swap regret) is the following: Garg et al. (2024) derived a  $\\tilde{\\mathcal{O}}(T/N + N\\sqrt{T})$  bound on the contextual swap regret, where the  $\\tilde{\\mathcal{O}}(1/N)$  term is accounted due to a rounding operation (additively accounted for T rounds) and the  $\\tilde{\\mathcal{O}}(N\\sqrt{T})$  term is due to a concentration argument, which is inevitable since the reduction by Ito (2020) is randomized. However, by using the BM reduction and an improved rounding procedure due to Fishelson et al. (2025), we propose a deterministic algorithm that achieves  $\\tilde{\\mathcal{O}}(T/N^2+N)$  bound on the pseudo contextual swap regret, where the  $\\tilde{\\mathcal{O}}(1/N^2)$  term is due to the rounding operation and the  $\\mathcal{O}(N)$  term is because each of the N external regret algorithms in the BM reduction can be instantiated to guarantee  $\\tilde{\\mathcal{O}}(1)$  external regret against bounded linear functions. The desired result follows by choosing  $N = \\tilde{\\Theta}(T^{\\frac{1}{3}})$ .\n- 3. Using the reduction from pseudo swap multicalibration to pseudo contextual swap regret, we obtain a  $\\tilde{\\mathcal{O}}(T^{\\frac{1}{3}}d^{\\frac{2}{3}})$  bound for the former. Noticeably, since the swap multicalibration error is possibly random and our algorithm for minimizing pseudo swap multicalibration is deterministic, we derive a concentration bound in going from pseudo swap multicalibration to swap multicalibration. By performing a martingale analysis using Freedman's inequality (Lemma 6 in Appendix B), we show that this only accounts for a  $\\tilde{\\mathcal{O}}(N)$  deviation term, which does not change the final rate.\n- In Section C in the appendix, we explore several consequences of our improved rate for  $\\ell_2$ -swap multicalibration. Particularly, in Section C.1, we show that our algorithm from Section 2.3 achieves  $\\tilde{\\mathcal{O}}(T^{\\frac{2}{3}}d^{\\frac{1}{3}})$  swap omniprediction error for  $\\mathcal{L}^{\\text{cvx}}$  against  $\\mathcal{F}^{\\text{aff}}_{\\text{res}}$ , where  $\\mathcal{F}^{\\text{aff}}_{\\text{res}}$  is a class of appropriately scaled and shifted linear functions. This significantly improves upon the  $\\tilde{\\mathcal{O}}(T^{\\frac{7}{8}}d^{\\frac{1}{2}})$  rate of Garg et al. (2024). In Section C.2, we show that the same algorithm (with a different choice of the discretization parameter N) achieves  $\\tilde{\\mathcal{O}}(T^{\\frac{3}{5}}d^{\\frac{2}{5}})$  contextual swap regret, which improves upon the  $\\tilde{\\mathcal{O}}(T^{\\frac{3}{4}}d)$  bound of Garg et al. (2024). We summarize a comparison of our results to the ones derived by Garg et al. (2024) in Table 1.\n\n![](_page_2_Figure_4.jpeg)\n\nFigure 1: Path  $A \\to B \\to C \\to D$  represents the sequence of reductions followed by Garg et al. (2024), whereas path  $E \\to F \\to B \\to C \\to D$  represents our road-map. To derive an improved guarantee for B, we establish: (i) a  $\\tilde{\\mathcal{O}}(T^{\\frac{1}{3}})$  bound for E; (ii) a reduction from E to F; and (c) a concentration bound from F to B. The improved guarantees for C and D follow as a consequence of the improvement in B. The improved guarantee for A follows due to E and a concentration bound from E to A.\n\nWe remark that although relevant ideas for the above steps have appeared in the literature, our paper successfully unifies them in a novel framework to achieve state-of-the-art bounds for swap multicalibration and swap omniprediction. Refer to Figure 1 for a summary of our framework. For a detailed comparison with prior work, refer to the section on related work.\n\nAs a consequence of our improvements in the online setting, we establish several improved sample complexity rates in the distributional setting. Towards achieving so, we perform an online-to-batch conversion (Cesa-Bianchi et al., 2004) using our online algorithm in Section 2.3 to obtain a randomized predictor p that mixes uniformly over the T predictors output by the online algorithm.\n\nTable 1: Comparison of our rates with the previous best-known bounds. For simplicity, we only tabulate the leading dependence on  $\\varepsilon$ , T. The first 4 rows correspond to regret/error bounds (as a function of T) in the online setting, whereas the last 4 rows correspond to sample complexity bounds (as a function of  $\\varepsilon$ ) in the distributional setting.\n\n| Online (regret/error) and distributional (sample complexity) bounds |                                                                                                    |                                                       |  |  |\n|---------------------------------------------------------------------|----------------------------------------------------------------------------------------------------|-------------------------------------------------------|--|--|\n| Quantity                                                            | Previous bound                                                                                     | Our bound                                             |  |  |\n| Contextual swap regret                                              | $\\tilde{\\mathcal{O}}(T^{\\frac{3}{4}})$ (Garg et al., 2024)                                         | $\\tilde{\\mathcal{O}}(T^{\\frac{3}{5}})$ (Theorem 3)    |  |  |\n| $\\ell_2$ -swap multicalibration                                     | $\\tilde{\\mathcal{O}}(T^{\\frac{3}{4}})$ (Garg et al., 2024)                                         | $\\tilde{\\mathcal{O}}(T^{\\frac{1}{3}})$ (Theorem 1)    |  |  |\n| $\\ell_1$ -swap multicalibration                                     | $\\tilde{\\mathcal{O}}(T^{\\frac{7}{8}})$ (Garg et al., 2024)                                         | $\\tilde{\\mathcal{O}}(T^{\\frac{2}{3}})$ (Corollary 1)  |  |  |\n| Swap omniprediction                                                 | $\\tilde{\\mathcal{O}}(T^{\\frac{7}{8}})$ (Garg et al., 2024)                                         | $\\tilde{\\mathcal{O}}(T^{\\frac{2}{3}})$ (Theorem 2)    |  |  |\n| Swap agnostic error                                                 | $\\tilde{\\mathcal{O}}(\\varepsilon^{-5})$ (Globus-Harris et al.,                                     | $\\tilde{\\mathcal{O}}(\\varepsilon^{-2.5})$ (Theorem 5) |  |  |\n|                                                                     | 2023)                                                                                              |                                                       |  |  |\n| $\\ell_2$ -swap multicalibration                                     | $\\tilde{\\mathcal{O}}(\\varepsilon^{-5})$ (Globus-Harris et al., 2023)                               | $\\tilde{\\mathcal{O}}(\\varepsilon^{-2.5})$ (Theorem 6) |  |  |\n| $\\ell_1$ -swap multicalibration                                     | $\\tilde{\\mathcal{O}}(\\varepsilon^{-10})$ (Hébert-Johnson et al., 2018; Globus-Harris et al., 2023) | $\\tilde{\\mathcal{O}}(\\varepsilon^{-5})$ (Theorem 6)   |  |  |\n| Swap omniprediction                                                 | $\\tilde{\\mathcal{O}}(\\varepsilon^{-10})$ (Hébert-Johnson et al., 2018; Globus-Harris et al., 2023) | $\\tilde{\\mathcal{O}}(arepsilon^{-3})$ (Theorem 4)     |  |  |\n\n- In Section D.1 in the appendix, we show that  $\\gtrsim \\varepsilon^{-3}$  samples are sufficient for p to be a swap omnipredictor for  $\\mathcal{L}^{\\text{cvx}}$  against  $\\mathcal{F}^{\\text{aff}}_{\\text{res}}$  with error at most  $\\varepsilon$ . To prove this, we obtain a tight concentration bound that relates the swap omniprediction errors in the distributional and online settings. Our arguments in deriving the concentration bound are motivated by a recent work by Okoroafor et al. (2025), who proposed a similar online-to-batch conversion for omniprediction. However, compared to their result, an online-to-batch conversion for swap omniprediction poses several other technical nuances. In particular, unlike Okoroafor et al. (2025), we cannot merely use Azuma-Hoeffding's inequality or related concentration inequalities that guarantee concentration to a  $\\sqrt{n}$  factor (n is the number of random variables). By performing a careful martingale analysis using Freedman's inequality on a geometric partition of the interval [0,1], we finally establish the desired concentration bound.\n- In Section D.2, we specialize to the squared loss and show that  $\\gtrsim \\varepsilon^{-2.5}$  samples are sufficient for p to achieve swap agnostic error  $\\varepsilon$ . Notably, since the squared loss is convex and Lipschitz, the result of Section D.1 already gives a  $\\tilde{\\mathcal{O}}(\\varepsilon^{-3})$  sample complexity. However, specifically for the squared loss, we derive a concentration bound that relates the contextual swap regret with the swap agnostic error. As we show, this bound is tighter than the corresponding deviation for swap omniprediction. Combining this with an improved  $\\tilde{\\mathcal{O}}(T^{\\frac{3}{5}})$  bound for contextual swap regret compared to swap omniprediction  $(\\tilde{\\mathcal{O}}(T^{\\frac{2}{3}}))$ , we obtain the improved sample complexity. Finally, in Section D.3, by using a characterization of  $\\ell_2$ -swap multicalibration in terms of swap agnostic learning (Globus-Harris et al., 2023; Gopalan et al., 2023b), we establish a  $\\tilde{\\mathcal{O}}(\\varepsilon^{-2.5})$  sample complexity for  $\\ell_2$ -swap multicalibration, and thus  $\\tilde{\\mathcal{O}}(\\varepsilon^{-5})$  for  $\\ell_1$ -swap multicalibration against  $\\mathcal{F}_1^{\\text{lin}}$ . We summarize our results and the previous best-known bounds in Table 1. For discussion regarding the previously best-known bounds, refer to the section on additional related work (Appendix A)."
      },
      {
        "heading": "1.1 Preliminaries",
        "text": "For simplicity, we give formal definitions of several notions considered in the paper in the online setting, and defer definitions for the distributional setting to Appendix D.\n\nOnline (Swap) Multicalibration. Following Garg et al. (2024), we model online (swap) multicalibration as a sequential decision making problem over binary outcomes that lasts for T time steps. At each time  $t \\in [T]$ : (a) the adversary presents a context  $x_t \\in \\mathcal{X}$ ; (b) the forecaster randomly\n\npredicts  $p_t \\sim \\mathcal{P}_t$ , where  $\\mathcal{P}_t \\in \\Delta_{\\mathcal{Z}}$  represents the conditional distribution of  $p_t$ ; and (c) the adversary reveals the true label  $y_t \\in \\mathcal{Y}$ . For simplicity in the analysis, throughout the paper we assume that the adversary is oblivious, i.e., it decides the sequence  $(x_1, y_1), \\ldots, (x_T, y_T)$  at time t = 0 with complete knowledge about the forecaster's algorithm, although our results readily generalize to an adaptive adversary. For each  $p \\in \\mathcal{Z}$ , letting  $\\rho_{p,f} \\coloneqq \\frac{\\sum_{t=1}^T \\mathbb{I}[p_t = p]f(x_t)(y_t - p)}{\\sum_{t=1}^T \\mathbb{I}[p_t = p]}$  be the empirical average of the correlation of f with the residual sequence  $\\{y_t - p_t\\}_{t=1}^T$  (conditioned on the rounds when the prediction made is  $p_t = p$ ), the  $\\ell_q$ -swap multicalibration error incurred by the forecaster is defined as\n\n$$\\mathsf{SMCal}_{\\mathcal{F},q} \\coloneqq \\sup_{\\{f_p \\in \\mathcal{F}\\}_{p \\in \\mathcal{Z}}} \\sum_{p \\in \\mathcal{Z}} \\left( \\sum_{t=1}^T \\mathbb{I}[p_t = p] \\right) \\left| \\rho_{p,f_p} \\right|^q = \\sum_{p \\in \\mathcal{Z}} \\left( \\sum_{t=1}^T \\mathbb{I}[p_t = p] \\right) \\sup_{f \\in \\mathcal{F}} \\left| \\rho_{p,f} \\right|^q. \\tag{1}$$\n\nWe also introduce a new notion — pseudo swap multicalibration, where the swap multicalibration error is measured via the conditional distributions  $\\mathcal{P}_1,\\ldots,\\mathcal{P}_T$  rather than the true realizations  $p_1,\\ldots,p_T$ . Particularly, letting  $\\tilde{\\rho}_{p,f}\\coloneqq \\frac{\\sum_{t=1}^T\\mathcal{P}_t(p)f(x_t)(y_t-p)}{\\sum_{t=1}^T\\mathcal{P}_t(p)}$ , we define the  $\\ell_q$ -pseudo swap multicalibration error incurred by the forecaster as\n\n$$\\mathsf{PSMCal}_{\\mathcal{F},q} \\coloneqq \\sup_{\\{f_p \\in \\mathcal{F}\\}_{p \\in \\mathcal{Z}}} \\sum_{p \\in \\mathcal{Z}} \\left( \\sum_{t=1}^T \\mathcal{P}_t(p) \\right) \\left| \\tilde{\\rho}_{p,f_p} \\right|^q = \\sum_{p \\in \\mathcal{Z}} \\left( \\sum_{t=1}^T \\mathcal{P}_t(p) \\right) \\sup_{f \\in \\mathcal{F}} \\left| \\tilde{\\rho}_{p,f} \\right|^q. \\tag{2}$$\n\nAs we shall see, by not taking into account the randomness in the predictions, pseudo (swap) multicalibration is often easier to optimize. Note that, (pseudo) multicalibration ((P)MCal $_{\\mathcal{F},q}$ ) is a special case of (pseudo) swap multicalibration where the comparator profile is  $f_p = f$  for all  $p \\in \\mathcal{Z}$ :\n\n$$\\mathsf{MCal}_{\\mathcal{F},q} \\coloneqq \\sup_{f \\in \\mathcal{F}} \\sum_{p \\in \\mathcal{Z}} \\left( \\sum_{t=1}^{T} \\mathbb{I}[p_t = p] \\right) \\left| \\rho_{p,f} \\right|^q, \\; \\mathsf{PMCal}_{\\mathcal{F},q} \\coloneqq \\sup_{f \\in \\mathcal{F}} \\sum_{p \\in \\mathcal{Z}} \\left( \\sum_{t=1}^{T} \\mathcal{P}_t(p) \\right) \\left| \\tilde{\\rho}_{p,f} \\right|^q, \\; (3)$$\n\nand calibration  $(Cal_q)$  is a further restriction of multicalibration to  $\\mathcal{F}=\\{1\\}$ , where 1 denotes the constant function that always outputs 1. In this paper, we shall be primarily concerned with the  $\\ell_1,\\ell_2$ -(pseudo) (swap) multicalibration errors, which are related as  $\\mathsf{PSMCal}_{\\mathcal{F},1} \\leq \\sqrt{T \\cdot \\mathsf{PSMCal}_{\\mathcal{F},2}}$ ,  $\\mathsf{PMCal}_{\\mathcal{F},1} \\leq \\sqrt{T \\cdot \\mathsf{PMCal}_{\\mathcal{F},2}}$ ,  $\\mathsf{SMCal}_{\\mathcal{F},1} \\leq \\sqrt{T \\cdot \\mathsf{NCal}_{\\mathcal{F},2}}$ . The proof (skipped for brevity) follows trivially via the Cauchy-Schwartz inequality.\n\nOnline (Swap) Omniprediction. Omnipredictors are sufficient statistics that simultaneously encode loss-minimizing predictions for a broad class of loss functions  $\\mathcal{L}$ . Since different losses expect different \"types\" of optimal predictions, the output of an omnipredictor p has to be \"post-processed\" or \"type-checked\" via a loss specific function  $k_\\ell:[0,1]\\to[0,1]$  to approximately minimize  $\\ell$  relative to the hypotheses in  $\\mathcal{F}$ . The post-processing function  $k_\\ell$  is chosen to be a best-response function, i.e.,  $k_\\ell(q) \\coloneqq \\underset{p \\in [0,1]}{\\operatorname{argmin}} \\mathbb{E}_{y \\sim \\operatorname{Ber}(q)}[\\ell(p,y)]$  denotes the prediction that minimizes the expected loss for  $y \\sim \\operatorname{Ber}(q)$ . Online omniprediction follows a similar learning protocol as that of online multicalibration described above, however, we equip our protocol with learners (parametrized by loss functions) who utilize the forecaster's predictions to choose actions. In particular, after the forecaster predicts  $p_t$ , each  $\\ell$ -learner ( $\\ell \\in \\mathcal{L}$ ) chooses action  $k_\\ell(p_t)$  and incurs loss  $\\ell(k_\\ell(p_t), y_t)$ . The swap omniprediction error against a loss profile  $\\{\\ell_p\\}_{p \\in \\mathcal{Z}}$ , comparator profile  $\\{f_p\\}_{p \\in \\mathcal{Z}}$  is defined as\n\n$$\\mathsf{SOmni}\\left(\\{\\ell_p\\}_{p\\in\\mathcal{Z}}, \\{f_p\\}_{p\\in\\mathcal{Z}}\\right) \\coloneqq \\sum_{t=1}^T \\ell_{p_t}(k_{\\ell_{p_t}}(p_t), y_t) - \\ell_{p_t}(f_{p_t}(x_t), y_t). \\tag{4}$$\n\nThe swap omniprediction error incurred by the forecaster is then defined as a supremum over all loss, comparator profiles, i.e.,  $\\mathsf{SOmni}_{\\mathcal{L},\\mathcal{F}} = \\sup_{\\{\\ell_p \\in \\mathcal{L}, f_p \\in \\mathcal{F}\\}_{p \\in \\mathcal{Z}}} \\mathsf{SOmni}(\\{\\ell_p\\}_{p \\in \\mathcal{Z}}, \\{f_p\\}_{p \\in \\mathcal{Z}})$ . Omniprediction is a special case of swap omniprediction where the loss, comparator profiles are fixed and independent of p.\n\nIn the distributional setting, a computational equivalence between swap multicalibration and swap omniprediction was established in Gopalan et al. (2023b) via an intermediate notion — swap agnostic learning, which was extended to the online setting by Garg et al. (2024) as contextual swap regret.\n\n**Contextual Swap Regret.** Throughout the paper, we consider contextual swap regret for the squared loss. Contextual swap regret is a special case of online swap omniprediction when  $\\mathcal{L} = \\{\\ell\\}$  and  $\\ell(p,y) = (p-y)^2$ , so that  $k_{\\ell}(p) = p$ . Similar to pseudo swap multicalibration, we also introduce a new notion — pseudo contextual swap regret:\n\n$$\\mathsf{PSReg}_{\\mathcal{F}} \\coloneqq \\sup_{\\{f_p \\in \\mathcal{F}\\}_{p \\in \\mathcal{Z}}} \\sum_{t=1}^{T} \\mathbb{E}_{p_t \\sim \\mathcal{P}_t} \\left[ (p_t - y_t)^2 - (f_{p_t}(x_t) - y_t)^2 \\right]. \\tag{5}$$\n\nOther Notation. For any  $m \\in \\mathbb{N}$ , let  $[m] \\coloneqq \\{1,2,\\ldots,m\\}$  denote the index set. We use bold lowercase letters to represent vectors and bold uppercase letters for matrices. The indicator function is denoted by  $\\mathbb{I}[\\cdot]$ , which evaluates to 1 if the condition inside the braces is true, and 0 otherwise. For any  $k \\in \\mathbb{N}$ , we define  $\\Delta_k$  as the (k-1)-dimensional probability simplex:  $\\Delta_k \\coloneqq \\{x \\in \\mathbb{R}^k; x_i \\geq 0 \\text{ for all } i \\in [k], \\sum_{i=1}^k x_i = 1\\}$ . More generally, for a set  $\\Omega$ , let  $\\Delta_\\Omega$  denote the set of all probability distributions over  $\\Omega$ . A function  $f: \\mathcal{W} \\to \\mathbb{R}$  is said to be  $\\alpha$ -exp-concave over a convex set  $\\mathcal{W}$  if the function  $\\exp(-\\alpha f(w))$  is concave on  $\\mathcal{W}$ . The following notation is used extensively throughout the paper: given a hypothesis class  $\\mathcal{F}$  and  $\\beta > 0$ , we define the subset  $\\mathcal{F}_\\beta \\coloneqq \\{f \\in \\mathcal{F}; f^2(x) \\leq \\beta \\text{ for all } x \\in \\mathcal{X}\\}$ . Finally, we use the notations  $\\tilde{\\Omega}(.), \\tilde{\\mathcal{O}}(.)$  to hide lower-order logarithmic terms.\n\nA note on the organization. Due to the numerous concepts considered in this paper and the limited space available, we focus our detailed discussion on our improved bound for  $\\ell_2$ -swap multicalibration and the path  $E \\to F \\to B$  in Figure 1, deferring the discussion of other results to the appendix. Readers are encouraged to keep the broader context presented in Figure 1 in mind and to note that our improved sample complexity bounds in the offline setting arise from an online-to-batch conversion."
      },
      {
        "heading": "1.2 Comparison with Related Work",
        "text": "We discuss comparison with the most relevant work, deferring additional discussions to Appendix A.\n\n**Calibration.** For  $\\ell_2$ -calibration (Cal<sub>2</sub>), Foster and Hart (2023); Luo et al. (2025) showed that there exists an efficient algorithm that achieves  $\\operatorname{Cal}_2 = \\tilde{\\mathcal{O}}(T^{\\frac{1}{3}})$ . The result of Luo et al. (2025) builds on a recent work by Fishelson et al. (2025), who showed that it is possible to achieve  $\\tilde{\\mathcal{O}}(T^{\\frac{1}{3}})$  builds on a recent work by Fishelson et al. (2025), who showed that it is possible to achieve  $\\tilde{\\mathcal{O}}(T^{\\frac{1}{3}})$  by minimizing pseudo (non-contextual) swap regret of the squared loss. Building on the works of Luo et al. (2025); Fishelson et al. (2025), we observe that it is possible to achieve  $\\operatorname{SMCal}_{\\mathcal{F}_1^{\\text{lin}},2} = \\tilde{\\mathcal{O}}(T^{\\frac{1}{3}})$ . In particular, our introduction of pseudo swap multicalibration and pseudo contextual swap regret is reminiscent of pseudo swap regret by Fishelson et al. (2025). Furthermore, our Freedman-based martingale analysis in going from  $\\ell_2$ -pseudo swap multicalibration to  $\\ell_2$ -calibration is largely motivated by a similar analysis by Luo et al. (2025) in going from  $\\ell_2$ -pseudo calibration to  $\\ell_2$ -calibration. Arguably, our result shows that  $\\ell_2$ -swap multicalibration and  $\\ell_2$ -calibration share the same upper bounds, despite the former being a stronger notion.\n\nOmniprediction. Very recently, Okoroafor et al. (2025) have shown that it is possible to achieve oracle-efficient omniprediction, given access to an offline ERM oracle, with  $\\mathcal{O}(\\varepsilon^{-2})$  sample complexity (matching the lower bound for the minimization of a fixed loss function) for the class of bounded variation loss functions  $\\mathcal{L}_{\\mathsf{BV}}$  against an arbitrary hypothesis class  $\\mathcal{F}$  with bounded statistical complexity. Notably, the class  $\\mathcal{L}_{BV}$  is quite broad and includes all convex functions, Lipschitz functions, proper losses, etc. At a high level, Okoroafor et al. (2025) obtain  $\\mathcal{O}(\\sqrt{T})$  online omniprediction error by identifying proper calibration and multiaccuracy as sufficient conditions for omniprediction and proposing an algorithm based on the celebrated Blackwell approachability theorem (Blackwell, 1956; Abernethy et al., 2011) that simultaneously guarantees  $\\mathcal{O}(\\sqrt{T})$  proper calibration and multiaccuracy errors. The result for (offline) omniprediction then follows from an online-to-batch conversion along with other technical subtleties to make the algorithm efficient (with respect to the offline ERM oracle). Next, we highlight our comparisons with Okoroafor et al. (2025)'s result and techniques. While Okoroafor et al. (2025) analyze omniprediction in a more general setting (for the class  $\\mathcal{L}_{BV}$  against an arbitrary  $\\mathcal{F}$ ), we study the harder notion of swap omniprediction but in a specialized setting (for  $\\mathcal{L}^{cvx} \\subset \\mathcal{L}_{BV}$ , against  $\\mathcal{F}^{aff}_{res}$ ). Finally, as mentioned in the introduction, although our online-to-batch conversion in Section D.1 follows in a similar spirit to Okoroafor et al. (2025), it is substantially different due to a more involved martingale analysis via Freedman's inequality."
      },
      {
        "heading": "2.1 From swap multicalibration to pseudo swap multicalibration",
        "text": "**Lemma 1.** Let  $\\mathcal{F} \\subset [-1,1]^{\\mathcal{X}}$  be a finite hypothesis class. For any algorithm  $\\mathcal{A}_{\\mathsf{SMCal}_{\\mathcal{F}}}$  such that for each  $t \\in [T]$  the conditional distribution  $\\mathcal{P}_t$  is deterministic, with probability at least  $1-\\delta$  over  $\\mathcal{A}_{\\mathsf{SMCal}_{\\mathcal{F}}}$ 's predictions, we have  $\\mathsf{SMCal}_{\\mathcal{F},2} \\leq 384(N+1)\\log\\left(\\frac{6(N+1)|\\mathcal{F}|}{\\delta}\\right) + 6 \\cdot \\mathsf{PSMCal}_{\\mathcal{F},2}$ .\n\nThe proof of Lemma 1 is deferred to Appendix B.1 and is motivated by a recent result due to Luo et al. (2025) who derive a high probability bound (via Freedman's inequality) that relates the  $\\ell_2$ -calibration error (Cal<sub>2</sub>) with the  $\\ell_2$ -pseudo calibration error (PCal<sub>2</sub>). Particularly, our proof is an adaptation of the analysis provided by Luo et al. (2025) to the contextual setting. Note that the assumption that the conditional distribution  $\\mathcal{P}_t$  is deterministic is because the algorithm we propose for minimizing pseudo contextual swap regret is deterministic, therefore the only randomness lies in the sampling  $p_t \\sim \\mathcal{P}_t$ . In a way, our proposed algorithm in Section 2.3 correctly aligns with the assumption. However, we remark that this assumption can be relaxed to account for the randomness in  $\\mathcal{P}_t$ .\n\nNext, we instantiate our result for the class of linear functions with bounded norm, defined over the set  $\\mathcal{X} = \\{x \\in \\mathbb{B}_2^d; x_1 = \\frac{1}{2}\\}$ . The requirement that each  $x \\in \\mathcal{X}$  has a constant first coordinate (equal to 1/2) is without any loss of generality. More generally, we only require that each  $x \\in \\mathcal{X}$  has a constant i-th coordinate (equal to  $\\Gamma$  for some  $\\Gamma \\in (0,1)$ ) to ensure that the class  $\\mathcal{F}^{\\text{lin}} = \\{f_{\\theta}(x) = \\langle \\theta, x \\rangle ; \\theta \\in \\mathbb{R}^d \\}$  is closed under affine transformations — a property that shall be required later. Although not explicitly mentioned in Garg et al. (2024), we realize that they also invoke this requirement. By definition,  $\\mathcal{F}_1^{\\text{lin}} = \\{f \\in \\mathcal{F}^{\\text{lin}}; |f(x)| \\leq 1 \\text{ for all } x \\in \\mathcal{X}\\}$  and the set of all  $\\theta$ 's characterizing  $\\mathcal{F}_1^{\\text{lin}}$  satisfies  $\\mathbb{B}_2^d \\subset \\{\\theta \\in \\mathbb{R}^d; |\\langle \\theta, x \\rangle| \\leq 1 \\text{ for all } x \\in \\mathcal{X}\\} \\subset 2 \\cdot \\mathbb{B}_2^d$ . Since  $\\mathcal{F}_1^{\\text{lin}}$  is infinite, the result of Lemma 1 does not immediately apply for the choice  $\\mathcal{F} = \\mathcal{F}_1^{\\text{lin}}$ . Instead, to bound SMCal $_{\\mathcal{F}_1^{\\text{lin}},2}$ , we form a finite sized cover  $\\mathcal{C}_{\\varepsilon}$  of  $\\mathcal{F}_1^{\\text{lin}}$ , bound SMCal $_{\\mathcal{F}_1^{\\text{lin}},2}$  in terms of SMCal $_{\\mathcal{C}_{\\varepsilon,2}}$ , and use the result of Lemma 1 to bound SMCal $_{\\mathcal{C}_{\\varepsilon,2}}$  in terms of PSMCal $_{\\mathcal{C}_{\\varepsilon,2}}$ . Recall that for a function class  $\\mathcal{F}$ , a function class  $\\mathcal{G}$  is an  $\\varepsilon$ -cover if for each  $f \\in \\mathcal{F}$  there exists a  $g \\in \\mathcal{G}$  such that  $|f(x) - g(x)| \\leq \\varepsilon$  for all  $x \\in \\mathcal{X}$ . For each  $f \\in \\mathcal{F}$ , we refer to the corresponding function  $g \\in \\mathcal{G}$  that realizes the condition as a representative. We use the following standard result (refer to (Luo, 2024, Proposition 2)) to bound  $|\\mathcal{C}_{\\varepsilon}|$  in the proof of Lemma 2, whose proof is deferred to Appendix B.2.\n\n**Proposition 1.** There exists a cover  $C_{\\varepsilon} \\subseteq \\mathcal{F}_1^{\\mathsf{lin}}$  of  $\\mathcal{F}_1^{\\mathsf{lin}}$  with  $|C_{\\varepsilon}| = \\mathcal{O}\\left(\\frac{1}{\\varepsilon}\\right)^d$ .\n\n**Lemma 2.** For the class  $\\mathcal{F}_1^{\\text{lin}}$  and any  $\\varepsilon > 0$ , with probability at least  $1 - \\delta$ , we have  $\\mathsf{SMCal}_{\\mathcal{F}_1^{\\text{lin}},2} = \\mathcal{O}\\left(N\\log\\frac{N}{\\delta} + Nd\\log\\frac{1}{\\varepsilon} + \\mathsf{PSMCal}_{\\mathcal{F}_1^{\\text{lin}},2} + \\varepsilon^2 T\\right)$ ."
      },
      {
        "heading": "2.2 From pseudo swap multicalibration to pseudo contextual swap regret",
        "text": "In this section, we show that the  $\\ell_2$ -pseudo swap multicalibration error is bounded by the pseudo contextual swap regret. Notably, our result is an adaptation of a similar result proved by Garg et al. (2024) for contextual swap regret (see also Globus-Harris et al. (2023); Gopalan et al. (2023b) for a similar characterization of swap multicalibration in terms of swap agnostic learning) to pseudo contextual swap regret. Our result holds for any arbitrary hypothesis class  $\\mathcal F$  satisfying the following mild assumption:\n\n**Assumption 1.**  $\\mathcal{F}$  is closed under affine transformations, i.e., for each  $f \\in \\mathcal{F}$ , the function  $g(x) = af(x) + b \\in \\mathcal{F}$  for all  $a, b \\in \\mathbb{R}$ .\n\nWe remark that the above is quite standard and has been explicitly assumed in Garg et al. (2024); Globus-Harris et al. (2023), and is implicit in Gopalan et al. (2023b). Clearly,  $\\mathcal{F}^{\\text{lin}}$  satisfies Assumption 1. This is because, for a  $f \\in \\mathcal{F}$  that is determined by  $\\theta \\in \\mathbb{R}^d$ , we have\n\n $a\\langle \\theta, x \\rangle + b = \\langle a \\cdot \\theta + 2b \\cdot e_1, x \\rangle \\in \\mathcal{F}^{\\text{lin}}$ . Before proving the main implication, we prove the following converse result.\n\n**Lemma 3.** Assume that there exists a  $p \\in \\mathcal{Z}$ ,  $f \\in \\mathcal{F}_1$  such that  $\\tilde{\\rho}_{p,f} \\geq \\alpha$  for some  $\\alpha > 0$ . Then, there exists a  $f' \\in \\mathcal{F}_4$  such that  $\\frac{\\sum_{t=1}^T \\mathcal{P}_t(p) \\left( (p-y_t)^2 - (f'(x_t) - y_t)^2 \\right)}{\\sum_{t=1}^T \\mathcal{P}_t(p)} \\geq \\alpha^2$ .\n\nThe proof of Lemma 3 can be found in Appendix B.3 and is similar to (Garg et al., 2024, Theorem 3.2). In particular, we consider the function  $f'(x) = p + \\eta f(x)$ , where  $\\eta = \\min\\left(1, \\frac{\\alpha}{\\mu}\\right), \\mu = \\frac{\\sum_{t=1}^T \\mathcal{P}_t(p)(f(x_t))^2}{\\sum_{t=1}^T \\mathcal{P}_t(p)}$ . Under Assumption 1,  $f' \\in \\mathcal{F}$ . Furthermore, since  $f \\in \\mathcal{F}_1$ , we have  $f' \\in \\mathcal{F}_4$ . It then follows from direct computation that  $\\frac{\\sum_{t=1}^T \\mathcal{P}_t(p)\\left((p-y_t)^2-(f'(x_t)-y_t)^2\\right)}{\\sum_{t=1}^T \\mathcal{P}_t(p)} \\geq 2\\eta\\alpha - \\eta^2\\mu$ . Finally, we analyze the cases  $\\alpha \\geq \\mu$  and  $\\alpha < \\mu$  and derive a common lower bound  $2\\eta\\alpha - \\eta^2\\mu \\geq \\alpha^2$ , thereby finishing the proof. Equipped with Lemma 3, we prove the main result of this section.\n\n**Lemma 4.** Assume that there exists  $\\alpha > 0$  such that  $\\mathsf{PSReg}_{\\mathcal{F}_4} \\leq \\alpha$ . Then,  $\\mathsf{PSMCal}_{\\mathcal{F}_1,2} \\leq \\alpha$ .\n\nThe proof of Lemma 4 can be found in Appendix B.4 and follows by the method of contradiction, using the result of Lemma 3. Particularly, assuming that  $\\mathsf{PSMCal}_{\\mathcal{F}_1,2} > \\alpha$ , we conclude that there exists a comparator profile  $\\{f_p\\}_{p \\in \\mathcal{Z}}$  that realizes  $\\sum_{p \\in \\mathcal{Z}} \\alpha_p > \\alpha$ , where  $\\alpha_p = \\sum_{t=1}^T \\mathcal{P}_t(p)(\\tilde{\\rho}_{p,f_p})^2$ . By definition of  $\\alpha_p$ , there exists a function  $f_p^\\star(x) \\in \\{f_p(x), -f_p(x)\\}$  such that  $\\tilde{\\rho}_{p,f_p^\\star} = \\sqrt{\\frac{\\alpha_p}{\\sum_{t=1}^T \\mathcal{P}_t(p)}}$  for all  $p \\in \\mathcal{Z}$ . By Lemma 3, for each  $p \\in \\mathcal{Z}$ , there exists a  $f_p' \\in \\mathcal{F}_4$  that satisfies  $\\sum_{t=1}^T \\mathcal{P}_t(p)((p-y_t)^2-(f_p'(x_t)-y_t)^2) \\geq \\alpha_p$ . Summing over all  $p \\in \\mathcal{Z}$  we obtain a contradiction to the assumption that  $\\mathsf{PSReg}_{\\mathcal{F}_4} \\leq \\alpha$ .\n\nCombining the result of Lemma 2 and 4, we observe that to bound SMCal<sub> $\\mathcal{F}_1^{\\text{lin}}$ </sub>, we only require a bound on PSReg<sub> $\\mathcal{F}_4^{\\text{lin}}$ , 2. In the next section, we propose an efficient algorithm to minimize PSReg<sub> $\\mathcal{F}_4^{\\text{lin}}$ </sub>.</sub>"
      },
      {
        "heading": "2.3 Bound on the pseudo contextual swap regret",
        "text": "Now, we give an algorithm to minimize the pseudo contextual swap regret of the squared loss  $\\ell(p,y)=(p-y)^2$  against the hypothesis class  $\\mathcal{F}_4^{\\rm lin}$ . Recall that for our choice of  $\\mathcal{X}$ , the set of  $\\theta$ 's that determine  $\\mathcal{F}_4^{\\rm lin}$  satisfies  $2\\cdot\\mathbb{B}_2^d\\subset\\{\\theta\\in\\mathbb{R}^d; |\\langle\\theta,x\\rangle|\\leq 2 \\text{ for all }x\\in\\mathcal{X}\\}\\subset 4\\cdot\\mathbb{B}_2^d$ . We consider the more general setting when  $\\mathcal{F}$  is arbitrary and then instantiate our result for  $\\mathcal{F}_4^{\\rm lin}$ . Our general algorithm (Algorithm 3) is based on the well-known Blum-Mansour (BM) reduction (Blum and Mansour, 2007).\n\nBefore proceeding further, we first recall the BM reduction (Algorithm 3 in Appendix B.5). Let  $\\mathcal{Z}$  be enumerated as  $\\mathcal{Z}=\\{z_0,\\ldots,z_N\\}$ , where  $z_i=i/N$  for all  $i\\in\\{0,\\ldots,N\\}$ . The reduction maintains N+1 external regret algorithms  $A_0,\\ldots,A_N$ . At each time t, let  $q_{t,i}\\in\\Delta_{N+1}$  denote the probability distribution over  $\\mathcal{Z}$  produced by  $\\mathcal{A}_i$ . Let  $Q_t=[q_{t,0},\\ldots,q_{t,N}]$  be the matrix formed by concatenating  $q_{t,0},\\ldots,q_{t,N}$  as columns. Upon receiving the context  $x_t$ , we compute the stationary distribution of  $Q_t$ , i.e., a distribution  $p_t\\in\\Delta_{N+1}$  satisfying  $Q_tp_t=p_t$ . With  $p_t$  being our final distribution of predictions, i.e.,  $\\mathcal{P}_t(z_i)=p_{t,i}$ , we sample  $p_t\\sim\\mathcal{P}_t$  and observe the outcome  $y_t$ . Thereafter, we feed the scaled loss function  $p_{t,i}\\ell(.,y_t)$  to  $A_i$ . Let  $\\ell_{t,i}^{\\text{sc}}=p_{t,i}\\ell_t\\in\\mathbb{R}^{N+1}$  be a scaled loss vector, where  $\\ell_t(j)=\\ell(z_j,y_t)$ . It immediately follows from Proposition 2 (Appendix B.5) that  $\\text{PSReg}_{\\mathcal{F}}\\leq\\sum_{i=0}^N \\text{Reg}_i(\\mathcal{F})$ , where  $\\text{Reg}_i(\\mathcal{F})\\coloneqq\\sup_{f\\in\\mathcal{F}}\\sum_{t=1}^T \\left\\langle q_{t,i},\\ell_{t,i}^{\\text{sc}} \\right\\rangle - p_{t,i}(f(x_t)-y_t)^2$ , i.e., the pseudo swap regret is bounded by the sum of the (scaled) external regrets of the N+1 algorithms. It remains to design the i-th external regret algorithm  $A_i$  that minimizes  $\\text{Reg}_i(\\mathcal{F})$ . We emphasize that  $A_i$  is required to predict a distribution  $q_{t,i}$  over  $\\mathcal{Z}$  and is subsequently fed a scaled loss function  $p_{t,i}\\ell(.,y_t)$  at each time t. To implement  $A_i$ , we assume the following oracle ALG that solves a (scaled) external regret minimization problem for the squared loss (which will be later instantiated by a concrete algorithm for the linear class).\n\n**Assumption 2.** Let ALG be an algorithm for minimizing the (scaled) external regret against  $\\mathcal{F}$  in the following learning protocol: at every time  $t \\in [T]$ , (a) an adversary selects context  $x_t \\in \\mathcal{X}$ , a scaling parameter  $\\alpha_t \\in [0,1]$ , and the true label  $y_t$ ; (b) the adversary reveals  $x_t$ ; (c) ALG predicts  $w_t \\in [0,1]$ , observes  $\\alpha_t, y_t$ , and incurs the scaled loss  $\\alpha_t \\ell(w_t, y_t)$ . We assume that ALG achieves the following external regret guarantee:  $\\mathbb{E}\\left[\\sup_{f \\in \\mathcal{F}} \\sum_{t=1}^T \\alpha_t(w_t - y_t)^2 - \\alpha_t(f(x_t) - y_t)^2\\right] \\leq r(T, \\mathcal{F})$ , where\n\n $r(T, \\mathcal{F})$  is a non-negative function that captures the regret bound of ALG, and the expectation is taken over the joint randomness in the adversary and the algorithm.\n\nTo instantiate  $\\mathcal{A}_i$  (Algorithm 1), we propose using  $\\mathsf{ALG}_i$  (an instance of  $\\mathsf{ALG}$  for the i-th external regret algorithm) along with the randomized rounding procedure of Fishelson et al. (2025). The rounding procedure is required because at each time t,  $\\mathsf{ALG}_i$  outputs  $w_{t,i} \\in [0,1]$ , however,  $\\mathcal{A}_i$  is required to predict a distribution  $q_{t,i} \\in \\Delta_{N+1}$  over  $\\mathcal{Z}$ . Towards this end, Fishelson et al. (2025) proposed the randomized rounding scheme summarized in Algorithm 2. In Proposition 3 (Appendix B.6), we show that the change in the expected loss due to rounding, i.e., the quantity  $\\sum_{j=0}^N q_j \\ell(z_j, y) - \\ell(p, y)$  is at most  $\\frac{1}{N^2}$ ."
      },
      {
        "heading": "3 Conclusion and Future Directions",
        "text": "In this paper, we obtained state-of-the-art regret/error bounds (in the online setting) and sample complexity bounds (in the distributional setting) for swap multicalibration, swap omniprediction, and swap agnostic learning. Crucially, our bound for swap multicalibration is derived in the context of linear functions, and that for swap omniprediction is obtained specifically for convex Lipschitz functions against a hypothesis class that comprises linear functions. A natural question is whether it is possible to extend our framework (Figure 1) to arbitrary hypothesis, loss classes and obtain oracle-efficient algorithms (similar to Garg et al. (2024); Okoroafor et al. (2025)). Moreover, recall that we obtained  $\\tilde{\\mathcal{O}}(T^{\\frac{1}{3}})$  and  $\\tilde{\\mathcal{O}}(T^{\\frac{3}{5}})$  bounds for pseudo contextual swap regret and contextual swap regret, respectively, which is in contrast to the non-contextual setting, where both quantities enjoy the favorable  $\\tilde{\\mathcal{O}}(T^{\\frac{1}{3}})$  rate (Foster and Hart, 2023; Luo et al., 2025; Fishelson et al., 2025). The  $\\tilde{\\mathcal{O}}(T^{\\frac{3}{5}})$  bound for contextual swap regret is a limitation of our analysis in Section C.2; we suspect this can be improved by a more sophisticated analysis which can also improve the sample complexity of swap agnostic learning as a by product. This improvement shall manifest in further improvements in the sample complexity of swap multicalibration as per the discussion in Section D.3."
      }
    ],
    "references": [
      {
        "title": ", Bartlett, P",
        "author": [
          "- Abernethy",
          "J"
        ],
        "venue": "L., and Hazan, E. (",
        "citeRegEx": "Abernethy et al\\\\.,? 2011",
        "shortCiteRegEx": "Abernethy et al\\\\.",
        "year": 2011
      }
    ]
  }
}