{
  "forum_id": "pzHuesCvcO",
  "metadata": {
    "source": "NeurIPS",
    "year": 2025,
    "title": "Align Your Flow: Scaling Continuous-Time Flow Map Distillation",
    "abstractText": "Diffusion- and flow-based models have emerged as state-of-the-art generative modeling approaches, but they require many sampling steps. Consistency models can distill these models into efficient one-step generators; however, unlike flow- and diffusion-based methods, their performance inevitably degrades when increasing the number of steps, which we show both analytically and empirically. Flow maps generalize these approaches by connecting any two noise levels in a single step and remain effective across all step counts. In this paper, we introduce two new continuous-time objectives for training flow maps, along with additional novel training techniques, generalizing existing consistency and flow matching objectives. We further demonstrate that autoguidance can improve performance, using a lowquality model for guidance during distillation, and an additional boost can be achieved by adversarial finetuning, with minimal loss in sample diversity. We extensively validate our flow map models, called *Align Your Flow*, on challenging image generation benchmarks and achieve state-of-the-art few-step generation performance on both ImageNet 64x64 and 512x512, using small and efficient neural networks. Finally, we show text-to-image flow map models that outperform all existing non-adversarially trained few-step samplers in text-conditioned synthesis.\n\n![](_page_1_Figure_0.jpeg)\n\nFigure 2: Overview of Flow Maps. Flow maps generalize both consistency models and flow matching by connecting any two noise levels (s, t) in a single step. When s = 0, flow maps reduce to consistency models; when s → t they're equivalent to standard flow matching models. Our proposed EMD objective (see Theorem [3.2\\)](#page-4-0) similarly generalizes the continuous-time consistency and flow matching losses. For detailed derivations, please see the Appendix.",
    "sections": [
      {
        "heading": "1 Introduction",
        "text": "Diffusion and flow-based generative models have revolutionized generative modeling [\\[25,](#page-10-0) [70,](#page-12-0) [45,](#page-11-0) [62,](#page-12-1) [14,](#page-9-0) [8\\]](#page-9-1), but they rely on slow iterative sampling. This has led to the development of approaches to accelerate generation. Advanced, higher-order samplers [\\[68,](#page-12-2) [50,](#page-11-1) [51,](#page-11-2) [12,](#page-9-2) [89,](#page-14-0) [34,](#page-10-1) [61\\]](#page-12-3) help, but cannot produce high quality outputs with <10 steps. Distillation techniques [\\[63,](#page-12-4) [67,](#page-12-5) [87,](#page-13-0) [72\\]](#page-13-1), in contrast, can successfully distill models into few-step generators. In particular, consistency models [\\[71,](#page-12-6) [69,](#page-12-7) [49\\]](#page-11-3) and a variety of related techniques [\\[38,](#page-11-4) [79,](#page-13-2) [80,](#page-13-3) [42,](#page-11-5) [94,](#page-14-1) [17,](#page-10-2) [22\\]](#page-10-3) have gained much attention recently. Consistency models learn to transfer samples that lie on teacher-defined deterministic noise-to-data paths to the same, consistent clean outputs in a single prediction. These approaches excel in few step generation, but have been empirically shown to degrade in performance as the number of steps increases.\n\nIn this work, we analytically show that consistency models are inherently incompatible with multi-step sampling. Specifically, we show that their objective of strictly predicting clean outputs inevitably leads to error accumulation over multiple denoising steps. Motivated by this limitation, we turn to the flow map formulation as a unifying and more robust alternative. The flow map framework - also known as Consistency Trajectory Models - was introduced in [\\[38,](#page-11-4) [5\\]](#page-9-3) and encompasses diffusion and flowbased models [\\[45\\]](#page-11-0), consistency models [\\[71,](#page-12-6) [69,](#page-12-7) [49\\]](#page-11-3), and other distillation variants [\\[80,](#page-13-3) [17,](#page-10-2) [94,](#page-14-1) [95\\]](#page-14-2) within a single coherent formulation. Flow maps allow connecting any two noise levels in a single step, enabling efficient few-step sampling as well as flexible multi-step sampling. As flow maps, figuratively speaking, learn a mapping that \"aligns the teacher flow\" into a few-step sampler, we call our approach *Align Your Flow (AYF)*. We propose two new continuous-time training objectives, which can be interpreted as AYF's versions of the Eulerian and Lagrangian losses described by Boffi et al. [\\[5\\]](#page-9-3). The new objectives use a consistency condition at either the beginning or the end of a denoising interval. Notably, the first of our objectives generalizes both the continuous-time consistency loss [\\[71,](#page-12-6) [49\\]](#page-11-3) and the flow matching loss [\\[45\\]](#page-11-0). While regular consistency models only perform well for single- or two-step generation and degrade for multi-step sampling, e.g. for 4 steps or more, flow map models such as AYF produce high-quality outputs in this multi-step setting, too.\n\nTo scale AYF to high performance, we leverage the recently proposed autoguidance [\\[35\\]](#page-11-6), where a low-quality guidance model checkpoint is used together with the regular model to produce a model with enhanced quality. Specifically, we propose to distill an autoguided teacher model into an AYF student and introduce several practical techniques that stabilize flow map training and push performance further. Moreover, unlike prior distillation approaches that rely on adversarial training to boost quality at the expense of sample diversity [\\[67,](#page-12-5) [66,](#page-12-8) [87,](#page-13-0) [86,](#page-13-4) [38\\]](#page-11-4), we show that a short finetuning of a pretrained AYF model with a combination of our proposed flow map objective and an adversarial loss is sufficient to yield significantly sharper images with minimal impact on diversity.\n\nWe validate AYF on popular image generation benchmarks and achieve state-of-the-art performance among few-step generators on both ImageNet 64x64 and 512x512, while using only small and efficient neural networks (Fig. [4\\)](#page-3-0). For instance, 4-step sampling of AYF's ImageNet models is as fast or faster than previous works' single step generation. Additionally, our adversarially finetuned AYF also achieves significantly higher diversity compared to other adversarial training approaches. We further distill the popular FLUX.1 model [\\[41\\]](#page-11-7) and obtain text-to-image AYF flow map models that significantly outperform all existing non-adversarially trained few-step generators in text-conditioned\n\n![](_page_2_Figure_0.jpeg)\n\nFigure 3: Samples (4 steps): LCM [54], TCD [94], FLUX.1 [schnell] [41], AYF (view zoomed in).\n\nsynthesis (Fig. 1). For these experiments, we use an efficient LoRA [27] framework, avoiding the overhead of many previous text-to-image distillation approaches.\n\n**Contributions.** (i) We prove that consistency models inherently suffer from error accumulation in multi-step sampling. (ii) We propose  $Align\\ Your\\ Flow$ , a high-performance few-step flow map model with new theoretical insights. (iii) We introduce two new training objectives and stabilization techniques for flow map learning. (iv) We apply autoguidance for distillation for the first time and show that adversarial finetuning further boosts performance with minimal loss in diversity. (v) We achieve state-of-the-art few-step generation performance on ImageNet, and we also show fast high-resolution text-to-image generation, outperforming all non-adversarial methods in this task."
      },
      {
        "heading": "2 Background",
        "text": "**Diffusion Models and Flow Matching.** Diffusion models are probabilistic generative models that inject noise into the data with a forward diffusion process and generate samples by learning and simulating a time-reversed backward diffusion process, initialized by pure Gaussian noise. Flow matching [45, 48, 2, 1, 39] is a generalization of these methods that eliminates the requirement of the noise being Gaussian and allows learning a continuous flow between any two distributions  $p_0$ ,  $p_1$  that converts samples from one to the other.\n\nDenote the data distribution by  $\\mathbf{x}_0 \\sim p_{\\text{data}}$  and the noise distribution by  $\\mathbf{x}_1 \\sim p_{\\text{noise}}$ . Let  $\\mathbf{x}_t = (1-t) \\cdot \\mathbf{x}_0 + t \\cdot \\mathbf{x}_1$  indicate the noisy samples of the data for time  $t \\in [0,1]$ , corresponding to the rectified flow [48] or conditional optimal transport [45] formulation. The flow matching training objective is then given by  $\\mathbb{E}_{\\mathbf{x}_0,\\mathbf{x}_1,t}\\left[w(t)||\\mathbf{v}_{\\theta}(\\mathbf{x}_t,t)-(\\mathbf{x}_1-\\mathbf{x}_0)||_2^2\\right]$ ; w(t) is a weighting function and  $\\mathbf{v}_{\\theta}$  is a neural network parametrized by  $\\theta$ . The standard sampling procedure starts at t=1 by sampling  $\\mathbf{x}_1 \\sim p_{\\text{noise}}$ . Then the probability flow ODE (PF-ODE), defined by  $\\frac{d\\mathbf{x}_t}{dt} = \\mathbf{v}_{\\theta}(\\mathbf{x}_t,t)dt$ , is simulated from t=1 to t=0 to obtain the final outputs. We will assume to be in the flow matching framework from this point on of the paper.\n\nConsistency Models. Consistency models (CM) [71] train a neural network  $\\mathbf{f}_{\\theta}(\\mathbf{x}_t,t)$  to map noisy inputs  $\\mathbf{x}_t$  directly to their corresponding clean samples  $\\mathbf{x}_0$ , following the PF-ODE. Consequently,  $\\mathbf{f}_{\\theta}(\\mathbf{x}_t,t)$  must satisfy the boundary condition  $\\mathbf{f}_{\\theta}(\\mathbf{x},0)=\\mathbf{x}$ , which is typically enforced by parameterizing  $\\mathbf{f}_{\\theta}(\\mathbf{x}_t,t)=c_{\\text{skip}}(t)\\mathbf{x}_t+c_{\\text{out}}(t)\\mathbf{F}_{\\theta}(\\mathbf{x}_t,t)$  with  $c_{\\text{skip}}(0)=1,c_{\\text{out}}(0)=0$ . CMs are trained to have consistent outputs between adjacent timesteps. They can be trained from scratch or distilled from given diffusion or flow models. In this work, we are focusing on distillation. Depending on how time is dealt with, CMs can be split into two categories:\n\n**Discrete-time CMs.** The training objective is defined between adjacent timesteps as\n\n\n$$\\mathbb{E}_{\\mathbf{x}_{t},t}\\left[w(t)d(\\mathbf{f}_{\\theta}(\\mathbf{x}_{t},t),\\mathbf{f}_{\\theta^{-}}(\\mathbf{x}_{t-\\Delta t},t-\\Delta t))\\right],\\tag{1}$$\n\nwhere  $\\theta^-$  denotes  $stopgrad(\\theta)$ , w(t) is a weighting function,  $\\Delta t > 0$  is the distance between adjacent timesteps, and d(.,.) is a distance function. Common choices include  $\\ell_2$  loss  $d(\\mathbf{x},\\mathbf{y}) = ||\\mathbf{x} - \\mathbf{y}||_2^2$ , Pseudo-Huber loss  $d(\\mathbf{x},\\mathbf{y}) = \\sqrt{||\\mathbf{x} - \\mathbf{y}||_2^2 + c^2} - c$  [69], and LPIPS loss [90]. Discrete-time CMs are sensitive to the choice of  $\\Delta t$ , and require manually designed annealing schedules [71, 18]. The noisy sample  $\\mathbf{x}_{t-\\Delta t}$  at the preceding timestep  $t-\\Delta t$  is often obtained from  $\\mathbf{x}_t$  by numerically solving the PF-ODE, which can cause additional discretization errors.\n\n**Continuous-time CMs.** When using  $d(\\mathbf{x}, \\mathbf{y}) = ||\\mathbf{x} - \\mathbf{y}||_2^2$  and taking the limit  $\\Delta t \\to 0$ , Song et al. [71] show that the gradient of Eq. (1) with respect to  $\\theta$  converges to\n\n$$\\nabla_{\\theta} \\mathbb{E}_{\\mathbf{x}_{t}, t} \\left[ w(t) \\mathbf{f}_{\\theta}^{\\top}(\\mathbf{x}_{t}, t) \\frac{\\mathrm{d} \\mathbf{f}_{\\theta^{-}}(\\mathbf{x}_{t}, t)}{\\mathrm{d} t} \\right], \\tag{2}$$\n\nwhere  $\\frac{\\mathrm{d}\\mathbf{f}_{\\theta^-}(\\mathbf{x}_t,t)}{\\mathrm{d}t} = \\nabla_{\\mathbf{x}_t}\\mathbf{f}_{\\theta^-}(\\mathbf{x}_t,t)\\frac{\\mathrm{d}\\mathbf{x}_t}{\\mathrm{d}t} + \\partial_t\\mathbf{f}_{\\theta^-}(\\mathbf{x}_t,t)$  is the tangent of  $\\mathbf{f}_{\\theta^-}$  at  $(\\mathbf{x}_t,t)$  along the trajectory of the PF-ODE  $\\frac{\\mathrm{d}\\mathbf{x}_t}{\\mathrm{d}t}$ . This means continuous-time CMs do not need to rely on numerical ODE solvers which avoids discretization errors and offers better supervision signals during training. Recently, Lu and Song [49] successfully stabilized and scaled continuous-time CMs and achieved significantly better results compared to the discrete-time approach."
      },
      {
        "heading": "3 Continuous-Time Flow Map Distillation",
        "text": "Flow maps generalize diffusion, flow-based and consistency models within a single unified framework by training a neural network  $\\mathbf{f}_{\\theta}(\\mathbf{x}_t, t, s)$  to map noisy inputs  $\\mathbf{x}_t$  directly to any point  $\\mathbf{x}_s$  along the PF-ODE in a single step. Unlike consistency models, which only perform well for single- or two-step generation but degrade in multi-step sampling, flow maps remain effective at all step counts.\n\nIn Sec. 3.1, we first show that standard consistency models are incompatible with multi-step sampling, leading to inevitable performance degradation beyond a certain step count. Next, in Sec. 3.2, we introduce two\n\n![](_page_3_Figure_6.jpeg)\n\nFigure 4: Two-step AYF samples on ImageNet512.\n\nnovel continuous-time objectives for distilling flow maps from a pretrained flow model. Finally, in Sec. 3.3, we explain how we leverage autoguidance to sharpen the flow map. Sec. 3.4 addresses implementation details. The detailed training algorithm for AYF is provided in the Appendix."
      },
      {
        "heading": "3.1 Consistency Models are Flawed Multi-Step Generators",
        "text": "CMs are a powerful approach to turn flow-based models into one-step generators. To allow CMs to trade compute for sample quality, a multi-step sampling procedure was introduced by Song et al. [71]. This process sequentially denoises noisy  $\\mathbf{x}_t$  by first removing all noise to estimate the clean data and then reintroducing smaller amounts of noise. However, in practice, this sampling procedure performs poorly as the number of steps increases and most prior works only demonstrate 1- or 2-step results.\n\nTo understand this behavior, we analyze a simple case where the initial distribution is an isotropic Gaussian with standard deviation c, i.e.  $p_{\\text{data}}(\\mathbf{x}) = \\mathcal{N}(\\mathbf{0}, c^2 \\mathbf{I})$ . The following theorem shows that regardless of how accurate a (non-optimal) CM is, increasing the number of sampling steps beyond a certain point will lead to worse performance due to error accumulation in that setting.\n\n**Theorem 3.1** (Proof in Appendix). Let  $p_{data}(\\mathbf{x}) = \\mathcal{N}(\\mathbf{0}, c^2 \\mathbf{I})$  be the data distribution, and let  $\\mathbf{f}^*(\\mathbf{x}_t, t)$  denote the optimal consistency model. For any  $\\delta > 0$ , there exists a suboptimal consistency model  $\\mathbf{f}(\\mathbf{x}_t, t)$  such that\n\n$$\\mathbb{E}_{\\mathbf{x}_t \\sim p(\\mathbf{x},t)} \\big[ \\|\\mathbf{f}(\\mathbf{x}_t,t) - \\mathbf{f}^*(\\mathbf{x}_t,t)\\|_2^2 \\big] < \\delta \\quad \\textit{for all } t \\in [0,1],$$\n\nand there is some integer N for which **increasing** the number of sampling steps beyond N **increases** the Wasserstein-2 distance of the generated samples to the ground truth distribution (i.e. a worse approximation of the ground truth).\n\nThis suggests that CMs, by design, are not suited for multi-step generation. Interestingly, when c=0.5—a common choice in diffusion model training, where the data is often normalized to this std. dev. [34]—multi-step CM sampling with a non-optimal CM produces the best samples at two steps (Fig. 5). This is in line with common observations in the literature [49]. This behavior is the opposite of standard diffusion models, which improve as the number of steps increases. Prior works have attempted to address this issue (see Sec. 4), and they all ultimately reduce to special cases of flow maps."
      },
      {
        "heading": "3.2 Learning Flow Maps",
        "text": "Flow maps are neural networks  $\\mathbf{f}_{\\theta}(\\mathbf{x}_t,t,s)$  that generalize CMs by mapping a noisy input  $\\mathbf{x}_t$  directly to any other point  $\\mathbf{x}_s$  by following the PF-ODE from time t to s. When s=0, they reduce to standard CMs. When performing many small steps, they become equivalent to regular flow or diffusion model sampling with the PF-ODE and Euler integration. A valid flow map  $\\mathbf{f}_{\\theta}(\\mathbf{x}_t,t,s)$  must satisfy the *general boundary condition*  $\\mathbf{f}_{\\theta}(\\mathbf{x}_t,t,t)=\\mathbf{x}_t$  for all t. As is done in prior work, this is enforced in practice by parameterizing the model as  $\\mathbf{f}_{\\theta}(\\mathbf{x}_t,t,s)=c_{\\text{skip}}(t,s)\\mathbf{x}_t+c_{\\text{out}}(t,s)\\mathbf{F}_{\\theta}(\\mathbf{x}_t,t,s)$  where  $c_{\\text{skip}}(t,t)=1$  and  $c_{\\text{out}}(t,t)=0$  for all t. In this work, we set  $c_{\\text{skip}}(t,s)=1$  and  $c_{\\text{out}}(t,s)=(s-t)$  for simplicity and to align it with an Euler ODE solver.\n\n![](_page_4_Figure_2.jpeg)\n\nFigure 5: Wasserstein-2 distance between multi-step consistency samples and data distribution (c=0.5).\n\nUnlike CMs, which perform poorly in multi-step sampling, flow maps are designed to excel in this scenario. Additionally, their ability to fully traverse the PF-ODE enables them to accelerate tasks such as image inversion and editing by directly mapping images to noise [43].\n\nAs we are interested in distilling a diffusion or flow matching model, we assume access to a pretrained velocity model  $\\mathbf{v}_{\\phi}(\\mathbf{x}_t,t)$ . The flow map model is trained by aligning its single-step predictions with the trajectories generated by the teacher's PF-ODE, i.e.  $\\frac{d\\mathbf{x}_t}{dt} = \\mathbf{v}_{\\phi}(\\mathbf{x}_t,t)$ . We propose two primary methods for training flow maps. The first training objective aims to ensure that for a fixed s, the output of the flow map remains constant as we move  $(\\mathbf{x}_t,t)$  along the PF-ODE. Let  $\\theta^-=\\operatorname{stopgrad}(\\theta)$ . The theorem below summarizes the approach. We call this loss AYF-Eulerian Map Distillation (AYF-EMD), as it can also be interpreted as a variant of the Eulerian loss of Boffi et al. [5]. The AYF-EMD loss naturally generalizes the loss used to train continuous-time consistency models [71, 49], as it reduces to the same objective when s=0. Interestingly, it also generalizes the standard flow matching loss, to which it reduces in the limit as  $s\\to t$ . See Appendix for details.\n\n**Theorem 3.2** (Proof in Appendix). Let  $\\mathbf{f}_{\\theta}(\\mathbf{x}_t, t, s)$  be the flow map. Consider the loss function defined between two adjacent starting timesteps t and  $t' = t + \\epsilon(s - t)$  for a small  $\\epsilon > 0$ ,\n\n$$\\mathbb{E}_{\\mathbf{x}_t,t,s} \\left[ w(t,s) || \\mathbf{f}_{\\theta}(\\mathbf{x}_t,t,s) - \\mathbf{f}_{\\theta^-}(\\mathbf{x}_{t'},t',s) ||_2^2 \\right],$$\n\nwhere  $\\mathbf{x}_{t'}$  is obtained by applying a 1-step Euler solver to the PF-ODE from t to t'. In the limit as  $\\epsilon \\to 0$ , the gradient of this objective with respect to  $\\theta$  converges to:\n\n$$\\nabla_{\\theta} \\mathbb{E}_{\\mathbf{x}_t,t,s} \\left[ w'(t,s) \\operatorname{sign}(t-s) \\cdot \\mathbf{f}_{\\theta}^{\\top}(\\mathbf{x}_t,t,s) \\cdot \\frac{\\mathrm{d}\\mathbf{f}_{\\theta^{-}}(\\mathbf{x}_t,t,s)}{\\mathrm{d}t} \\right],$$\n\nwhere  $w'(t,s) = w(t,s) \\times |t-s|$ .\n\nThe second approach ensures consistency at timestep s instead. This method tries to ensure that for a fixed  $(\\mathbf{x}_t,t)$ , the trajectory  $\\mathbf{f}_{\\theta}(\\mathbf{x}_t,t,\\cdot)$  is aligned with that points' PF-ODE. We call this loss AYF-Lagrangian Map Distillation (AYF-LMD), as it is related to the Lagrangian loss of Boffi et al. [5]. The theorem below formalizes this approach.\n\n**Theorem 3.3** (Proof in Appendix). Let  $\\mathbf{f}_{\\theta}(\\mathbf{x}_t, t, s)$  be the flow map. Consider the loss function defined between two adjacent ending timesteps s and  $s' = s + \\epsilon(t - s)$  for a small  $\\epsilon > 0$ ,\n\n$$\\mathbb{E}_{\\mathbf{x}_t,t,s} \\left[ w(t,s) || \\mathbf{f}_{\\theta}(\\mathbf{x}_t,t,s) - ODE_{s' \\to s} [\\mathbf{f}_{\\theta^-}(\\mathbf{x}_t,t,s')] ||_2^2 \\right],$$\n\nwhere  $ODE_{t\\to s}(\\mathbf{x})$  refers to running a 1-step Euler solver on the PF-ODE starting from  $\\mathbf{x}$  at timestep t to timestep s. In the limit as  $\\epsilon \\to 0$ , the gradient of this objective with respect to  $\\theta$  converges to:\n\n$$\\nabla_{\\theta} \\mathbb{E}_{\\mathbf{x}_{t},t,s} \\left[ w'(t,s) \\operatorname{sign}(s-t) \\cdot \\mathbf{f}_{\\theta}^{\\top}(\\mathbf{x}_{t},t,s) \\cdot \\left( \\frac{\\mathrm{d}\\mathbf{f}_{\\theta^{-}}(\\mathbf{x}_{t},t,s)}{\\mathrm{d}s} - \\mathbf{v}_{\\phi}(\\mathbf{f}_{\\theta^{-}}(\\mathbf{x}_{t},t,s),s) \\right) \\right],$$\n\nwhere  $w'(t,s) = w(t,s) \\times |t-s|$ .\n\nIn our 2D toy experiments, comparing the two objectives above, we found the AYF-LMD objective to be more stable. However, when applied to image datasets, it leads to overly smoothened samples that drastically reduce the output quality (see Appendix for detailed ablation studies)."
      },
      {
        "heading": "3.3 Sharpening the Distribution with Autoguidance",
        "text": "The training objective of diffusion- and flow-based models strongly encourages the model to cover the entire data distribution. Yet it lacks enough data to learn how to generate good samples in the tails of the distribution. The issue is even worse in distilled models which use fewer sampling steps. As a result, many prior distillation methods rely on adversarial objectives to achieve peak performance, often sacrificing diversity and ignoring low-probability regions altogether. The most commonly used technique to partially address this in conditional diffusion and flow-based models is classifier-free guidance (CFG) [24]. CFG trains a flow or diffusion model for both conditional and unconditional generation and steers samples away from the unconditional regions during sampling. Prior works [57, 49] have explored distilling CFG with great success. However, CFG struggles with overshooting the conditional distribution at large guidance scales, which leads to overly simplistic samples [40].\n\nRecently, Karras et al. [35] introduced autoguidance as a better alternative for CFG. Unlike CFG, this technique works for unconditional generation as well. Autoguidance uses a smaller, less trained version of the main model for guidance, essentially steering samples away from low-quality sample regions in the probability distribution, where the weaker guidance model performs particularly poorly. We found that distilling autoguided teacher models can significantly improve performance compared to standard CFG. To the best of our knowledge, we are the first to demonstrate the distillation of autoguided teachers. Specifically, during flow map distillation we define the guidance scale  $\\lambda$  and use the autoguided teacher velocity\n\n$$\\mathbf{v}_{\\phi}^{\\text{guided}}(\\mathbf{x}_{t}, t) = \\lambda \\mathbf{v}_{\\phi}(\\mathbf{x}_{t}, t) + (1 - \\lambda) \\mathbf{v}_{\\phi}^{\\text{weak}}(\\mathbf{x}_{t}, t), \\tag{3}$$\n\nwhere  $\\mathbf{v}_{\\phi}^{\\text{weak}}$  represents the weaker guidance model. In summary, we use autoguidance in the teacher as a mechanism to \"sharpen\" the distilled flow map model. See Appendix for a visual comparison between autoguidance and CFG on a 2D toy distribution."
      },
      {
        "heading": "3.4 Training Tricks",
        "text": "Training continuous-time CMs has historically been unstable [69, 18]. Recently, sCM [49] addressed this issue by introducing techniques focused on parameterization, network architectures, and modifications to the training objective. Following their approach, we stabilize time embeddings and apply tangent normalization, while also introducing a few additional techniques to further improve stability.\n\nOur image models are trained with the AYF-EMD objective in Theorem 3.2, which relies on the tangent function  $\\frac{d\\mathbf{f}_{\\theta^{-}}(\\mathbf{x}_{t},t,s)}{dt}$ . Under our parametrization, this tangent function is computed by\n\n\n$$\\frac{\\mathrm{d}\\mathbf{f}_{\\theta^{-}}(\\mathbf{x}_{t}, t, s)}{\\mathrm{d}t} = \\left(\\frac{\\mathrm{d}\\mathbf{x}_{t}}{\\mathrm{d}t} - \\mathbf{F}_{\\theta^{-}}(\\mathbf{x}_{t}, t, s)\\right) + (s - t) \\times \\frac{\\mathrm{d}\\mathbf{F}_{\\theta^{-}}(\\mathbf{x}_{t}, t, s)}{\\mathrm{d}t},\\tag{4}$$\n\nwhere  $\\frac{d\\mathbf{x}_t}{dt} = \\mathbf{v}_{\\phi}(\\mathbf{x}_t,t)$  represents the direction given by the pretrained diffusion or flow model along the PF-ODE. We find that most terms in this formulation are relatively stable, except for  $\\frac{d\\mathbf{F}_{\\theta}(\\mathbf{x}_t,t,s)}{dt} = \\nabla_{\\mathbf{x}_t}\\mathbf{F}_{\\theta}(\\mathbf{x}_t,t,s)\\frac{d\\mathbf{x}_t}{dt} + \\partial_t\\mathbf{F}_{\\theta}(\\mathbf{x}_t,t,s)$ . Among these, the instability originates mainly from  $\\partial_t\\mathbf{F}_{\\theta}(\\mathbf{x}_t,t,s)$ , which can be decomposed into\n\n\n$$\\partial_t \\mathbf{F}_{\\theta}(\\mathbf{x}_t, t, s) = \\frac{\\partial c_{\\text{noise}}(t)}{\\partial t} \\cdot \\frac{\\partial emb(c_{\\text{noise}})}{\\partial c_{\\text{noise}}} \\cdot \\frac{\\partial \\mathbf{F}_{\\theta}}{\\partial emb},$$\n\nwhere  $emb(\\cdot)$  refers to the time embeddings, most commonly in the form of positional embeddings [25, 78] or Fourier embeddings [70, 73]. sCM [49] proposes several techniques to stabilize this term including tangent normalization, adaptive weighting, and tangent warmup.\n\nWe use tangent normalization [49], i.e.  $\\frac{\\mathrm{d}\\mathbf{f}_{\\theta^-}}{\\mathrm{d}t} \\to \\frac{\\mathrm{d}\\mathbf{f}_{\\theta^-}}{\\mathrm{d}t}/(||\\frac{\\mathrm{d}\\mathbf{f}_{\\theta^-}}{\\mathrm{d}t}||+c)$  with c=0.1, as we find it to be critical for stable training. However, in our experiments, adaptive weighting had no meaningful impact and can be removed. We make a few tweaks to the time embeddings and tangent warmup to ensure compatibility with flow matching and better training dynamics which we describe below.\n\n**Stabilizing the Time Embeddings** The time embedding layers are one of the causes for the instability of  $\\partial_t \\mathbf{F}_{\\theta}(\\mathbf{x}_t, t, s)$ . As noted in [49], the  $c_{\\text{noise}}$  parameterization used in most CMs is based on the EDM [34] framework, where the noise level is defined as  $c_{\\text{noise}}(\\sigma) = \\log(\\sigma)$ . In the flow matching framework, which we use, the noise level for a timestep t is given by  $\\sigma_t = \\frac{t}{1-t}$ , which can lead to instabilities when passing through a log operation as  $t \\to 0$  or  $t \\to 1$ . To address this, we modify the\n\ntime parameterization by setting  $c_{\\text{noise}}(t)=t$ , ensuring stable partial derivatives. To utilize pretrained teacher model checkpoints trained with different time parameterizations, we first finetune the student's time embedding module to align with the outputs of the original checkpoints. For example, if we want to adapt EDM2 checkpoints, which use  $\\sigma_t = \\frac{t}{1-t}$ , we minimize the following objective:\n\n$$\\mathbb{E}_{t \\sim p(t)} \\left[ \\left\\| emb_{\\text{new}}(t) - emb_{\\text{original}} \\left( \\log \\left( \\sigma_t \\right) \\right) \\right\\|_2^2 \\right].$$\n\nThis approach enables us to re-purpose nearly any checkpoint, making it compatible with our flow matching framework with minimal finetuning, rather than training new models from scratch.\n\n**Regularized Tangent Warmup** We initialize the student model with pretrained flow matching or diffusion model weights, following prior work to speed up training [49, 71]. Lu and Song [49] proposed a gradual warmup procedure for the second term in Eq. (4), i.e.,  $\\frac{\\mathrm{d}\\mathbf{f}_{\\theta^-}(\\mathbf{x}_t,t,s)}{\\mathrm{d}t}$ . Specifically, they introduced a coefficient r that linearly increases from 0 to 1 over the first 10k training iterations, gradually incorporating the term. This warmup has a clear intuitive motivation. When considering only the first term in Eq. (4) (i.e., the r=0 case), the objective simplifies to a regularization term that encourages flow maps to remain close to straight lines (please see the Appendix for the derivation):\n\n$$\\nabla_{\\theta} \\left[ \\operatorname{sign}(t-s) \\mathbf{f}_{\\theta}^{\\top} (\\mathbf{x}_{t}, t, s) \\times \\left( \\frac{\\mathrm{d}\\mathbf{x}_{t}}{\\mathrm{d}t} - \\mathbf{F}_{\\theta^{-}} (\\mathbf{x}_{t}, t, s) \\right) \\right] \\propto \\nabla_{\\theta} [||\\mathbf{F}_{\\theta} (\\mathbf{x}_{t}, t, s) - \\mathbf{v}_{\\phi} (\\mathbf{x}_{t}, t)||_{2}^{2}]. \\quad (5)$$\n\nTherefore, for r < 1, the warmed-up loss with coefficient r is equivalent to a weighted sum of the actual loss and this regularization term:\n\n$$\\begin{split} & \\nabla_{\\theta} \\left[ \\operatorname{sign}(t-s) \\mathbf{f}_{\\theta}^{\\top}(\\mathbf{x}_{t},t,s) \\left( \\frac{\\mathrm{d}\\mathbf{x}_{t}}{\\mathrm{d}t} - \\mathbf{F}_{\\theta^{-}}(\\mathbf{x}_{t},t,s) + r(s-t) \\frac{\\mathrm{d}\\mathbf{F}_{\\theta^{-}}(\\mathbf{x}_{t},t,s)}{\\mathrm{d}t} \\right) \\right] \\\\ &= r \\nabla_{\\theta} \\left[ \\operatorname{sign}(t-s) \\mathbf{f}_{\\theta}^{\\top}(\\mathbf{x}_{t},t,s) \\frac{\\mathrm{d}\\mathbf{f}_{\\theta^{-}}(\\mathbf{x}_{t},t,s)}{\\mathrm{d}s} \\right] + (1-r) \\nabla_{\\theta} \\left[ |t-s| \\cdot ||\\mathbf{F}_{\\theta}(\\mathbf{x}_{t},t,s) - \\mathbf{v}_{\\phi}(\\mathbf{x}_{t},t)||_{2}^{2} \\right]. \\end{split}$$\n\nIn our experiments, training these models for too long after the warmup phase can cause destabilization. A simple fix is to clamp r to a value smaller than 1, ensuring some regularization remains. We found  $r_{\\rm max}=0.99$  to be effective in all cases.\n\n**Timestep scheduling** As in standard diffusion, flow-based, and consistency models, selecting an effective sampling schedule for (t,s) during training is crucial. Similar to standard consistency models, where information must propagate from t=0 to t=1 over training, flow map models propagate information from small intervals |s-t|=0 to large ones |s-t|=1. For details on our practical implementation of the schedules, as well as a complete training algorithms, please see the Appendix."
      },
      {
        "heading": "4 Related Work",
        "text": "Consistency Models. Flow Map Models generalize the seminal CMs, introduced by Song et al. [71]. Early CMs were challenging to train and several subsequent works improved their stability and performance, using new objectives [69], weighting functions [18] or variance reduction techniques [79], among other tricks. Truncated CMs [42] proposed a second training stage, focusing exclusively on the noisier time interval, and Lu and Song [49] successfully implemented continuous-time CMs for the first time.\n\nFlow Map Models. Consistency Trajectory Models (CTM) [38] can be considered the first flow map-like models. They combine the approach with adversarial training. Trajectory Consistency Distillation [94] extends CTMs to text-to-image generation, and Bidirectional CMs [43] train additionally on timestep pairs with t < s, also accelerating inversion and tasks such as inpainting and blind image restoration. Kim et al. [37] trained CTMs connecting arbitrary distributions. Multistep CMs [22] split the denoising interval into sub-intervals and train CMs within each one, enabling impressive generation quality using 2-8 steps. Phased CMs [80] use a similar interval-splitting strategy combined with an adversarial objective. These methods can be seen as learning flow maps by training on (t, s) pairs, where s is the start of the sub-interval containing t. Flow Map Matching [5] provides a rigorous analysis of the continuous-time flow map formulation and proposes several continuous-time losses. Shortcut models [17] adopt a similar flow map framework, but these two works struggle to produce high-quality images—in contrast to our novel AYF, the first high-performance continuous-time flow map model.\n\n**Accelerating Diffusion Models.** Early diffusion distillation approaches are knowledge distillation [52] and progressive distillation [63, 57]. Other methods include adversarial distillation [67, 66], variational score distillation (VSD) [87, 86], operator learning [93] and further\n\nric is also included.\n\n| Method                                                | NFE (↓)          | FID (↓)              | Recall (†    |\n|-------------------------------------------------------|------------------|----------------------|--------------|\n| Diffusion Models & Fast Samplers                      |                  |                      |              |\n| ADM [11]                                              | 250              | 2.07                 | 0.63         |\n| RIN [29]                                              | 1000             | 1.23                 | -            |\n| DisCo-Diff [83]                                       | 623              | 1.22                 | _            |\n| DPM-Solver [50]                                       | 20               | 3.42                 | _            |\n| EDM (Heun) [34]                                       | 79               | 2.44                 | 0.68         |\n| EDM2 (Heun) [36]                                      | 63               | 1.33                 | 0.68         |\n| EDM2 + Autoguidance [35]                              | 63               | 1.01                 | 0.69         |\n| Adversarial & Joint Training                          |                  |                      |              |\n| BigGAN-deep [7]                                       | 1                | 4.06                 | 0.48         |\n| StyleGAN-XL [65]                                      | 1                | 1.52                 | -            |\n| Diff-Instruct [55]                                    | i                | 5.57                 | _            |\n| DMD [87]                                              | i                | 2.62                 | -            |\n| DMD2 [86]                                             | i                | 1.28                 | _            |\n| SiD [98]                                              | i                | 1.52                 | 0.63         |\n| CTM [38]                                              | i                | 1.92                 | 0.57         |\n| CIM [50]                                              | 2                | 1.73                 | -            |\n| Moment Matching [64]                                  | 1                | 3.00                 |              |\n| Woment Watering [04]                                  | 2                | 3.86                 | -            |\n| GDD-I [92]                                            | 1                | 1.16                 | 0.60         |\n|                                                       | 1                | 1.11                 | 0.62         |\n| SiDA [97]<br>AYF + adv. loss (ours)                   | i                | 1.11                 | 0.62         |\n| ATF + auv. loss (ours)                                | 2                | 1.17                 | 0.65         |\n|                                                       | 4                |                      |              |\n|                                                       | 8                | 1.10<br>1.07         | 0.65<br>0.65 |\n| Diffusion Distillation without Adversarial Objectives | 0                | 1.07                 | 0.05         |\n|                                                       | 1                | 7.02                 | 0.61         |\n| DFNO [93]                                             |                  | 7.83                 | 0.61         |\n| PID [74]                                              | 1                | 8.51                 | -            |\n| TRACT [4]                                             |                  | 7.43                 |              |\n| BOOT [20]                                             | 1                | 16.3                 | 0.36         |\n| PD [63]                                               | 1                | 10.70                | 0.65         |\n| (reimpl. from Heek et al. [22])                       | 2                | 4.70                 |              |\n| EMD [82]                                              | 1                | 2.20                 | 0.59         |\n| CD [71]                                               | 1                | 6.20                 | -            |\n| MultiStep-CD [22]                                     | 2                | 1.90                 | -            |\n| sCD [49]                                              | 1                | 2.44                 | 0.66*        |\n|                                                       | 2                | 1.66                 | 0.66*        |\n| AYF (ours)                                            | 1                | 2.98                 | 0.65         |\n|                                                       | 2                | 1.25                 | 0.66         |\n|                                                       | 4                | 1.15                 | 0.66         |\n|                                                       | 8                | 1.12                 | 0.66         |\n| Consistency Training                                  |                  |                      |              |\n| iCT [69]                                              | 1                | 4.02                 | 0.63         |\n|                                                       | 1                | 3.25                 | 0.63         |\n|                                                       |                  |                      |              |\n| iCT-deep [69]                                         | i                | 2.77                 | -            |\n| iCT-deep [69]<br>ECT [18]                             |                  | 2.77<br>2.04         | -            |\n| iCT-deep [69]<br>ECT [18]                             | 1                |                      |              |\n| iCT-deep [69]<br>ECT [18]<br>sCT [49]                 | 1<br>1<br>2      | 2.04<br>1.48         | -            |\n| iCT-deep [69]<br>ECT [18]<br>sCT [49]                 | 1<br>1<br>2<br>1 | 2.04<br>1.48<br>2.88 | -            |\n| iCT-deep [69]<br>ECT [18]                             | 1<br>1<br>2      | 2.04<br>1.48         | -            |\n\nSample quality on class- Table 2: Sample quality on class-conditional ImageNet conditional ImageNet 64x64. Recall met- 512x512. For additional baselines, which AYS all outnerforms inlease see the Annendix\n\n| Method                           | NFE (↓) | FID (↓) | #Params | Gflops | Time (s) |\n|----------------------------------|---------|---------|---------|--------|----------|\n| Teacher Diffusion Model          |         |         |         |        |          |\n| EDM2-S [36]                      | 63×2    | 2.23    | 280M    | 12852  | 8.31     |\n| EDM2-XXL [36]                    | 63×2    | 1.81    | 1.5B    | 69552  | 31.50    |\n| EDM2-S + Autoguid. [35]          | 63×2    | 1.34    | 280M    | 12852  | 8.31     |\n| EDM2-XXL + Autoguid. [35]        | 63×2    | 1.25    | 1.5B    | 69552  | 31.50    |\n| Adversarial & Joint Training     |         |         |         |        |          |\n| SiDA-S [97] (best adv. baseline) | 1       | 1.69    | 280M    | 102    | 0.06     |\n| AYF-S + adv. loss (ours)         | 1       | 1.92    | 280M    | 102    | 0.06     |\n|                                  | 2       | 1.81    | 280M    | 204    | 0.12     |\n|                                  | 4       | 1.64    | 280M    | 408    | 0.24     |\n| Consistency Distillation         |         |         |         |        |          |\n| sCD-S [49]                       | 1       | 3.07    | 280M    | 102    | 0.06     |\n|                                  | 2       | 2.50    | 280M    | 204    | 0.13     |\n| sCD-M [49]                       | 1       | 2.75    | 498M    | 181    | 0.10     |\n|                                  | 2       | 2.26    | 498M    | 362    | 0.20     |\n| sCD-L [49]                       | 1       | 2.55    | 778M    | 282    | 0.14     |\n|                                  | 2       | 2.04    | 778M    | 564    | 0.28     |\n| sCD-XL [49]                      | 1       | 2.40    | 1.1B    | 406    | 0.19     |\n|                                  | 2       | 1.93    | 1.1B    | 812    | 0.38     |\n| sCD-XXL [49]                     | 1       | 2.28    | 1.5B    | 552    | 0.25     |\n|                                  | 2       | 1.88    | 1.5B    | 1104   | 0.50     |\n| AYF-S (ours)                     | 1       | 3.32    | 280M    | 102    | 0.06     |\n|                                  | 2       | 1.87    | 280M    | 204    | 0.12     |\n|                                  | 4       | 1.70    | 280M    | 408    | 0.24     |\n| Consistency Training             |         |         |         |        |          |\n| sCT-S [49]                       | 1       | 10.13   | 280M    | 102    | 0.06     |\n|                                  | 2       | 9.86    | 280M    | 204    | 0.13     |\n| sCT-M [49]                       | 1       | 5.84    | 498M    | 181    | 0.10     |\n|                                  | 2       | 5.53    | 498M    | 362    | 0.20     |\n| sCT-L [49]                       | 1       | 5.15    | 778M    | 282    | 0.14     |\n| - *                              | 2       | 4.65    | 778M    | 564    | 0.28     |\n| sCT-XL [49]                      | 1       | 4.33    | 1.1B    | 406    | 0.19     |\n|                                  | 2       | 3.73    | 1.1B    | 812    | 0.38     |\n| sCT-XXL [49]                     | 1       | 4.29    | 1.5B    | 552    | 0.25     |\n|                                  | 2       | 3.76    | 1.5B    | 1104   | 0.50     |\n\ntechniques [55, 20, 4, 74, 85, 48, 82, 46, 98, 96], many of them relying on adversarial losses, too. However, although popular, adversarial methods introduce training complexities due to their GAN-like objectives. VSD exhibits similar properties and does not work well at high guidance levels. Moreover, these methods can produce samples with limited diversity. For these reasons we avoid such objectives and instead rely on autoguidance to achieve crisp high-quality outputs. Finally, many training-free methods efficiently solve diffusion models' generative differential equations [50, 51, 32, 34, 12, 89, 61], but they are unable to perform well when using <10 generation steps."
      },
      {
        "heading": "5 **Experiments**",
        "text": "We train AYF flow maps on ImageNet [10] at resolutions  $64 \\times 64$  and  $512 \\times 512$ , measuring sample quality using Fréchet Inception Distance (FID) [23], as previous works. We also use our AYF framework to distill FLUX.1 [dev] [41], the best text-to-image diffusion model, using an efficient LoRA [27] framework and reduce sampling steps to just 4. Experiment details explained in the Appendix.\n\nImageNet Flow Maps. We adopt the EDM2 [36] framework, using their small \"S\" models, and modify network parametrization and time embedding layer as detailed in Sec. 3. Pretrained checkpoints available online are used both as teacher network and as flow map initialization. We incorporate autoguidance into the flow map model by introducing an additional input,  $\\lambda$ , corresponding to the guidance scale [49, 57]. During training,  $\\lambda$  is uniformly sampled from [1,3] and\n\n![](_page_7_Figure_8.jpeg)\n\nFigure 6: FID  $\\downarrow$  as function of wall clock time.\n\napplied to the teacher model via autoguidance. At inference, we leverage the  $\\gamma$ -sampling algorithm from [38] for stochastic multistep sampling of flow map models. Results are reported using the optimal  $\\gamma$  and  $\\lambda$  values. For ImageNet  $512 \\times 512$ , the teacher and distilled models are in latent space [60].\n\nIn Tab. 1 we show ImageNet  $64 \\times 64$  results, reporting FID and recall scores along with number of neural function evaluations (NFE). Our flow maps achieve the best sample quality among all\n\nnon-adversarial few-step methods, given only 2 sampling steps by sacrificing optimal 1-step quality. This is because learning a flow map is a more challenging task compared to only a consistency model. In Tab. [2](#page-7-0) we compare AYF against the state-of-the-art consistency model sCD/sCT [\\[49\\]](#page-11-3) on ImageNet 512 × 512, also reporting total wall sampling clock time, Gflops, and #parameters. We show that although our small-sized model achieves slightly worse one step sample quality, it is on par with the best sCD model at only two steps while using only 18% of the larger models' compute. Increasing the sampling steps to four improves the quality even further while still being over twice as fast as the large 1-step sCM model (wallclock time). We further analyze the performance vs. sampling speed trade-off in Fig. [6,](#page-7-1) showing that AYF is much more efficient than sCD/sCT (also see Appendix for additional comparison). Autoguidance allows AYF to use a small network and still achieve strong performance and the efficient network results in 2-step or 4-step synthesis still being lightning fast.\n\nAdversarial finetuning of AYF. Given a pretrained AYF flow map model, we found that a short finetuning stage using a combination of the EMD objective and an adversarial loss can significantly boost the performance across the board, especially for 1-step generation, with a minimal impact to sample diversity as measured by recall scores. Using this approach, we achieve state-of-the-art performance on few-step generation on ImageNet64 (see Tab. [1\\)](#page-7-0). For implementation details, please see Appendix. Additional GAN and diffusion model baselines on ImageNet 512 × 512 can be found in the Appendix; AYF outperforms all of them.\n\nText-to-Image Flow Maps. We apply AYF to distill the open-source text-to-image model FLUX.1 [dev] [\\[41\\]](#page-11-7) into a few-step generator, finetuning a FLUX.1 base model into a flow map model using LoRA [\\[27\\]](#page-10-4) with the objective in Theorem [3.2](#page-4-0) for 10,000 steps. This distillation process took approx. four hours on 8 NVIDIA A100 GPUs, which is highly efficient, in contrast to several previous large-scale text-to-image distillation methods.\n\nSamples from the model are shown in Fig. [1.](#page-0-0) We compare to LCM [\\[53,](#page-11-16) [54\\]](#page-12-9) and TCD [\\[94\\]](#page-14-1), two consistency-distilled LoRAs trained on top of SDXL [\\[59\\]](#page-12-15) without adversarial objectives. To evaluate quality we ran a user study. The results (Fig. [7\\)](#page-8-0) show a clear preference for our method. We also provide qualitative comparisons in Fig. [3.](#page-2-1) Compared to LCM and TCD, our images are more aesthetically pleasing with finer details. We also included FLUX.1 [schnell] [\\[41\\]](#page-11-7), a commercially distilled model trained with Latent Adversarial Diffusion Distillation [\\[66\\]](#page-12-8). Our method achieves comparable image quality to the [schnell] model, while requiring only four sampling steps and 32 GPU hours without the use of adversarial losses. In conclusion, AYF achieves state-of-the-art fewstep text-to-image generation performance among non-adversarial methods. Detailed ablation studies on different components of\n\n![](_page_8_Figure_4.jpeg)\n\nFigure 7: User preferences comparing LoRA-based consistency and flow map models (4-step samples). LCM and TCD use SDXL and AYF uses FLUX.1 [dev] as base model, respectively.\n\nAYF (EMD vs. LMD; autoguidance vs. CFG, AYF vs. Shortcut) are presented in the Appendix. Additional qualitative examples of images generated by AYF are shown in the Appendix, too."
      },
      {
        "heading": "6 Conclusions",
        "text": "We have presented Align Your Flow (AYF), a novel continuous-time distillation method for training flow maps, which generalizes flow-matching and consistency-based models. Importantly, flow maps remain effective generators across all denoising step counts, unlike standard consistency models; a fact we prove analytically for the first time.\n\nIn addition, we use autoguidance to enhance the quality of the teacher model, resulting in an improved distilled student, and an additional boost can be achieved by adversarial finetuning, with minimal impact in sample diversity. We achieve state-of-the-art performance among non-adversarial distillation methods on both ImageNet64 and ImageNet512 generation. Since AYF requires only relatively small neural networks, which further reduces the computational burden and boosts sampling efficiency, even 2-step or 4-step sampling from AYF is as fast or faster than previous single-step generators. We also distill FLUX.1 using an efficient LoRA framework, resulting in state-of-the-art text-to-image generation performance among non-adversarial distillation approaches. Future work could explore applying AYF to video model distillation or in other domains, for instance in drug discovery for efficient molecule or protein modeling."
      }
    ],
    "references": [
      {
        "title": "Albergo, Nicholas M",
        "author": [
          "Michael S"
        ],
        "venue": "Boffi, and Eric Vanden-Eijnden. Stochastic interpolants: A unifying framework for flows and diffusions. arXiv preprint arXiv:2303.08797",
        "citeRegEx": "S et al\\\\.,? 2023",
        "shortCiteRegEx": "S et al\\\\.",
        "year": 2023
      },
      {
        "title": "Building normalizing flows with stochastic interpolants",
        "author": [
          "Michael Samuel Albergo",
          "Eric Vanden-Eijnden"
        ],
        "venue": "In The Eleventh International Conference on Learning Representations (ICLR)",
        "citeRegEx": "Albergo et al\\\\.,? 2023",
        "shortCiteRegEx": "Albergo et al\\\\.",
        "year": 2023
      },
      {
        "title": "All are worth words: A vit backbone for diffusion models",
        "author": [
          "Fan Bao",
          "Shen Nie",
          "Kaiwen Xue",
          "Yue Cao",
          "Chongxuan Li",
          "Hang Su",
          "Jun Zhu"
        ],
        "venue": "In Proceedings of the IEEE/CVF conference on computer vision and pattern recognition, pages 22669–22679",
        "citeRegEx": "Bao et al\\\\.,? 2023",
        "shortCiteRegEx": "Bao et al\\\\.",
        "year": 2023
      },
      {
        "title": "Tract: Denoising diffusion models with transitive closure time-distillation",
        "author": [
          "David Berthelot",
          "Arnaud Autef",
          "Jierui Lin",
          "Dian Ang Yap",
          "Shuangfei Zhai",
          "Siyuan Hu",
          "Daniel Zheng",
          "Walter Talbott",
          "Eric Gu"
        ],
        "venue": "arXiv preprint arXiv:2303.04248",
        "citeRegEx": "Berthelot et al\\\\.,? 2023",
        "shortCiteRegEx": "Berthelot et al\\\\.",
        "year": 2023
      },
      {
        "title": "Flow map matching",
        "author": [
          "Nicholas M Boffi",
          "Michael S Albergo",
          "Eric Vanden-Eijnden"
        ],
        "venue": "arXiv preprint arXiv:2406.07507",
        "citeRegEx": "Boffi et al\\\\.,? 2024",
        "shortCiteRegEx": "Boffi et al\\\\.",
        "year": 2024
      },
      {
        "title": "How to build a consistency model: Learning flow maps via self-distillation",
        "author": [
          "Nicholas M Boffi",
          "Michael S Albergo",
          "Eric Vanden-Eijnden"
        ],
        "venue": "arXiv preprint arXiv:2505.18825",
        "citeRegEx": "Boffi et al\\\\.,? 2025",
        "shortCiteRegEx": "Boffi et al\\\\.",
        "year": 2025
      },
      {
        "title": "Large scale gan training for high fidelity natural image synthesis, 2019",
        "author": [
          "Andrew Brock",
          "Jeff Donahue",
          "Karen Simonyan"
        ],
        "venue": "",
        "citeRegEx": "Brock et al\\\\.,? 2019",
        "shortCiteRegEx": "Brock et al\\\\.",
        "year": 2019
      },
      {
        "title": "Video generation models as world simulators",
        "author": [
          "Tim Brooks",
          "Bill Peebles",
          "Connor Homes",
          "Will DePue",
          "Yufei Guo",
          "Li Jing",
          "David Schnurr",
          "Joe Taylor",
          "Troy Luhman",
          "Eric Luhman",
          "Clarence Wing Yin Ng",
          "Ricky Wang",
          "Aditya Ramesh"
        ],
        "venue": "",
        "citeRegEx": "Brooks et al\\\\.,? 2024",
        "shortCiteRegEx": "Brooks et al\\\\.",
        "year": 2024
      },
      {
        "title": "Maskgit: Masked generative image transformer",
        "author": [
          "Huiwen Chang",
          "Han Zhang",
          "Lu Jiang",
          "Ce Liu",
          "William T Freeman"
        ],
        "venue": "In Proceedings of the IEEE/CVF Conference on Computer Vision and Pattern Recognition, pages 11315–11325",
        "citeRegEx": "Chang et al\\\\.,? 2022",
        "shortCiteRegEx": "Chang et al\\\\.",
        "year": 2022
      },
      {
        "title": "Imagenet: A largescale hierarchical image database",
        "author": [
          "Jia Deng",
          "Wei Dong",
          "Richard Socher",
          "Li-Jia Li",
          "Kai Li",
          "Li Fei-Fei"
        ],
        "venue": "In",
        "citeRegEx": "Deng et al\\\\.,? 2009",
        "shortCiteRegEx": "Deng et al\\\\.",
        "year": 2009
      },
      {
        "title": "Diffusion Models Beat GANs on Image Synthesis",
        "author": [
          "Prafulla Dhariwal",
          "Alexander Quinn Nichol"
        ],
        "venue": "In Advances in Neural Information Processing Systems",
        "citeRegEx": "Dhariwal et al\\\\.,? 2021",
        "shortCiteRegEx": "Dhariwal et al\\\\.",
        "year": 2021
      },
      {
        "title": "GENIE: Higher-Order Denoising Diffusion Solvers",
        "author": [
          "Tim Dockhorn",
          "Arash Vahdat",
          "Karsten Kreis"
        ],
        "venue": "In Advances in Neural Information Processing Systems (NeurIPS)",
        "citeRegEx": "Dockhorn et al\\\\.,? 2022",
        "shortCiteRegEx": "Dockhorn et al\\\\.",
        "year": 2022
      },
      {
        "title": "Taming transformers for high-resolution image synthesis",
        "author": [
          "Patrick Esser",
          "Robin Rombach",
          "Bjorn Ommer"
        ],
        "venue": "In Proceedings of the IEEE/CVF conference on computer vision and pattern recognition, pages 12873–12883",
        "citeRegEx": "Esser et al\\\\.,? 2021",
        "shortCiteRegEx": "Esser et al\\\\.",
        "year": 2021
      },
      {
        "title": "Scaling rectified flow transformers for high-resolution image synthesis",
        "author": [
          "Patrick Esser",
          "Sumith Kulal",
          "Andreas Blattmann",
          "Rahim Entezari",
          "Jonas Müller",
          "Harry Saini",
          "Yam Levi",
          "Dominik Lorenz",
          "Axel Sauer",
          "Frederic Boesel",
          "Dustin Podell",
          "Tim Dockhorn",
          "Zion English",
          "Kyle Lacey",
          "Alex Goodwin",
          "Yannik Marek",
          "Robin Rombach"
        ],
        "venue": "In International Conference on Machine Learning (ICML)",
        "citeRegEx": "Esser et al\\\\.,? 2024",
        "shortCiteRegEx": "Esser et al\\\\.",
        "year": 2024
      },
      {
        "title": "Scalable diffusion models with state space backbone",
        "author": [
          "Zhengcong Fei",
          "Mingyuan Fan",
          "Changqian Yu",
          "Junshi Huang"
        ],
        "venue": "arXiv preprint arXiv:2402.05608",
        "citeRegEx": "Fei et al\\\\.,? 2024",
        "shortCiteRegEx": "Fei et al\\\\.",
        "year": 2024
      },
      {
        "title": "Diffusion-rwkv: Scaling rwkv-like architectures for diffusion models",
        "author": [
          "Zhengcong Fei",
          "Mingyuan Fan",
          "Changqian Yu",
          "Debang Li",
          "Junshi Huang"
        ],
        "venue": "arXiv preprint arXiv:2404.04478",
        "citeRegEx": "Fei et al\\\\.,? 2024",
        "shortCiteRegEx": "Fei et al\\\\.",
        "year": 2024
      },
      {
        "title": "One step diffusion via shortcut models",
        "author": [
          "Kevin Frans",
          "Danijar Hafner",
          "Sergey Levine",
          "Pieter Abbeel"
        ],
        "venue": "ArXiv, abs/2410.12557",
        "citeRegEx": "Frans et al\\\\.,? 2024",
        "shortCiteRegEx": "Frans et al\\\\.",
        "year": 2024
      },
      {
        "title": "Consistency models made easy",
        "author": [
          "Zhengyang Geng",
          "Ashwini Pokle",
          "William Luo",
          "Justin Lin",
          "J Zico Kolter"
        ],
        "venue": "arXiv preprint arXiv:2406.14548",
        "citeRegEx": "Geng et al\\\\.,? 2024",
        "shortCiteRegEx": "Geng et al\\\\.",
        "year": 2024
      },
      {
        "title": "Mean flows for one-step generative modeling",
        "author": [
          "Zhengyang Geng",
          "Mingyang Deng",
          "Xingjian Bai",
          "J Zico Kolter",
          "Kaiming He"
        ],
        "venue": "arXiv preprint arXiv:2505.13447",
        "citeRegEx": "Geng et al\\\\.,? 2025",
        "shortCiteRegEx": "Geng et al\\\\.",
        "year": 2025
      },
      {
        "title": "Boot: Data-free distillation of denoising diffusion models with bootstrapping",
        "author": [
          "Jiatao Gu",
          "Shuangfei Zhai",
          "Yizhe Zhang",
          "Lingjie Liu",
          "Joshua M Susskind"
        ],
        "venue": "In ICML",
        "citeRegEx": "Gu et al\\\\.,? 2023",
        "shortCiteRegEx": "Gu et al\\\\.",
        "year": 2023
      },
      {
        "title": "Diffit: Diffusion vision transformers for image generation",
        "author": [
          "Ali Hatamizadeh",
          "Jiaming Song",
          "Guilin Liu",
          "Jan Kautz",
          "Arash Vahdat"
        ],
        "venue": "In European Conference on Computer Vision, pages 37–55. Springer",
        "citeRegEx": "Hatamizadeh et al\\\\.,? 2024",
        "shortCiteRegEx": "Hatamizadeh et al\\\\.",
        "year": 2024
      },
      {
        "title": "Multistep consistency models",
        "author": [
          "Jonathan Heek",
          "Emiel Hoogeboom",
          "Tim Salimans"
        ],
        "venue": "arXiv preprint arXiv:2403.06807",
        "citeRegEx": "Heek et al\\\\.,? 2024",
        "shortCiteRegEx": "Heek et al\\\\.",
        "year": 2024
      },
      {
        "title": "Gans trained by a two time-scale update rule converge to a local nash equilibrium",
        "author": [
          "Martin Heusel",
          "Hubert Ramsauer",
          "Thomas Unterthiner",
          "Bernhard Nessler",
          "Sepp Hochreiter"
        ],
        "venue": "In I. Guyon, U. Von Luxburg, S. Bengio, H. Wallach, R. Fergus, S. Vishwanathan, and R. Garnett, editors, Advances in Neural Information Processing Systems, volume 30. Curran Associates, Inc.",
        "citeRegEx": "Heusel et al\\\\.,? 2017",
        "shortCiteRegEx": "Heusel et al\\\\.",
        "year": 2017
      },
      {
        "title": "Classifier-free diffusion guidance",
        "author": [
          "Jonathan Ho",
          "Tim Salimans"
        ],
        "venue": "arXiv preprint arXiv:2207.12598",
        "citeRegEx": "Ho et al\\\\.,? 2022",
        "shortCiteRegEx": "Ho et al\\\\.",
        "year": 2022
      },
      {
        "title": "Denoising diffusion probabilistic models",
        "author": [
          "Jonathan Ho",
          "Ajay Jain",
          "Pieter Abbeel"
        ],
        "venue": "In Advances in Neural Information Processing Systems (NeurIPS)",
        "citeRegEx": "Ho et al\\\\.,? 2020",
        "shortCiteRegEx": "Ho et al\\\\.",
        "year": 2020
      },
      {
        "title": "simple diffusion: End-to-end diffusion for high resolution images",
        "author": [
          "Emiel Hoogeboom",
          "Jonathan Heek",
          "Tim Salimans"
        ],
        "venue": "In International Conference on Machine Learning, pages 13213– 13232. PMLR",
        "citeRegEx": "Hoogeboom et al\\\\.,? 2023",
        "shortCiteRegEx": "Hoogeboom et al\\\\.",
        "year": 2023
      },
      {
        "title": "Edward Hu, Yelong Shen, Phillip Wallis, Zeyuan Allen-Zhu, Yuanzhi Li, Shean Wang, and Weizhu Chen",
        "author": [
          "J"
        ],
        "venue": "LoRA: Low-rank adaptation of large language models. In International Conference on Learning Representations (ICLR)",
        "citeRegEx": "J et al\\\\.,? 2022",
        "shortCiteRegEx": "J et al\\\\.",
        "year": 2022
      },
      {
        "title": "The gan is dead; long live the gan! a modern gan baseline",
        "author": [
          "Nick Huang",
          "Aaron Gokaslan",
          "Volodymyr Kuleshov",
          "James Tompkin"
        ],
        "venue": "Advances in Neural Information Processing Systems, 37:44177–44215",
        "citeRegEx": "Huang et al\\\\.,? 2024",
        "shortCiteRegEx": "Huang et al\\\\.",
        "year": 2024
      },
      {
        "title": "Jabri, David J",
        "author": [
          "A"
        ],
        "venue": "Fleet, and Ting Chen. Scalable adaptive computation for iterative generation. In International Conference on Machine Learning",
        "citeRegEx": "A et al\\\\.,? 2022",
        "shortCiteRegEx": "A et al\\\\.",
        "year": 2022
      },
      {
        "title": "Text-to-image-2m, 2025",
        "author": [
          "Jackyhate"
        ],
        "venue": "[https://huggingface.co/datasets/jackyhate/](https://huggingface.co/datasets/jackyhate/text-to-image-2M) [text-to-image-2M](https://huggingface.co/datasets/jackyhate/text-to-image-2M).",
        "citeRegEx": "Jackyhate et al\\\\.,? 2025",
        "shortCiteRegEx": "Jackyhate et al\\\\.",
        "year": 2025
      },
      {
        "title": "The relativistic discriminator: a key element missing from standard gan",
        "author": [
          "Alexia Jolicoeur-Martineau"
        ],
        "venue": "arXiv preprint arXiv:1807.00734",
        "citeRegEx": "Jolicoeur-Martineau et al\\\\.,? 2018",
        "shortCiteRegEx": "Jolicoeur-Martineau et al\\\\.",
        "year": 2018
      },
      {
        "title": "Gotta go fast when generating data with score-based models",
        "author": [
          "Alexia Jolicoeur-Martineau",
          "Ke Li",
          "Rémi Piché-Taillefer",
          "Tal Kachman",
          "Ioannis Mitliagkas"
        ],
        "venue": "arXiv preprint arXiv:2105.14080",
        "citeRegEx": "Jolicoeur-Martineau et al\\\\.,? 2021",
        "shortCiteRegEx": "Jolicoeur-Martineau et al\\\\.",
        "year": 2021
      },
      {
        "title": "Analyzing and improving the image quality of stylegan",
        "author": [
          "Tero Karras",
          "Samuli Laine",
          "Miika Aittala",
          "Janne Hellsten",
          "Jaakko Lehtinen",
          "Timo Aila"
        ],
        "venue": "In Proceedings of the IEEE/CVF conference on computer vision and pattern recognition, pages 8110–8119",
        "citeRegEx": "Karras et al\\\\.,? 2020",
        "shortCiteRegEx": "Karras et al\\\\.",
        "year": 2020
      },
      {
        "title": "Elucidating the design space of diffusion-based generative models",
        "author": [
          "Tero Karras",
          "Miika Aittala",
          "Timo Aila",
          "Samuli Laine"
        ],
        "venue": "Advances in neural information processing systems, 35: 26565–26577",
        "citeRegEx": "Karras et al\\\\.,? 2022",
        "shortCiteRegEx": "Karras et al\\\\.",
        "year": 2022
      },
      {
        "title": "Guiding a diffusion model with a bad version of itself",
        "author": [
          "Tero Karras",
          "Miika Aittala",
          "Tuomas Kynkäänniemi",
          "Jaakko Lehtinen",
          "Timo Aila",
          "Samuli Laine"
        ],
        "venue": "arXiv preprint arXiv:2406.02507",
        "citeRegEx": "Karras et al\\\\.,? 2024",
        "shortCiteRegEx": "Karras et al\\\\.",
        "year": 2024
      },
      {
        "title": "Analyzing and improving the training dynamics of diffusion models",
        "author": [
          "Tero Karras",
          "Miika Aittala",
          "Jaakko Lehtinen",
          "Janne Hellsten",
          "Timo Aila",
          "Samuli Laine"
        ],
        "venue": "In Proceedings of the IEEE/CVF Conference on Computer Vision and Pattern Recognition, pages 24174–24184",
        "citeRegEx": "Karras et al\\\\.,? 2024",
        "shortCiteRegEx": "Karras et al\\\\.",
        "year": 2024
      },
      {
        "title": "Generalized consistency trajectory models for image manipulation",
        "author": [
          "Beomsu Kim",
          "Jaemin Kim",
          "Jeongsol Kim",
          "Jong Chul Ye"
        ],
        "venue": "arXiv preprint arXiv:2403.12510",
        "citeRegEx": "Kim et al\\\\.,? 2024",
        "shortCiteRegEx": "Kim et al\\\\.",
        "year": 2024
      },
      {
        "title": "Consistency trajectory models: Learning probability flow ode trajectory of diffusion",
        "author": [
          "Dongjun Kim",
          "Chieh-Hsin Lai",
          "Wei-Hsiang Liao",
          "Naoki Murata",
          "Yuhta Takida",
          "Toshimitsu Uesaka",
          "Yutong He",
          "Yuki Mitsufuji",
          "Stefano Ermon"
        ],
        "venue": "ArXiv, abs/2310.02279",
        "citeRegEx": "Kim et al\\\\.,? 2023",
        "shortCiteRegEx": "Kim et al\\\\.",
        "year": 2023
      },
      {
        "title": "Understanding diffusion objectives as the ELBO with simple data augmentation",
        "author": [
          "Diederik P Kingma",
          "Ruiqi Gao"
        ],
        "venue": "In Thirty-seventh Conference on Neural Information Processing Systems (NeurIPS)",
        "citeRegEx": "Kingma et al\\\\.,? 2023",
        "shortCiteRegEx": "Kingma et al\\\\.",
        "year": 2023
      },
      {
        "title": "Applying guidance in a limited interval improves sample and distribution quality in diffusion models",
        "author": [
          "Tuomas Kynkäänniemi",
          "Miika Aittala",
          "Tero Karras",
          "Samuli Laine",
          "Timo Aila",
          "Jaakko Lehtinen"
        ],
        "venue": "arXiv preprint arXiv:2404.07724",
        "citeRegEx": "Kynkäänniemi et al\\\\.,? 2024",
        "shortCiteRegEx": "Kynkäänniemi et al\\\\.",
        "year": 2024
      },
      {
        "title": "Flux",
        "author": [
          "Black Forest Labs"
        ],
        "venue": "",
        "citeRegEx": "Labs et al\\\\.,? 2023",
        "shortCiteRegEx": "Labs et al\\\\.",
        "year": 2023
      },
      {
        "title": "Truncated consistency models",
        "author": [
          "Sangyun Lee",
          "Yilun Xu",
          "Tomas Geffner",
          "Giulia Fanti",
          "Karsten Kreis",
          "Arash Vahdat",
          "Weili Nie"
        ],
        "venue": "arXiv preprint arXiv:2410.14895",
        "citeRegEx": "Lee et al\\\\.,? 2024",
        "shortCiteRegEx": "Lee et al\\\\.",
        "year": 2024
      },
      {
        "title": "Bidirectional consistency models",
        "author": [
          "Liangchen Li",
          "Jiajun He"
        ],
        "venue": "arXiv preprint arXiv:2403.18035",
        "citeRegEx": "Li et al\\\\.,? 2024",
        "shortCiteRegEx": "Li et al\\\\.",
        "year": 2024
      },
      {
        "title": "Autoregressive image generation without vector quantization",
        "author": [
          "Tianhong Li",
          "Yonglong Tian",
          "He Li",
          "Mingyang Deng",
          "Kaiming He"
        ],
        "venue": "arXiv preprint arXiv:2406.11838",
        "citeRegEx": "Li et al\\\\.,? 2024",
        "shortCiteRegEx": "Li et al\\\\.",
        "year": 2024
      },
      {
        "title": "Flow matching for generative modeling",
        "author": [
          "Yaron Lipman",
          "Ricky TQ Chen",
          "Heli Ben-Hamu",
          "Maximilian Nickel",
          "Matt Le"
        ],
        "venue": "arXiv preprint arXiv:2210.02747",
        "citeRegEx": "Lipman et al\\\\.,? 2022",
        "shortCiteRegEx": "Lipman et al\\\\.",
        "year": 2022
      },
      {
        "title": "Scott: Accelerating diffusion models with stochastic consistency distillation",
        "author": [
          "Hongjian Liu",
          "Qingsong Xie",
          "Zhijie Deng",
          "Chen Chen",
          "Shixiang Tang",
          "Fueyang Fu",
          "Zheng jun Zha",
          "Haonan Lu"
        ],
        "venue": "arXiv preprint arXiv:2403.01505",
        "citeRegEx": "Liu et al\\\\.,? 2024",
        "shortCiteRegEx": "Liu et al\\\\.",
        "year": 2024
      },
      {
        "title": "Alleviating distortion in image generation via multi-resolution diffusion models",
        "author": [
          "Qihao Liu",
          "Zhanpeng Zeng",
          "Ju He",
          "Qihang Yu",
          "Xiaohui Shen",
          "Liang-Chieh Chen"
        ],
        "venue": "arXiv preprint arXiv:2406.09416",
        "citeRegEx": "Liu et al\\\\.,? 2024",
        "shortCiteRegEx": "Liu et al\\\\.",
        "year": 2024
      },
      {
        "title": "Flow straight and fast: Learning to generate and transfer data with rectified flow",
        "author": [
          "Xingchao Liu",
          "Chengyue Gong",
          "qiang liu"
        ],
        "venue": "In The Eleventh International Conference on Learning Representations (ICLR)",
        "citeRegEx": "Liu et al\\\\.,? 2023",
        "shortCiteRegEx": "Liu et al\\\\.",
        "year": 2023
      },
      {
        "title": "Simplifying, stabilizing and scaling continuous-time consistency models",
        "author": [
          "Cheng Lu",
          "Yang Song"
        ],
        "venue": "arXiv preprint arXiv:2410.11081",
        "citeRegEx": "Lu et al\\\\.,? 2024",
        "shortCiteRegEx": "Lu et al\\\\.",
        "year": 2024
      },
      {
        "title": "Dpm-solver: A fast ode solver for diffusion probabilistic model sampling in around 10 steps",
        "author": [
          "Cheng Lu",
          "Yuhao Zhou",
          "Fan Bao",
          "Jianfei Chen",
          "Chongxuan Li",
          "Jun Zhu"
        ],
        "venue": "Advances in Neural Information Processing Systems, 35:5775–5787",
        "citeRegEx": "Lu et al\\\\.,? 2022",
        "shortCiteRegEx": "Lu et al\\\\.",
        "year": 2022
      },
      {
        "title": "Dpmsolver++: Fast solver for guided sampling of diffusion probabilistic models",
        "author": [
          "Cheng Lu",
          "Yuhao Zhou",
          "Fan Bao",
          "Jianfei Chen",
          "Chongxuan Li",
          "Jun Zhu"
        ],
        "venue": "arXiv preprint arXiv:2211.01095",
        "citeRegEx": "Lu et al\\\\.,? 2022",
        "shortCiteRegEx": "Lu et al\\\\.",
        "year": 2022
      },
      {
        "title": "Knowledge distillation in iterative generative models for improved sampling speed",
        "author": [
          "Eric Luhman",
          "Troy Luhman"
        ],
        "venue": "arXiv preprint arXiv:2101.02388",
        "citeRegEx": "Luhman et al\\\\.,? 2021",
        "shortCiteRegEx": "Luhman et al\\\\.",
        "year": 2021
      },
      {
        "title": "Latent consistency models: Synthesizing high-resolution images with few-step inference",
        "author": [
          "Simian Luo",
          "Yiqin Tan",
          "Longbo Huang",
          "Jian Li",
          "Hang Zhao"
        ],
        "venue": "ArXiv, abs/2310.04378",
        "citeRegEx": "Luo et al\\\\.,? 2023",
        "shortCiteRegEx": "Luo et al\\\\.",
        "year": 2023
      },
      {
        "title": "Lcm-lora: A universal stable-diffusion acceleration module",
        "author": [
          "Simian Luo",
          "Yiqin Tan",
          "Suraj Patil",
          "Daniel Gu",
          "Patrick von Platen",
          "Apolin'ario Passos",
          "Longbo Huang",
          "Jian Li",
          "Hang Zhao"
        ],
        "venue": "ArXiv, abs/2311.05556",
        "citeRegEx": "Luo et al\\\\.,? 2023",
        "shortCiteRegEx": "Luo et al\\\\.",
        "year": 2023
      },
      {
        "title": "Diffinstruct: A universal approach for transferring knowledge from pre-trained diffusion models",
        "author": [
          "Weijian Luo",
          "Tianyang Hu",
          "Shifeng Zhang",
          "Jiacheng Sun",
          "Zhenguo Li",
          "Zhihua Zhang"
        ],
        "venue": "In Thirty-seventh Conference on Neural Information Processing Systems",
        "citeRegEx": "Luo et al\\\\.,? 2023",
        "shortCiteRegEx": "Luo et al\\\\.",
        "year": 2023
      },
      {
        "title": "Sit: Exploring flow and diffusion-based generative models with scalable interpolant transformers",
        "author": [
          "Nanye Ma",
          "Mark Goldstein",
          "Michael S Albergo",
          "Nicholas M Boffi",
          "Eric Vanden-Eijnden",
          "Saining Xie"
        ],
        "venue": "arXiv preprint arXiv:2401.08740",
        "citeRegEx": "Ma et al\\\\.,? 2024",
        "shortCiteRegEx": "Ma et al\\\\.",
        "year": 2024
      },
      {
        "title": "On distillation of guided diffusion models",
        "author": [
          "Chenlin Meng",
          "Robin Rombach",
          "Ruiqi Gao",
          "Diederik Kingma",
          "Stefano Ermon",
          "Jonathan Ho",
          "Tim Salimans"
        ],
        "venue": "In Proceedings of the IEEE/CVF Conference on Computer Vision and Pattern Recognition, pages 14297–14306",
        "citeRegEx": "Meng et al\\\\.,? 2023",
        "shortCiteRegEx": "Meng et al\\\\.",
        "year": 2023
      },
      {
        "title": "Scalable diffusion models with transformers",
        "author": [
          "William Peebles",
          "Saining Xie"
        ],
        "venue": "In Proceedings of the IEEE/CVF International Conference on Computer Vision, pages 4195–4205",
        "citeRegEx": "Peebles et al\\\\.,? 2023",
        "shortCiteRegEx": "Peebles et al\\\\.",
        "year": 2023
      },
      {
        "title": "Sdxl: Improving latent diffusion models for high-resolution image synthesis",
        "author": [
          "Dustin Podell",
          "Zion English",
          "Kyle Lacey",
          "Andreas Blattmann",
          "Tim Dockhorn",
          "Jonas Müller",
          "Joe Penna",
          "Robin Rombach"
        ],
        "venue": "arXiv preprint arXiv:2307.0",
        "citeRegEx": "Podell et al\\\\.,? 1952",
        "shortCiteRegEx": "Podell et al\\\\.",
        "year": 1952
      },
      {
        "title": "High-Resolution Image Synthesis with Latent Diffusion Models",
        "author": [
          "Robin Rombach",
          "Andreas Blattmann",
          "Dominik Lorenz",
          "Patrick Esser",
          "Björn Ommer"
        ],
        "venue": "In Proceedings of the IEEE/CVF Conference on Computer Vision and Pattern Recognition (CVPR)",
        "citeRegEx": "Rombach et al\\\\.,? 2022",
        "shortCiteRegEx": "Rombach et al\\\\.",
        "year": 2022
      },
      {
        "title": "Align your steps: Optimizing sampling schedules in diffusion models",
        "author": [
          "Amirmojtaba Sabour",
          "Sanja Fidler",
          "Karsten Kreis"
        ],
        "venue": "arXiv preprint arXiv:2404.14507",
        "citeRegEx": "Sabour et al\\\\.,? 2024",
        "shortCiteRegEx": "Sabour et al\\\\.",
        "year": 2024
      },
      {
        "title": "Denton, Seyed Kamyar Seyed Ghasemipour, Burcu Karagol Ayan, Seyedeh Sara Mahdavi, Raphael Gontijo Lopes, Tim Salimans, Jonathan Ho, David J",
        "author": [
          "Chitwan Saharia",
          "William Chan",
          "Saurabh Saxena",
          "Lala Li",
          "Jay Whang",
          "Emily L"
        ],
        "venue": "Fleet, and Mohammad Norouzi. Photorealistic text-to-image diffusion models with deep language understanding. ArXiv, abs/2205.11487",
        "citeRegEx": "Saharia et al\\\\.,? 2022",
        "shortCiteRegEx": "Saharia et al\\\\.",
        "year": 2022
      },
      {
        "title": "Progressive distillation for fast sampling of diffusion models",
        "author": [
          "Tim Salimans",
          "Jonathan Ho"
        ],
        "venue": "arXiv preprint arXiv:2202.00512",
        "citeRegEx": "Salimans et al\\\\.,? 2022",
        "shortCiteRegEx": "Salimans et al\\\\.",
        "year": 2022
      },
      {
        "title": "Multistep distillation of diffusion models via moment matching",
        "author": [
          "Tim Salimans",
          "Thomas Mensink",
          "Jonathan Heek",
          "Emiel Hoogeboom"
        ],
        "venue": "In The Thirty-eighth Annual Conference on Neural Information Processing Systems",
        "citeRegEx": "Salimans et al\\\\.,? 2024",
        "shortCiteRegEx": "Salimans et al\\\\.",
        "year": 2024
      },
      {
        "title": "Stylegan-xl: Scaling stylegan to large diverse datasets",
        "author": [
          "Axel Sauer",
          "Katja Schwarz",
          "Andreas Geiger"
        ],
        "venue": "In ACM SIGGRAPH",
        "citeRegEx": "Sauer et al\\\\.,? 2022",
        "shortCiteRegEx": "Sauer et al\\\\.",
        "year": 2022
      },
      {
        "title": "Fast high-resolution image synthesis with latent adversarial diffusion distillation",
        "author": [
          "Axel Sauer",
          "Frederic Boesel",
          "Tim Dockhorn",
          "Andreas Blattmann",
          "Patrick Esser",
          "Robin Rombach"
        ],
        "venue": "In SIGGRAPH Asia",
        "citeRegEx": "Sauer et al\\\\.,? 2024",
        "shortCiteRegEx": "Sauer et al\\\\.",
        "year": 2024
      },
      {
        "title": "Adversarial diffusion distillation",
        "author": [
          "Axel Sauer",
          "Dominik Lorenz",
          "Andreas Blattmann",
          "Robin Rombach"
        ],
        "venue": "In European Conference on Computer Vision, pages 87–103. Springer",
        "citeRegEx": "Sauer et al\\\\.,? 2025",
        "shortCiteRegEx": "Sauer et al\\\\.",
        "year": 2025
      },
      {
        "title": "Denoising diffusion implicit models",
        "author": [
          "Jiaming Song",
          "Chenlin Meng",
          "Stefano Ermon"
        ],
        "venue": "arXiv preprint arXiv:",
        "citeRegEx": "Song et al\\\\.,? 2010",
        "shortCiteRegEx": "Song et al\\\\.",
        "year": 2010
      },
      {
        "title": "Improved techniques for training consistency models",
        "author": [
          "Yang Song",
          "Prafulla Dhariwal"
        ],
        "venue": "arXiv preprint arXiv:2310.14189",
        "citeRegEx": "Song et al\\\\.,? 2023",
        "shortCiteRegEx": "Song et al\\\\.",
        "year": 2023
      },
      {
        "title": "Score-Based Generative Modeling through Stochastic Differential Equations",
        "author": [
          "Yang Song",
          "Jascha Sohl-Dickstein",
          "Diederik P Kingma",
          "Abhishek Kumar",
          "Stefano Ermon",
          "Ben Poole"
        ],
        "venue": "In International Conference on Learning Representations (ICLR)",
        "citeRegEx": "Song et al\\\\.,? 2021",
        "shortCiteRegEx": "Song et al\\\\.",
        "year": 2021
      },
      {
        "title": "Consistency models",
        "author": [
          "Yang Song",
          "Prafulla Dhariwal",
          "Mark Chen",
          "Ilya Sutskever"
        ],
        "venue": "arXiv preprint arXiv:2303.01469",
        "citeRegEx": "Song et al\\\\.,? 2023",
        "shortCiteRegEx": "Song et al\\\\.",
        "year": 2023
      },
      {
        "title": "Multi-student diffusion distillation for better one-step generators",
        "author": [
          "Yanke Song",
          "Jonathan Lorraine",
          "Weili Nie",
          "Karsten Kreis",
          "James Lucas"
        ],
        "venue": "arXiv preprint arXiv:2410.23274",
        "citeRegEx": "Song et al\\\\.,? 2024",
        "shortCiteRegEx": "Song et al\\\\.",
        "year": 2024
      },
      {
        "title": "Fourier features let networks learn high frequency functions in low dimensional domains",
        "author": [
          "Matthew Tancik",
          "Pratul Srinivasan",
          "Ben Mildenhall",
          "Sara Fridovich-Keil",
          "Nithin Raghavan",
          "Utkarsh Singhal",
          "Ravi Ramamoorthi",
          "Jonathan Barron",
          "Ren Ng"
        ],
        "venue": "Advances in neural information processing systems, 33:7537–7547",
        "citeRegEx": "Tancik et al\\\\.,? 2020",
        "shortCiteRegEx": "Tancik et al\\\\.",
        "year": 2020
      },
      {
        "title": "Yoo",
        "author": [
          "Joshua Tian Jin Tee",
          "Kang Zhang",
          "Hee Suk Yoon",
          "Dhananjaya Nagaraja Gowda",
          "Chanwoo Kim",
          "Chang D"
        ],
        "venue": "Physics informed distillation for diffusion models. arXiv preprint arXiv:2411.08378",
        "citeRegEx": "Tee et al\\\\.,? 2024",
        "shortCiteRegEx": "Tee et al\\\\.",
        "year": 2024
      },
      {
        "title": "Dim: Diffusion mamba for efficient high-resolution image synthesis",
        "author": [
          "Yao Teng",
          "Yue Wu",
          "Han Shi",
          "Xuefei Ning",
          "Guohao Dai",
          "Yu Wang",
          "Zhenguo Li",
          "Xihui Liu"
        ],
        "venue": "arXiv preprint arXiv:2405.14224",
        "citeRegEx": "Teng et al\\\\.,? 2024",
        "shortCiteRegEx": "Teng et al\\\\.",
        "year": 2024
      },
      {
        "title": "Visual autoregressive modeling: Scalable image generation via next-scale prediction",
        "author": [
          "Keyu Tian",
          "Yi Jiang",
          "Zehuan Yuan",
          "Bingyue Peng",
          "Liwei Wang"
        ],
        "venue": "arXiv preprint arXiv:2404.02905",
        "citeRegEx": "Tian et al\\\\.,? 2024",
        "shortCiteRegEx": "Tian et al\\\\.",
        "year": 2024
      },
      {
        "title": "U-dits: Downsample tokens in u-shaped diffusion transformers",
        "author": [
          "Yuchuan Tian",
          "Zhijun Tu",
          "Hanting Chen",
          "Jie Hu",
          "Chao Xu",
          "Yunhe Wang"
        ],
        "venue": "arXiv preprint arXiv:2405.02730",
        "citeRegEx": "Tian et al\\\\.,? 2024",
        "shortCiteRegEx": "Tian et al\\\\.",
        "year": 2024
      },
      {
        "title": "Attention is all you need",
        "author": [
          "A Vaswani"
        ],
        "venue": "Advances in Neural Information Processing Systems",
        "citeRegEx": "Vaswani et al\\\\.,? 2017",
        "shortCiteRegEx": "Vaswani et al\\\\.",
        "year": 2017
      },
      {
        "title": "Stable consistency tuning: Understanding and improving consistency models",
        "author": [
          "Fu-Yun Wang",
          "Zhengyang Geng",
          "Hongsheng Li"
        ],
        "venue": "arXiv preprint arXiv:2410.18958",
        "citeRegEx": "Wang et al\\\\.,? 2024",
        "shortCiteRegEx": "Wang et al\\\\.",
        "year": 2024
      },
      {
        "title": "Phased consistency models",
        "author": [
          "Fu-Yun Wang",
          "Zhaoyang Huang",
          "Alexander William Bergman",
          "Dazhong Shen",
          "Peng Gao",
          "Michael Lingelbach",
          "Keqiang Sun",
          "Weikang Bian",
          "Guanglu Song",
          "Yu Liu",
          "Xiaogang Wang",
          "Hongsheng Li"
        ],
        "venue": "arXiv preprint arXiv:2405.18407",
        "citeRegEx": "Wang et al\\\\.,? 2024",
        "shortCiteRegEx": "Wang et al\\\\.",
        "year": 2024
      },
      {
        "title": "Prolificdreamer: High-fidelity and diverse text-to-3d generation with variational score distillation",
        "author": [
          "Zhengyi Wang",
          "Cheng Lu",
          "Yikai Wang",
          "Fan Bao",
          "Chongxuan Li",
          "Hang Su",
          "Jun Zhu"
        ],
        "venue": "Advances in Neural Information Processing Systems, 36:8406–8441",
        "citeRegEx": "Wang et al\\\\.,? 2023",
        "shortCiteRegEx": "Wang et al\\\\.",
        "year": 2023
      },
      {
        "title": "Em distillation for one-step diffusion models",
        "author": [
          "Sirui Xie",
          "Zhisheng Xiao",
          "Diederik Kingma",
          "Tingbo Hou",
          "Ying Nian Wu",
          "Kevin P Murphy",
          "Tim Salimans",
          "Ben Poole",
          "Ruiqi Gao"
        ],
        "venue": "Advances in Neural Information Processing Systems, 37:45073–45104",
        "citeRegEx": "Xie et al\\\\.,? 2024",
        "shortCiteRegEx": "Xie et al\\\\.",
        "year": 2024
      },
      {
        "title": "Disco-diff: Enhancing continuous diffusion models with discrete latents",
        "author": [
          "Yilun Xu",
          "Gabriele Corso",
          "Tommi Jaakkola",
          "Arash Vahdat",
          "Karsten Kreis"
        ],
        "venue": "In International Conference on Machine Learning",
        "citeRegEx": "Xu et al\\\\.,? 2024",
        "shortCiteRegEx": "Xu et al\\\\.",
        "year": 2024
      },
      {
        "title": "Diffusion models without attention",
        "author": [
          "Jing Nathan Yan",
          "Jiatao Gu",
          "Alexander M Rush"
        ],
        "venue": "In Proceedings of the IEEE/CVF Conference on Computer Vision and Pattern Recognition, pages 8239–8249",
        "citeRegEx": "Yan et al\\\\.,? 2024",
        "shortCiteRegEx": "Yan et al\\\\.",
        "year": 2024
      },
      {
        "title": "Consistency flow matching: Defining straight flows with velocity consistency",
        "author": [
          "Ling Yang",
          "Zixiang Zhang",
          "Zhilong Zhang",
          "Xingchao Liu",
          "Minkai Xu",
          "Wentao Zhang",
          "Chenlin Meng",
          "Stefano Ermon",
          "Bin Cui"
        ],
        "venue": "arXiv preprint arXiv:2407.02398",
        "citeRegEx": "Yang et al\\\\.,? 2024",
        "shortCiteRegEx": "Yang et al\\\\.",
        "year": 2024
      },
      {
        "title": "Improved distribution matching distillation for fast image synthesis",
        "author": [
          "Tianwei Yin",
          "Michaël Gharbi",
          "Taesung Park",
          "Richard Zhang",
          "Eli Shechtman",
          "Fredo Durand",
          "William T Freeman"
        ],
        "venue": "arXiv preprint arXiv:2405.14867",
        "citeRegEx": "Yin et al\\\\.,? 2024",
        "shortCiteRegEx": "Yin et al\\\\.",
        "year": 2024
      },
      {
        "title": "One-step diffusion with distribution matching distillation",
        "author": [
          "Tianwei Yin",
          "Michaël Gharbi",
          "Richard Zhang",
          "Eli Shechtman",
          "Fredo Durand",
          "William T Freeman",
          "Taesung Park"
        ],
        "venue": "In Proceedings of the IEEE/CVF Conference on Computer Vision and Pattern Recognition, pages 6613–6623",
        "citeRegEx": "Yin et al\\\\.,? 2024",
        "shortCiteRegEx": "Yin et al\\\\.",
        "year": 2024
      },
      {
        "title": "Language model beats diffusion–tokenizer is key to visual generation",
        "author": [
          "Lijun Yu",
          "José Lezama",
          "Nitesh B Gundavarapu",
          "Luca Versari",
          "Kihyuk Sohn",
          "David Minnen",
          "Yong Cheng",
          "Vighnesh Birodkar",
          "Agrim Gupta",
          "Xiuye Gu",
          "et al"
        ],
        "venue": "arXiv preprint arXiv:2310.05737",
        "citeRegEx": "Yu et al\\\\.,? 2023",
        "shortCiteRegEx": "Yu et al\\\\.",
        "year": 2023
      },
      {
        "title": "Fast sampling of diffusion models with exponential integrator",
        "author": [
          "Qinsheng Zhang",
          "Yongxin Chen"
        ],
        "venue": "arXiv preprint arXiv:2204.13902",
        "citeRegEx": "Zhang et al\\\\.,? 2022",
        "shortCiteRegEx": "Zhang et al\\\\.",
        "year": 2022
      },
      {
        "title": "The unreasonable effectiveness of deep features as a perceptual metric",
        "author": [
          "Richard Zhang",
          "Phillip Isola",
          "Alexei A Efros",
          "Eli Shechtman",
          "Oliver Wang"
        ],
        "venue": "In Proceedings of the IEEE conference on computer vision and pattern recognition, pages 586–595",
        "citeRegEx": "Zhang et al\\\\.,? 2018",
        "shortCiteRegEx": "Zhang et al\\\\.",
        "year": 2018
      },
      {
        "title": "Unipc: A unified predictorcorrector framework for fast sampling of diffusion models",
        "author": [
          "Wenliang Zhao",
          "Lujia Bai",
          "Yongming Rao",
          "Jie Zhou",
          "Jiwen Lu"
        ],
        "venue": "Advances in Neural Information Processing Systems, 36:49842–49869",
        "citeRegEx": "Zhao et al\\\\.,? 2023",
        "shortCiteRegEx": "Zhao et al\\\\.",
        "year": 2023
      },
      {
        "title": "Diffusion models are innate one-step generators",
        "author": [
          "Bowen Zheng",
          "Tianming Yang"
        ],
        "venue": "arXiv preprint arXiv:2405.",
        "citeRegEx": "Zheng et al\\\\.,? 2075",
        "shortCiteRegEx": "Zheng et al\\\\.",
        "year": 2075
      },
      {
        "title": "Fast sampling of diffusion models via operator learning",
        "author": [
          "Hongkai Zheng",
          "Weili Nie",
          "Arash Vahdat",
          "Kamyar Azizzadenesheli",
          "Anima Anandkumar"
        ],
        "venue": "In International conference on machine learning, pages 42390–42402. PMLR",
        "citeRegEx": "Zheng et al\\\\.,? 2023",
        "shortCiteRegEx": "Zheng et al\\\\.",
        "year": 2023
      },
      {
        "title": "Trajectory consistency distillation, 2024",
        "author": [
          "Jianbin Zheng",
          "Minghui Hu",
          "Zhongyi Fan",
          "Chaoyue Wang",
          "Changxing Ding",
          "Dacheng Tao",
          "Tat-Jen Cham"
        ],
        "venue": "",
        "citeRegEx": "Zheng et al\\\\.,? 2024",
        "shortCiteRegEx": "Zheng et al\\\\.",
        "year": 2024
      },
      {
        "title": "Inductive moment matching",
        "author": [
          "Linqi Zhou",
          "Stefano Ermon",
          "Jiaming Song"
        ],
        "venue": "arXiv preprint arXiv:2503.07565",
        "citeRegEx": "Zhou et al\\\\.,? 2025",
        "shortCiteRegEx": "Zhou et al\\\\.",
        "year": 2025
      },
      {
        "title": "Long and short guidance in score identity distillation for one-step text-to-image generation",
        "author": [
          "Mingyuan Zhou",
          "Zhendong Wang",
          "Huangjie Zheng",
          "Hai Huang"
        ],
        "venue": "ArXiv 2406.01561",
        "citeRegEx": "Zhou et al\\\\.,? 2024",
        "shortCiteRegEx": "Zhou et al\\\\.",
        "year": 2024
      },
      {
        "title": "Adversarial score identity distillation: Rapidly surpassing the teacher in one step",
        "author": [
          "Mingyuan Zhou",
          "Huangjie Zheng",
          "Yi Gu",
          "Zhendong Wang",
          "Hai Huang"
        ],
        "venue": "arXiv preprint arXiv:2410.14919",
        "citeRegEx": "Zhou et al\\\\.,? 2024",
        "shortCiteRegEx": "Zhou et al\\\\.",
        "year": 2024
      },
      {
        "title": "Score identity distillation: Exponentially fast distillation of pretrained diffusion models for one-step generation",
        "author": [
          "Mingyuan Zhou",
          "Huangjie Zheng",
          "Zhendong Wang",
          "Mingzhang Yin",
          "Hai Huang"
        ],
        "venue": "In International Conference on Machine Learning",
        "citeRegEx": "Zhou et al\\\\.,? 2024",
        "shortCiteRegEx": "Zhou et al\\\\.",
        "year": 2024
      }
    ]
  }
}