{
  "forum_id": "UG1723eoKq",
  "metadata": {
    "source": "NeurIPS",
    "year": 2025,
    "title": "SPOT-Trip: Dual-Preference Driven Out-of-Town Trip Recommendation",
    "abstractText": "Out-of-town trip recommendation aims to generate a sequence of Points of Interest (POIs) for users traveling from their hometowns to previously unvisited regions based on personalized itineraries, e.g., origin, destination, and trip duration. Modeling the complex user preferences-which often exhibit a two-fold nature of static and dynamic interests-is critical for effective recommendations. However, the sparsity of out-of-town check-in data presents significant challenges in capturing such user preferences. Meanwhile, existing methods often conflate the static and dynamic preferences, resulting in suboptimal performance. In this paper, we for the first time systematically study the problem of out-of-town trip recommendation. A novel framework SPOT-Trip is proposed to explicitly learns the dual staticdynamic user preferences. Specifically, to handle scarce data, we construct a POI attribute knowledge graph to enrich the semantic modeling of users' hometown and out-of-town check-ins, enabling the static preference modeling through attribute relation-aware aggregation. Then, we employ neural ordinary differential equations (ODEs) to capture the continuous evolution of latent dynamic user preferences and innovatively combine a temporal point process to describe the instantaneous probability of each preference behavior. Further, a static-dynamic fusion module is proposed to merge the learned static and dynamic user preferences. Extensive experiments on real data offer insight into the effectiveness of the proposed solutions, showing that SPOT-Trip achieves performance improvement by up to 17.01%<sup>1</sup>.",
    "sections": [
      {
        "heading": "1 Introduction",
        "text": "With the proliferation of location-based social networks (LBSNs), location-based recommendation has become an important means to help people discover attractive and interesting points of interest (POIs) [10, 2], including POI recommendation [52, 22], trip recommendation [14, 23, 54, 39], and out-of-town recommendation [46, 47, 32]. Traditional POI and trip recommender systems are dedicated to recommending POIs within a specific region. However, they may fail when users travel out of their hometown [47]. Consequently, out-of-town recommendation [32] emerges, which generates POIs for users traveling from their hometowns to regions that they have seldom visited previously.\n\n<sup>\\*</sup>Equal contribution.\n\n<sup>&</sup>lt;sup>†</sup>Corresponding author.\n\n<sup>&</sup>lt;sup>1</sup>The code of SPOT-Trip can be found at https://github.com/Yinghui-Liu/SPOT-Trip.\n\nExisting out-of-town recommendation methods often focus on addressing the problem of interest drift [43, 32] and geographical gap [25, 12]. However, these methods are mainly designed for the next POI recommendation (see the left part of Fig. 1) while lacking the capabilities to provide a comprehensive trip itinerary for travelers. In real-world scenarios, given an origin and a destination, users may prefer a model that can generate a sequence of intermediate activities (see the right part of Fig. 1) to realize a more engaging journey for convenience. To achieve this, we for the first time study a new problem, i.e., out-of-town trip recommendation, that can provide consecutive intermediate POIs given the origin, destination, and the number of stops. Such trip recommendation models are expected to enable systematic itinerary generation, facilitating efficient decision-making for the users.\n\nHowever, data sparsity poses a great challenge for out-of-town trip recommendations since users often have few or even no historical check-in records in out-of-town regions. It is hard to obtain a well-performed out-of-town trip recommender model with such scarce data.\n\nIn addition, it is challenging to learn the complex user preferences to alleviate interest drifts (i.e., out-of-town check-ins are not aligned with hometown check-in preferences) for effective out-of-town trip recommendation [46, 47]. Intuitively, the user preferences can be categorized into two complementary components: static (or invariant) and dynamic preferences. On the one hand, static preference captures long-term user interests and stable behavioral tendencies, which are often extracted from hometown check-in records. Although static preference shows the stable tendencies of a user, directly applying it\n\n![](_page_1_Figure_3.jpeg)\n\nFigure 1: Comparison of two out-of-town recommendation tasks. The blue circles indicate the user's hometown historical check-ins, green circles represent the given query POIs, i.e., the origin and destination of a trip, while the hollow dashed circles denote the intermediate POI(s) to be inferred.\n\nto out-of-town trip recommendation may be suboptimal due to cold-start and data scarcity. To enable better generalization, it calls for an alignment method to effectively transfer sufficient knowledge learned from the hometown, i.e., static preferences, to the target regions. On the other hand, dynamic preference reflects the short-term behavioral patterns that are sensitive to contextual information, e.g., time, location, and intent.\n\nNonetheless, existing methods [42, 32] often learn the entangled user preferences. We argue that effective disentanglement of the two preferences can facilitate user intent modeling across diverse scenarios and explicitly mitigate the interest drift, thereby enabling personalized recommendation and improving the robustness and effectiveness. Further, it is challenging to fuse the static and dynamic preferences, which enhances trip recommendation by taking preference consistency and personalization into account, simultaneously, enabling more accurate and context-aware user modeling. To this end, we propose a Static-dynamic Preference aware Out-of-Town Trip recommendation framework, SPOT-Trip, to explicitly learn such dual user preferences. SPOT-Trip encompasses three major modules: knowledge-enhanced static preference modeling, ODE-based dynamic preference learning, and static-dynamic preference fusion.\n\nThe core idea of SPOT-Trip lies in jointly modeling sequence-level static preferences with semantics-enhanced representations and POI-level dynamic preferences by an ODE. First, we propose a knowledge-enhanced static preference learning module. In particular, we construct a POI attribute knowledge graph based on user check-ins to incorporate rich semantic relations, e.g., a *hasRating* relation between POIs and attribute entities such as *5-star*. Next, a relation-aware attention aggregation mechanism is designed to generate enriched POI embeddings, which capture the entity semantics with diverse relational contexts, alleviating the data sparsity. Further, we propose a novel static preference alignment mechanism to transfer knowledge of the static preferences learned from hometown checkins to the out-of-town region. The static preferences are learned by a static aggregator, which aggregates the enriched POI embeddings at the sequence level. Second, we develop an ODE-based dynamic preference learning module to model the continuous and irregular evolution based on the dynamic user behaviors during out-of-town trips. A temporal point process [21] is further employed to characterize the probability of preference behaviors over time, enabling dynamic preference\n\ninference. Notably, we incorporate auxiliary geographical coordinate information to refine the behavior representation. Finally, a static-dynamic preference fusion module is proposed to fuse the learned static and dynamic user preferences for effective out-of-town trip recommendation.\n\nThe major contributions of the work are as follows: (1) *New Task*. To the best of our knowledge, this is the first systematic study to learn out-of-town trip recommendation. We propose a framework called SPOT-Trip to explicitly capture the static and dynamic user preferences for effective out-of-town trip recommendation. (2) *Novel Techniques*. An innovative static preference learning module is proposed, which leverages sufficient semantic knowledge to extract stable user preferences. We extract the dynamic user preference based on neural ODE in conjunction with a novel temporal point process, which can capture the continuous preference drift. (3) *Superior Performance*. We report on extensive experiments using real data, offering evidence of the effectiveness of the proposals."
      },
      {
        "heading": "2 Preliminary",
        "text": "**Definition 1:** (POI Attribute Knowledge Graph). The POI attribute knowledge graph is defined as  $\\mathcal{G}_k = (v, r, e)$ , which encodes a semantic relation r between a POI v and an entity e. It captures external knowledge by incorporating diverse types of attribute entities and their relationships with POIs, such as (Balboa Park, Located in, San Diego).\n\n**Definition 2:** (Check-in). A user check-in is denoted as a tuple c = (u, t, l, v), indicating that user u visited POI v at time t and location l, where l includes the geographic coordinates, i.e., latitude and longitude.\n\n**Definition 3:** (Out-of-town Travel Behavior). Given a user u, the out-of-town travel behavior is denoted as  $\\xi = \\left(u, \\vec{c}_h, \\vec{c}_o, a_h, a_o\\right)$ , indicating that u departs from his/her hometown  $a_h$  to visit an out-of-town region  $a_o$  with check-in records in both regions, i.e.,  $\\vec{c}_h$  (hometown) and  $\\vec{c}_o$  (out-of-town), respectively. We use  $M = |\\vec{c}_h|$  and  $N = |\\vec{c}_o|$  to represent the number of check-ins in the hometown and out-of-town regions, respectively, where M > N.\n\nProblem Statement: (Out-of-town Trip Recommendation). Given a set of users  $\\mathcal{U}=\\{u_i\\}_{i=1}^{|\\mathcal{U}|}$ , POIs  $\\mathcal{V}=\\{v_i\\}_{i=1}^{|\\mathcal{V}|}$ , regions  $\\mathcal{A}=\\{a_i\\}_{i=1}^{|\\mathcal{A}|}$ , and out-of-town trip records  $\\mathcal{O}=\\{\\xi_i\\}_{i=1}^{|\\mathcal{O}|}$ , our objective is to learn a recommender function  $\\mathcal{F}$  based on historical records  $\\mathcal{O}$  and the POI attribute knowledge graph  $\\mathcal{G}_k$ . For a user  $u^*\\notin\\mathcal{U}$  at  $a_h^*$  with hometown check-ins  $\\vec{c}_h$  and out-of-town origin-destination trip query  $Q_o^*=\\{v_o^o,v_o^e,N\\}$  in region  $a_o^*$ , where  $v_o^o,v_o^e$ , and N denote the start, end points and the number of stops, the learned  $\\mathcal{F}$  generates a sequence of POIs  $\\tau=\\{v_1^o,v_2^o,\\ldots,v_N^o\\}$ , where  $v_1^o=v_o^o$  and  $v_N^o=v_o^o$  for  $u^*$ . The recommended POIs in  $\\tau$  are in  $a_o^*$ ."
      },
      {
        "heading": "3 Methodology",
        "text": "We proceed to detail the dual preference-aware out-of-town trip recommendation framework, SPOT-Trip. We first give an overview of the framework and then provide specifics. As illustrated in Fig. 2, SPOT-Trip encompasses three major modules: Knowledge-Enhanced Static Preference Learning (*KSPL*), ODE-Based Dynamic Preference Learning (*ODPL*), and Static-Dynamic Preference Fusion.\n\nKSPL aims to enhance the static semantic awareness of user preference by means of knowledge graph construction, which consists of two components. First, semantic knowledge aggregation is proposed to improve POI embeddings with a relational attention mechanism based on the constructed POI attribute knowledge graph. Second, we design an innovative static preference alignment component that facilitates the transfer of static hometown preferences to the out-of-town region. ODPL is dedicated to capturing the evolving nature of user preferences with a novel ODE-based continuous dynamics modeling. In this module, we first aggregate the hometown check-in sequence with spatiotemporal information and feed the resulting sequence into a Transformer to generate initial latent representations, which are then input into a neural ODE to capture dynamics. Subsequently, the check-in behaviors are further interpreted by a temporal point process to characterize the instantaneous probability of each behavior. Finally, we propose a static-dynamic preference fusion module to merge the learned static and dynamic user preferences.\n\n![](_page_3_Figure_0.jpeg)\n\nFigure 2: The framework of SPOT-Trip. CE denotes the cross-entropy loss."
      },
      {
        "heading": "3.1 Knowledge-Enhanced Static Preference Learning",
        "text": "POI Attribute\n\nTraditional out-of-town recommendation methods have attempted to model static preference with transition relationships [46] and geographic relationships [47]. However, they remain hampered by data sparsity and fail to align user preferences across different regions. Knowledge graphs (KGs) [5, 55] enrich POI embeddings using additional semantic information, thereby strengthening user preference representations. Yet, directly integrating semantic and spatial information may lead to conflicting interactions [32]. Accordingly, we leverage a KG approach solely to model the static user preferences from a semantic perspective. Spatial information will be incorporated in the dynamic learning described in Sec. 3.2.\n\nSemantic Knowledge Aggregation. In the POI attribute knowledge graph, various relationships (e.g., POI's category and corresponding region) encode distinct semantic information. Inspired by the graph attention mechanisms in [50, 32], we first introduce a relation-aware knowledge embedding layer to reflect the heterogeneity of relations over knowledge graph connections and then gain entity-and relation-specific representations through a parameterized attention mechanism. Towards that, we construct our relation-aware message aggregation mechanism between the POI and its connected entities in  $\\mathcal{G}_K$ , for generating knowledge-aware POI embeddings via a heterogeneous attentive aggregator illustrated as follows:\n\n\n$$\\bar{\\mathbf{v}} = \\mathbf{v} + \\sum_{e \\in \\mathcal{N}_v} \\alpha(e, r_{e,v}, v) \\mathbf{e}, \\alpha(e, r_{e,v}, v) = \\frac{\\exp(\\phi(\\mathbf{r}_{e,v}^T \\mathbf{W}[\\mathbf{e} \\parallel \\mathbf{v}]))}{\\sum_{e \\in \\mathcal{N}_v} \\exp(\\phi(\\mathbf{r}_{e,v}^T \\mathbf{W}[\\mathbf{e} \\parallel \\mathbf{v}]))},$$\n(1)\n\nwhere  $\\mathcal{N}_v$  is the neighboring entities of POI v on various relations  $r_{e,v}$  in  $\\mathcal{G}_K$ ,  $\\mathbf{v} \\in \\mathbb{R}^d$  and  $\\mathbf{e} \\in \\mathbb{R}^d$  represent the embedding of POI and entity, respectively. The estimated entity- and relation-dependent attentive relevance during the knowledge aggregation process is denoted as  $\\alpha(e, r_{e,v}, v)$ , which encodes the distinct semantics of relationships between POI v and entity e.  $\\parallel$  means the concatenation of two embeddings.  $\\mathbf{W} \\in \\mathbb{R}^{d \\times 2d}$  denotes the weight matrix that is tailored to the input POI and entity representations.  $\\phi$  is the activation function LeakyReLU for non-linear transformation. Additionally,\n\nto further improve the multi-relational semantic representation space for entity—item dependencies, an alternative training is employed between the relation-aware knowledge aggregator and TransE [4] (More details about the alternative training and its loss can be found in the Appendix A.1).\n\nStatic Preference Alignment. Inspired by prior out-of-town recommendation approaches that derive user preferences through behavioral aggregation, we utilize an aggregator  $AGG_S(\\cdot)$  (i.e., average pooling) to consolidate the enriched POI embeddings, producing enhanced user hometown and out-of-town static preference representations:  $\\bar{\\mathbf{u}}^h = AGG_S([\\bar{\\mathbf{v}}_m^h]_{m=1}^M), \\bar{\\mathbf{u}}^o = AGG_S([\\bar{\\mathbf{v}}_n^o]_{n=1}^N)$ . Subsequently, we infer user out-of-town preference by a MLP based on their hometown preferences:\n\n\n$$\\bar{\\mathbf{P}}^o = \\phi(\\mathbf{W}_S \\bar{\\mathbf{u}}^h + \\mathbf{b}_S),\\tag{2}$$\n\nwhere  $\\mathbf{W}_S \\in \\mathbb{R}^{d \\times d}$  and  $\\mathbf{b}_S \\in \\mathbb{R}^d$  are trainable parameters.  $\\phi$  denotes the activation function SiLU. An Euclidean distance loss  $\\mathcal{L}_S$  is adopted to bridge the inferred preference and the actual out-of-town preference for static learning as follows:\n\n\n$$\\mathcal{L}_S = \\sum_{u \\in \\mathcal{U}} \\left\\| \\bar{\\mathbf{P}}^o - \\bar{\\mathbf{u}}^o \\right\\|_2^2 \\tag{3}$$"
      },
      {
        "heading": "3.2 ODE-Based Dynamic Preference Learning",
        "text": "Previous trip recommenders [23, 39] incorporate position embeddings and periodic hour encodings to model the dynamic nature of user preferences. However, due to the irregular sampling [37] of check-in data, these approaches fail to capture the dynamic evolution of user preferences over actual time. Given the success of neural ODE [8] in other research fields [34, 30], we develop a neural ODE to model the continuous dynamic drift of user out-of-town preferences in latent space. To quantify the behavior event probability at each moment, we also formulate the preference inference as a temporal point process [33], where the instantaneous probability is described by the intensity function  $\\lambda(\\cdot)$  of a non-homogeneous Poisson process (NHPP) on the latent state. Overall, the *Dynamic Preference Inference* process can be defined as:\n\n\n$$\\tilde{\\mathbf{p}}_{t_1}^o \\sim p(\\tilde{\\mathbf{p}}_{t_1}^o), \\frac{d\\tilde{\\mathbf{p}}_t^o}{dt} = f(\\tilde{\\mathbf{p}}_{t_1}^o), \\tag{4}$$\n\n\n$$t_n \\sim \\text{NHPP}(\\lambda(\\tilde{\\mathbf{p}}_t^o)), n = 1, ..., N,$$\n (5)\n\n\n$$\\tilde{\\mathbf{v}}_{t_{-}}^{o} \\sim p(\\tilde{\\mathbf{v}}_{t_{-}}^{o}|\\tilde{\\mathbf{p}}_{t_{-}}^{o}), n = 1, ..., N,$$\n (6)\n\n(7)\n\nwhere  $\\tilde{\\mathbf{p}}_t^o$  represents the latent preference state at time t.  $f(\\cdot)$  and  $\\lambda(\\cdot)$  are MLPs for parameterizing ODE dynamics and the intensity function. For brevity, we denote  $\\tilde{\\mathbf{p}}_{t_n}^o$  by  $\\tilde{\\mathbf{p}}_n^o$  over the remainder of this paper, and the corresponding joint distribution is:\n\n$$p(\\tilde{\\mathbf{p}}_{1}^{o}, \\{t_{n}, \\tilde{\\mathbf{v}}_{n}^{o}\\}_{n=1}^{N}) = p(\\tilde{\\mathbf{p}}_{1}^{o})p(\\{t_{n}\\}_{n=1}^{N}|\\tilde{\\mathbf{p}}_{1}^{o}) \\prod_{n=1}^{N} p(\\tilde{\\mathbf{v}}_{n}^{o}|\\tilde{\\mathbf{p}}_{n}^{o}, t_{n}), p(\\tilde{\\mathbf{p}}_{1}^{o}) = \\mathcal{N}(\\mathbf{0}, I),$$\n\n$$p(\\{t_{n}\\}_{n=1}^{N}|\\tilde{\\mathbf{p}}_{1}^{o}) = \\prod_{n=1}^{N} \\lambda(\\tilde{\\mathbf{p}}_{n}^{o}) \\exp(-\\int \\lambda(\\tilde{\\mathbf{p}}^{o})dt), p(\\tilde{\\mathbf{v}}_{n}^{o}|\\tilde{\\mathbf{p}}_{n}^{o}, t_{n}) = \\mathcal{N}(\\tilde{\\mathbf{p}}_{n}^{o}, \\sigma_{\\tilde{v}^{o}}^{2}I),$$\n\nwhere  $\\mathcal{N}$  is the normal distribution,  $\\mathbf{0}$  is a zero vector, I is the identity matrix and  $\\sigma_{\\tilde{v}^o}$  denotes a hyperparameter that sets the model's tolerance for discrepancies between observations and predictions. In the following, the detailed descriptions and inferences of each component are provided.\n\nLatent Dynamics of Preference Drift (Eq. 4). Before modeling the latent ODE dynamics, the user's dynamic spatiotemporal behaviors including timestamps and spatial coordinates are first mapped into the latent space via linear transformations and a new embedding layer  $\\mathbf{E}(\\cdot)$ :  $\\tilde{\\mathbf{v}}^{h,o} = \\mathbf{W}_t t^{h,o} + \\mathbf{W}_l l^{h,o} + \\mathbf{E}(v^{h,o})$ , where  $\\mathbf{W}_t \\in \\mathbb{R}^{1 \\times d}$  and  $\\mathbf{W}_l \\in \\mathbb{R}^{2 \\times d}$  are trainable parameters. Note that the POIs' spatial features are treated solely as quantitative values because geographic information is unavailable during the recommendation. To better infer the posterior of the latent initial state of preference  $\\tilde{\\mathbf{p}}_l^o$  and model parameters, the variational inference [1] is used for latent modeling. We define an approximate posterior  $q(\\tilde{\\mathbf{p}}_l^o; \\psi)$  with variational parameters  $\\psi$  to approximate the true posterior  $p(\\tilde{\\mathbf{p}}_l^o; \\{t_n^o, \\tilde{\\mathbf{v}}_n^o\\}_{n=1}^N)$ , with the objective of minimizing the Kullback-Leibler divergence\n\n\n$$KL[q(\\tilde{\\mathbf{p}}_1^o; \\psi) || p(\\tilde{\\mathbf{p}}_1^o | \\{t_n^o, \\tilde{\\mathbf{v}}_n^o\\}_{n=1}^N)]$$\n(8)\n\nover the variational parameters to derive an estimate of the approximation of the posterior and model parameters. To avoid optimizing the local variational parameters  $\\psi$  for each behavior trajectory in the dataset, we use amortization [1] and define  $\\psi$  as a reparameterization sampling from the output of a stacked Transformer encoder layer [40] Trans<sub>D</sub>. To be specific, we first introduce an aggregation token,  $\\mathbf{AGG}$ , with a learnable representation to indicate Trans<sub>D</sub> to aggregate user hometown behaviors. This gives us the encoder input sequence:  $\\{\\{\\tilde{\\mathbf{v}}_m^h\\}_{m=1}^M, \\mathbf{AGG}\\}$ , and then we acquire the output aggregation token  $\\mathbf{AGG}$  at the last layer. Finally, we obtain  $\\psi$  from  $\\mathbf{AGG}$  with the reparameterization sampling dependent on an approximate posterior (see Appendix A.2 for specification of the sampling).\n\n**Temporal Point Process (Eq. 5).** After receiving the inferred preference  $\\tilde{\\mathbf{p}}_n^o$  from the ODE solver in Eq. 4, we employ the parameterized intensity function  $\\lambda(\\cdot)$  to map it to the intensity of NHPP. In order to ensure that the intensity function value is nonnegative and enhance its numerical stability, we further exponentiate the output of  $\\lambda(\\tilde{\\mathbf{p}}_n^o)$  and then add a small constant.\n\n**Behavior Distribution Reconstruction (Eq. 6).** In practice, rather than minimizing the KL divergence in Eq. 8 directly, we instead maximize the corresponding evidence lower bound (ELBO) for the dynamic behavior distribution reconstruction, and the total dynamic learning loss is defined as:\n\n$$\\mathcal{L}_{D} = -\\sum_{u \\in \\mathcal{U}} \\left( \\sum_{n=1}^{N_{u}} \\mathbb{E}_{q(\\tilde{\\mathbf{p}}_{1}^{o};\\psi)} \\left[ \\ln p(\\tilde{\\mathbf{v}}_{n}^{o}|t_{n}^{o}, \\tilde{\\mathbf{p}}_{1}^{o}) \\right] + \\mathbb{E}_{q(\\tilde{\\mathbf{p}}_{1}^{o};\\psi)} \\sum_{n=1}^{N_{u}} \\ln \\lambda(\\tilde{\\mathbf{p}}_{n}^{o}) - \\int \\lambda(\\tilde{\\mathbf{p}}^{o}) dt \\right)$$\n\n$$(ii) \\text{ Expected restructured behavior log-lik}$$\n\n$$- \\underbrace{\\operatorname{KL}[q(\\tilde{\\mathbf{p}}_{1}^{o};\\psi)||p(\\tilde{\\mathbf{p}}_{1}^{o})]}_{(iii) \\text{ KL between prior and posterior}} \\right),$$\n\n$$(9)$$\n\nwhere the term (iii) can be computed analytically, computation of terms (i) and (ii) involves approximations: term (i) is estimated via Monte Carlo integration using samples from the variational posterior, whereas term (ii) involves solving an ODE with a numerical solver and applying the trapezoidal rule to approximate the expected intensity integral. The ELBO is maximized w.r.t. the model parameters and its detailed derivation is contained in Appendix A.3."
      },
      {
        "heading": "3.3 Static-Dynamic Preference Fusion",
        "text": "To generate the logit  $z_{u,n,i}$  for user u at position n over each POI  $i \\in a_o$ , we first construct a unified representation by combining the user's knowledge-enhanced query representation  $\\mathbf{Q}^o \\in \\mathbb{R}^{2d \\times d}$ , the static preference  $\\bar{\\mathbf{P}}^o$  inferred in Sec. 3.1, and the dynamic preference sequence  $\\tilde{\\mathbf{P}}^o = \\{\\tilde{\\mathbf{p}}_n^o\\}_{n=1}^N$  inferred in Sec. 3.2. This joint representation is then fed into a nonlinear prediction head to compute the logits for all POIs at each position n in the out-of-town region  $a_o$ .\n\n\n$$z_{u,n,i} = \\phi(\\mathbf{W}_R[\\mathbf{Q}^o||\\tilde{\\mathbf{P}}^o||\\tilde{\\mathbf{P}}^o] + \\mathbf{b}_R), \\tag{10}$$\n\nwhere  $\\mathbf{W}_R \\in \\mathbb{R}^{4d \\times d}$ ,  $\\mathbf{b}_R \\in \\mathbb{R}^d$  are trainable parameters and  $\\sigma$  is the activation function *LeakyReLU*. Appendix A.3 contains more details about the acquisition of query representation  $\\mathbf{Q}^o$ . Consistent with previous works [14, 39], the main recommendation loss is formulated as a cross-entropy loss:\n\n\n$$\\mathcal{L}_{R} = -\\frac{1}{\\sum_{u \\in \\mathcal{U}} N_{u}} \\sum_{u=1}^{\\mathcal{U}} \\sum_{n=1}^{N_{u}} \\log \\frac{\\exp(z_{u,n,v_{u,n}^{o}})}{\\sum_{i \\in a_{o}} \\exp(z_{u,n,i})}.$$\n (11)"
      },
      {
        "heading": "3.4 Optimization and Recommendation",
        "text": "**Optimization.** With Eqs. 3, 9 and 11, we can jointly optimize the composite training optimization loss function in an end-to-end fashion as below:\n\n\n$$\\mathcal{L} = \\beta_1 \\mathcal{L}_S + \\beta_2 \\mathcal{L}_D + \\beta_3 \\mathcal{L}_R,\\tag{12}$$\n\nwhere  $\\beta_1$ ,  $\\beta_2$  and  $\\beta_3$  are the hyper-parameters to balance the effects of the three losses in SPOT-Trip.\n\n**Recommendation.** When carrying out the out-of-town trip recommendation, our goal is to recommend a sequence of out-of-town POIs to a new user  $u^*$  traveling to region a with a clear query. In particular, given  $u^*$ 's hometown check-in records and query  $Q_o^* = \\{v_s^o, v_e^o, N\\}$ , we first derive her/his\n\nTable 1: The overall comparison between SPOT-Trip and baselines, where the best performance is marked in bold while the second-best results are underlined. \\* denotes improvements that are statistically significant, where we use two-sided t-test with p-value < 0.05 [31].\n\n| Method              | Foursquare      |                      |                          |                           |                 | Yelp                 |                      |                           |  |\n|---------------------|-----------------|----------------------|--------------------------|---------------------------|-----------------|----------------------|----------------------|---------------------------|--|\n| Wichiod             | $F_1(\\uparrow)$ | $PairsF_1(\\uparrow)$ | $Full$ - $F_1(\\uparrow)$ | $Full-PairsF_1(\\uparrow)$ | $F_1(\\uparrow)$ | $PairsF_1(\\uparrow)$ | $Full-F_1(\\uparrow)$ | $Full-PairsF_1(\\uparrow)$ |  |\n| PersTour [26]       | 0.0258          | 0.0016               | 0.4421                   | 0.1572                    | 0.0251          | 0.0066               | 0.5059               | 0.2074                    |  |\n| Popularity [6]      | 0.0261          | 0.0013               | 0.4423                   | 0.1565                    | 0.0257          | 0.0056               | 0.5065               | 0.2058                    |  |\n| POIRank [6]         | 0.0253          | 0.0019               | 0.4416                   | 0.1582                    | 0.0264          | 0.0079               | 0.5068               | 0.2093                    |  |\n| GraphTrip [14]      | 0.0295          | 0.0048               | 0.4498                   | 0.1620                    | 0.0289          | 0.0126               | 0.5107               | 0.2184                    |  |\n| MatTrip [54]        | 0.0311          | 0.0037               | 0.4530                   | 0.1656                    | 0.0301          | 0.0119               | 0.5117               | 0.2191                    |  |\n| AR-Trip [39]        | 0.0304          | 0.0045               | 0.4512                   | 0.1673                    | 0.0307          | 0.0153               | 0.5115               | 0.2204                    |  |\n| Base                | 0.0339          | 0.0069               | 0.4571                   | 0.1698                    | 0.0315          | 0.0149               | 0.5097               | 0.2215                    |  |\n| Base + KDDC [32]    | 0.0375          | 0.0079               | 0.4606                   | 0.1822                    | 0.0341          | 0.0156               | 0.5126               | 0.2256                    |  |\n| Base + CNN-ODE [21] | 0.0367          | 0.0094               | 0.4578                   | 0.1843                    | 0.0326          | 0.0168               | 0.5124               | 0.2237                    |  |\n| Base + PPROC [21]   | 0.0330          | 0.0071               | 0.4550                   | 0.1687                    | 0.0334          | 0.0159               | 0.5110               | 0.2218                    |  |\n| SPOT-Trip           | 0.0400*         | 0.0109*              | 0.4723*                  | 0.1960*                   | 0.0399*         | 0.0190*              | 0.5261*              | 0.2347*                   |  |\n| Improvement         | +6.67%          | +15.96%              | +2.54%                   | +6.34%                    | +17.01%         | +13.90%              | +2.63%               | +4.03%                    |  |\n\ninferred static preference  $\\bar{\\mathbf{P}}^o$  and dynamic preference  $\\tilde{\\mathbf{P}}^o$  following Eqs. 2 and 4. Then we utilize Eq. 10 to generate each POI logit  $z_{u^*,n,i}$  at the trip position n in region a and employ a stochastic sampling method (i.e., Top-p [20]) to recommend the intermediate POI(s) for trip completion. Note that actual timestamps are employed in Sec. 3.2 during training to fully capture the temporal dynamics; however, such precise time information is not available during the recommendation phase. Consequently, we adopt the normalization of each query position n as a surrogate time grid, thereby approximating temporal progression in a computationally efficient manner."
      },
      {
        "heading": "4 Experiment",
        "text": ""
      },
      {
        "heading": "4.1 Experimental Setups",
        "text": "**Dateset.** The experiments are carried out on two widely-used travel behavior datasets: Foursquare and Yelp. We follow existing studies [47, 32] to identify users with check-in activities in their hometown and other regions. The check-ins are reorganized to form the corresponding out-of-town travel records  $(u, \\vec{c}_h, \\vec{c}_o, a_h, a_o)$ . To improve the rationality, we filter out users who have fewer than three check-ins in out-of-town regions, or whose travel durations are shorter than 1 hour or longer than 30 days. The knowledge graphs are extracted from the supplementary descriptive information in two datasets. More details regarding datasets can be seen in Appendix B.1.\n\n**Baseline.** We compare SPOT-Trip with 10 baselines, including 7 established trip recommendation methods without hometown information: PersTour [26], Popularity [6], POIRank [6], Graph-Trip [14], MatTrip [54], AR-Trip [39], and Base; and 3 methods with hometown information: Base + KDDC [32], Base + CNN-ODE [21], and Base + PPROC [21], where Base denotes SPOT-Trip without *KSPL* and *ODPL*. More baseline details are provided in Appendix B.2.\n\n**Evaluation Metrics.** Following existing studies [14, 23, 39],  $F_1$  and  $PairsF_1$ , are adopted as the evaluation metrics, where higher values indicate better performance. As the out-of-town trip recommendation focuses on intermediate POIs, we calculate  $F_1$  and  $PairsF_1$  without the origin and destination. In addition, to enable more comprehensive comparison, we also report the experiment results with origin and destination, denoted as  $Full-F_1$  and  $Full-PairsF_1$ . Please see the corresponding formulas in Appendix B.3.\n\n**Implementation Details.** We implement our model using the Pytorch framework on NVIDIA GeForce RTX 4090 GPU. We perform statistical testing, i.e., three times, with different parameters to enable fairer comparison, where averaged results are reported in our study. The learning rate is set to 0.001 with Adam optimizer. Additionally, the batch size and training epochs are set to 32 and 1000, respectively. We provide more details about implementation in Appendix B.4. Further, the parameters of the baseline methods are set based on their original papers and associated code."
      },
      {
        "heading": "4.2 Overall Performance",
        "text": "We compare SPOT-Trip with 9 baselines, where Table 1 reports the  $F_1$ ,  $PairsF_1$ , Full- $F_1$ , and Full- $PairsF_1$  values. Generally, SPOT-Trip achieves the best results on both datasets across all evaluation metrics, demonstrating its effectiveness. SPOT-Trip performs better than the best among the baselines by up to 17.01% and 15.96% in terms of  $F_1$  and  $PairsF_1$ , respectively. We also observe that the performance improvements obtained by SPOT-Trip on the Yelp dataset exceed those on Foursquare in terms of intermediate POIs recommendation. This is because the sufficient semantic information of Yelp introduces more external knowledge for model training, enhancing model performance. Additionally, we observe that out-of-town trip recommendation-based methods that use hometown information generally yield higher  $F_1$  and  $PairsF_1$  scores than those trip recommendation-based methods without hometown information, suggesting the significance of the static and dynamic user preference modeling with hometown context.\n\nFurther, compared to suboptimal baselines equipped with only a single learning module, i.e., Base + KDDC, Base + CNN-ODE and Base + PPROC, SPOT-Trip achieves notable improvements. Specifically, on Foursquare, it improves the  $F_1$  and  $PairsF_1$  by 6.67% and 15.96%, respectively, while the corresponding gains are 17.01% and 13.90% on Yelp. Moreover, under full-trip evaluations  $Full-F_1$  and  $Full-PairsF_1$ , which inherently include fixed origin and destination and therefore dilute relative gains, SPOT-Trip still consistently outperforms the baselines. These observations demonstrate the superiority of SPOT-Trip due to that it can learn static and dynamic user preferences comprehensively. It is worth noting that Base + PPROC exhibits inferior performance compared to Base + CNN-ODE, potentially because of the complexity involved in predicting spatiotemporal event points, which largely depends on the design of the underlying predictive model."
      },
      {
        "heading": "4.3 Ablation Study",
        "text": "To gain insight into the contributions of the different components of SPOT-Trip, we evaluate three variants: (1)  $\\mathbf{w/o}$   $\\mathbf{KS}$ . SPOT-Trip without the KSPL module; (2)  $\\mathbf{w/o}$   $\\mathbf{OD}$ . SPOT-Trip without the ODPL module; (3)  $\\mathbf{w/o}$   $\\mathbf{SI}$ . SPOT-Trip without the spatial information in ODPL. Figure 3 shows the results on two datasets, SPOT-Trip outperforms its counterparts with the KSPL module, ODPL module, and spatial information. This shows that these three components are useful for effective out-of-town trip recommendations. In particular, the  $\\mathbf{w/o}$   $\\mathbf{KS}$  variant shows a 10.02% drop in  $F_1$  and a 21.79%\n\n![](_page_7_Figure_5.jpeg)\n\nFigure 3: Performance of SPOT-Trip and its variants on two datasets.\n\ndrop in  $PairsF_1$  on Yelp, validating the effectiveness of our framework in modeling users' static preferences. Furthermore, the **w/o SI** variant suffers significant performance degradation, especially in terms of  $PairsF_1$  on Foursquare and  $F_1$  on Yelp, demonstrating the necessity of incorporating spatial information into the static preference learning process. More results and discussions are provided in Appendix C.1.\n\n![](_page_7_Figure_8.jpeg)\n\nFigure 4: The effects of discrepancy tolerance parameter  $(\\sigma_{\\tilde{v}^o})$  and various loss function weights  $(\\beta_1, \\beta_2 \\text{ and } \\beta_3)$  on the Foursquare dataset w.r.t. the  $F_1$  and  $PairsF_1$  score."
      },
      {
        "heading": "4.4 Hyper-parameter Analysis",
        "text": "We study how sensitive the framework is to the tolerance parameter  $\\sigma_{\\tilde{v}^o}$  and loss function weights  $\\beta_1$ ,  $\\beta_2$  and  $\\beta_3$ . The results are reported in Fig. 4. Specifically,  $\\sigma_{\\tilde{v}^o}$  controls the standard deviation of the behavior noise. The results show that both  $F_1$  and  $PairsF_1$  first show an increasing trend with\n\n| Table 2: | The effect of | data sparsity. | We sample | different | t fractions of | f the training data. |\n|----------|---------------|----------------|-----------|-----------|----------------|----------------------|\n|          |               |                |           |           |                |                      |\n\n\n\n|            |                                            | Hometown Data during Training                                                             |                                                     |                                                                           |                                                                                           |                                   |                                   |                                   |                                   |\n|------------|--------------------------------------------|-------------------------------------------------------------------------------------------|-----------------------------------------------------|---------------------------------------------------------------------------|-------------------------------------------------------------------------------------------|-----------------------------------|-----------------------------------|-----------------------------------|-----------------------------------|\n| Dataset    | Method                                     | 40%                                                                                       |                                                     | 60%                                                                       |                                                                                           | 80%                               |                                   | 100%                              |                                   |\n|            |                                            | $F_1(\\uparrow)$                                                                           | $PairsF_1(\\uparrow)$                                | $F_1(\\uparrow)$                                                           | $PairsF_1(\\uparrow)$                                                                      | $F_1(\\uparrow)$                   | $PairsF_1(\\uparrow)$              | $F_1(\\uparrow)$                   | $PairsF_1(\\uparrow)$              |\n| Foursquare | Base + KDDC<br>Base + CNN-ODE<br>SPOT-Trip | $\\begin{array}{c} \\underline{0.0325} \\\\ \\overline{0.0314} \\\\ \\textbf{0.0347} \\end{array}$ | $0.0038 \\\\ \\underline{0.0046} \\\\ \\overline{0.0073}$ | 0.0348<br>0.0336<br><b>0.0369</b>                                         | $\\begin{array}{c} \\underline{0.0058} \\\\ \\overline{0.0052} \\\\ \\textbf{0.0085} \\end{array}$ | 0.0364<br>0.0352<br><b>0.0401</b> | 0.0069<br>0.0074<br><b>0.0091</b> | 0.0375<br>0.0367<br><b>0.0400</b> | 0.0079<br>0.0094<br><b>0.0109</b> |\n| Yelp       | Base + KDDC<br>Base + CNN-ODE<br>SPOT-Trip | $\\begin{array}{c} \\underline{0.0321} \\\\ 0.0313 \\\\ \\textbf{0.0327} \\end{array}$            | $0.0140 \\\\ \\underline{0.0154} \\\\ 0.0162$            | $\\begin{array}{c} 0.0331 \\\\ \\hline 0.0327 \\\\ \\textbf{0.0343} \\end{array}$ | 0.0149<br>0.0156<br><b>0.0178</b>                                                         | 0.0338<br>0.0333<br>0.0384        | 0.0151<br>0.0161<br><b>0.0216</b> | 0.0341<br>0.0326<br><b>0.0399</b> | 0.0156<br>0.0168<br><b>0.0190</b> |\n\nthe increase of  $\\sigma_{\\tilde{v}^o}$  and then decline gradually, where two exceptions are observed when  $\\sigma_{\\tilde{v}^o}$  is set to 0.3 and 0.4. This indicates a moderate  $\\sigma_{\\tilde{v}^o}$  (e.g., 0.6 on Foursquare) would be a good option for SPOT-Trip as it achieves a balance between latent dynamics and true behavior.\n\nBesides, we assess the effect of each loss weight  $(\\beta_1, \\beta_2, \\beta_3)$  by varying one within the range [0.1, 0.9] and setting the other two to  $\\frac{1-\\beta}{2}$ , e.g., varying  $\\beta_1$  with  $\\beta_2 = \\beta_3 = \\frac{1-\\beta_1}{2}$ . It can be observed that for the three parameters, the recommendation performance attains its peak when they are set to 0.3 or 0.4. This suggests that moderate loss weights help balance the contributions of different loss components during tuning. Based on this observation, we set  $\\beta_1 = \\beta_2 = \\beta_3 = 1$  in the final framework, assuming that each loss term is properly normalized to ensure balanced influence. More results regarding parameter sensitivity can be found in Appendix C.2."
      },
      {
        "heading": "4.5 The Effect of Data Sparsity",
        "text": "Tab. 2 summarizes the performance of various methods trained with limited hometown data. We randomly sample 40%, 60%, and 80% of the hometown trajectories, while preserving the original sequence order and avoiding adjacent duplicate POIs to ensure data quality. It is observed that SPOT-Trip consistently outperforms the strongest baselines, highlighting its robustness in data-scarce scenarios. An interesting observation is that using only 80% of the hometown data leads to better  $F_1$  on Foursquare and  $PairsF_1$  on Yelp than using the complete data. We speculate that this improvement may result from the random sampling process, which potentially removes noisy information from the hometown check-ins.\n\n![](_page_8_Figure_6.jpeg)\n\nFigure 5: Visualizations of recommendation results for the user 2964 on Foursquare. (O) denotes a query with a single origin, while (D) denotes a query with a single destination."
      },
      {
        "heading": "4.6 Case Study",
        "text": "To intuitively show the effectiveness of SPOT-Trip, we provide a case study on Foursquare as shown in Fig. 5. We choose AR-Trip for comparison due to its superior performance. The results show that the recommended intermediate POIs of SPOT-Trip exhibit a remarkable level of alignment with the ground truth. It is clear that SPOT-Trip can accurately trace the right out-of-town trip recommendation. Figs. 5(c) and 5(d) show that even with only the origin (SPOT-Trip (O)) or destination (SPOT-Trip (D)) provided, SPOT-Trip generates plausible recommendations (e.g., both the predicted destination and origin correspond to train stations), demonstrating its ability to capture realistic user travel patterns. We have provided more case studies in Appendix C.3."
      },
      {
        "heading": "5 Relate Work",
        "text": "Out-of-town Recommendation. Out-of-town recommendation aims to suggest the next likely new POI for users visiting unfamiliar regions. This task is particularly challenging due to issues such as cold start and interest drift. Early work, such as [\\[13\\]](#page-10-9) addressed the problem by exploring social influence. Subsequent studies [\\[53,](#page-12-8) [43\\]](#page-12-4) primarily adopted latent Dirichlet allocation (LDA) to capture interest drift, incorporating user preferences and POI content. In addition, deep learningbased approaches have been proposed to tackle the problem more effectively. For instance, [\\[46\\]](#page-12-2) leveraged neural topic modeling to conduct a fine-grained analysis of users' travel intentions, while [\\[48\\]](#page-12-9) exploited cross-city mobility matching to mitigate data sparsity. [\\[47\\]](#page-12-3) and [\\[32\\]](#page-11-3) settled the more intractable pre-travel recommendation with the crowd behavior memory and causal relationship. Despite these efforts, limited attention has been paid to the out-of-town trip recommendation scenario.\n\nTrip Recommendation. Earlier research on trip recommendation predominantly relied on planningbased approaches rooted in the orienteering problem [\\[17\\]](#page-10-10). For example, Popularity [\\[6\\]](#page-10-8) focuses solely on POI popularity and Markov [\\[6\\]](#page-10-8) models transitions between POIs. Later methods began to move beyond pure optimization formulations. For instance, C-ILP [\\[18\\]](#page-11-14) introduces context-aware POI embeddings via linear programming. However, these planning-based methods struggle to capture the complexity and uncertainty of human mobility, motivating the rise of recent learning-based approaches. Transformer-based models like Bert-Trip [\\[23\\]](#page-11-1) treat trip recommendation as a sentence completion task to generate personalized itineraries that align with tourists' preferences and realworld constraints, while AR-Trip [\\[39\\]](#page-11-2) leverages a prior position-based matrix to alleviate the issue of repetitive recommendations. While effective to some extent, these methods use only position embeddings to model preference changes and are limited in capturing irregular temporal dynamics, which our proposed SPOT-Trip is designed to overcome.\n\nKnowledge Graph-enhanced Recommendation. Existing Knowledge Graph (KG)-enhanced approaches for general recommendation tasks can be broadly classified into three categories: embeddingbased, path-based, and graph neural network (GNN)-based methods. Embedding-based methods, such as [\\[35\\]](#page-11-15), utilize transition-based models (e.g., TransR [\\[27\\]](#page-11-16)) to generate item representations via entity embeddings. Path-based methods [\\[16,](#page-10-11) [45\\]](#page-12-10) enhance user-item connectivity by constructing meta-paths, yet they heavily rely on domain-specific prior knowledge and manual path design. More recent efforts have shifted towards GNN-based techniques [\\[3,](#page-10-12) [44\\]](#page-12-11), which leverage message passing across multi-hop neighbors to capture complex relational structures. KGCL [\\[51\\]](#page-12-12) and KGRec [\\[50\\]](#page-12-7) further introduce joint self-supervised learning schemes to mitigate data noise but will increase computational overhead. Therefore, our framework alternately leverages embedding-based and GNN-based methods to enhance the semantic representation of users' static preferences.\n\nOrdinary Differential Equation. Neural ODEs [\\[9\\]](#page-10-13) represent a novel framework that extends discrete deep neural networks to continuous-time domains by modeling transformations as ordinary differential equations, effectively generalizing architectures such as ResNet [\\[19\\]](#page-11-17). Owing to their strong performance and modeling flexibility, neural ODEs have found wide application across diverse areas, including traffic flow prediction [\\[34\\]](#page-11-7), time series forecasting [\\[41\\]](#page-12-13), and continuous dynamical systems [\\[15,](#page-10-14) [21\\]](#page-11-5). Recently, researchers have begun integrating neural ODEs with GNNs by parameterizing the derivative of hidden node states for sequential recommendation [\\[11,](#page-10-15) [37\\]](#page-11-6). In contrast to existing ODE approaches, we introduce neural ODEs to effectively capture the temporal dynamics of user preferences in out-of-town regions."
      },
      {
        "heading": "6 Conclusion",
        "text": "We present SPOT-Trip in this study, a static-dynamic preference aware out-of-town trip recommendation framework, which features three modules. First, the knowledge-enhanced static preference learning module constructs a POI attribute knowledge graph and employs relation-aware attention to generate enriched POI embeddings, capturing the static preferences. Second, the ODE-based dynamic preference learning module is proposed to leverage neural ODEs with a temporal point process learning the continuous drift of dynamic user preferences. Together with the static-dynamic preference fusion module, SPOT-Trip delivers superior personalized trips for users traveling from their hometown to unfamiliar regions. Comprehensive experiments on two real datasets offer evidence that SPOT-Trip achieves state-of-the-art accuracy. In the future, an interesting research direction is to apply SPOT-Trip to other spatio-temporal tasks, such as trajectory prediction."
      }
    ],
    "references": [
      {
        "title": "Agrawal and J",
        "author": [
          "A"
        ],
        "venue": "Domke. Amortized variational inference for simple hierarchical models. NeurIPS, 34:21388–21399",
        "citeRegEx": "A et al\\\\.,? 2021",
        "shortCiteRegEx": "A et al\\\\.",
        "year": 2021
      },
      {
        "title": "Al-Hazwani, T",
        "author": [
          "I"
        ],
        "venue": "Luo, O. Inel, F. Ricci, M. El-Assady, and J. Bernard. Scrollypoi: A narrativedriven interactive recommender system for points-of-interest exploration and explainability. In UMAP, pages 292–304",
        "citeRegEx": "I et al\\\\.,? 2024",
        "shortCiteRegEx": "I et al\\\\.",
        "year": 2024
      },
      {
        "title": "Balloccu, L",
        "author": [
          "G"
        ],
        "venue": "Boratto, G. Fenu, and M. Marras. Post processing recommender systems with knowledge graphs for recency, popularity, and diversity of explanations. In SIGIR, pages 646–656",
        "citeRegEx": "G et al\\\\.,? 2022",
        "shortCiteRegEx": "G et al\\\\.",
        "year": 2022
      },
      {
        "title": "Bordes, N",
        "author": [
          "A"
        ],
        "venue": "Usunier, A. Garcia-Duran, J. Weston, and O. Yakhnenko. Translating embeddings for modeling multi-relational data. NeurIPS, 26",
        "citeRegEx": "A et al\\\\.,? 2013",
        "shortCiteRegEx": "A et al\\\\.",
        "year": 2013
      },
      {
        "title": "Cao, J",
        "author": [
          "J"
        ],
        "venue": "Fang, Z. Meng, and S. Liang. Knowledge graph embedding: A survey from the perspective of representation spaces. CSUR, 56(6):1–42",
        "citeRegEx": "J et al\\\\.,? 2024",
        "shortCiteRegEx": "J et al\\\\.",
        "year": 2024
      },
      {
        "title": "Chen, C",
        "author": [
          "D"
        ],
        "venue": "S. Ong, and L. Xie. Learning points and routes to recommend trajectories. In CIKM, pages 2227–2232",
        "citeRegEx": "D et al\\\\.,? 2016",
        "shortCiteRegEx": "D et al\\\\.",
        "year": 2016
      },
      {
        "title": "Y",
        "author": [
          "P"
        ],
        "venue": "Chen, J. Xiang, D. H. Cho, Y. Chang, G. A. Pershing, H. T. Maia, M. M. Chiaramonte, K. T. Carlberg, and E. Grinspun. Crom: Continuous reduced-order modeling of pdes using implicit neural representations. In ICLR",
        "citeRegEx": "P et al\\\\.,? 2023",
        "shortCiteRegEx": "P et al\\\\.",
        "year": 2023
      },
      {
        "title": "T",
        "author": [
          "R"
        ],
        "venue": "Chen, Y. Rubanova, J. Bettencourt, and D. K. Duvenaud. Neural ordinary differential equations. NeurIPS, 31",
        "citeRegEx": "R et al\\\\.,? 2018",
        "shortCiteRegEx": "R et al\\\\.",
        "year": 2018
      },
      {
        "title": "T",
        "author": [
          "R"
        ],
        "venue": "Q. Chen, Y. Rubanova, J. Bettencourt, and D. Duvenaud. Neural ordinary differential equations. NeurIPS",
        "citeRegEx": "R et al\\\\.,? 2018",
        "shortCiteRegEx": "R et al\\\\.",
        "year": 2018
      },
      {
        "title": "Chen, X",
        "author": [
          "Y"
        ],
        "venue": "Li, G. Cong, C. Long, Z. Bao, S. Liu, W. Gu, and F. Zhang. Points-of-interest relationship inference with spatial-enriched graph neural networks. VLDB, 15(3):504–512",
        "citeRegEx": "Y et al\\\\.,? 2021",
        "shortCiteRegEx": "Y et al\\\\.",
        "year": 2021
      },
      {
        "title": "Choi, J",
        "author": [
          "J"
        ],
        "venue": "Jeon, and N. Park. Lt-ocf: Learnable-time ode-based collaborative filtering. In CIKM, pages 251–260",
        "citeRegEx": "J et al\\\\.,? 2021",
        "shortCiteRegEx": "J et al\\\\.",
        "year": 2021
      },
      {
        "title": "Ding, G",
        "author": [
          "J"
        ],
        "venue": "Yu, Y. Li, D. Jin, and H. Gao. Learning from hometown and current city: Cross-city poi recommendation via interest drift and transfer learning. IMWUT, 3(4):1–28",
        "citeRegEx": "J et al\\\\.,? 2019",
        "shortCiteRegEx": "J et al\\\\.",
        "year": 2019
      },
      {
        "title": "Ference, M",
        "author": [
          "G"
        ],
        "venue": "Ye, and W.-C. Lee. Location recommendation for out-of-town users in locationbased social networks. In CIKM, pages 721–726",
        "citeRegEx": "G et al\\\\.,? 2013",
        "shortCiteRegEx": "G et al\\\\.",
        "year": 2013
      },
      {
        "title": "Gao, W",
        "author": [
          "Q"
        ],
        "venue": "Wang, L. Huang, X. Yang, T. Li, and H. Fujita. Dual-grained human mobility learning for location-aware trip recommendation with spatial–temporal graph knowledge fusion. Information Fusion, 92:46–63",
        "citeRegEx": "Q et al\\\\.,? 2023",
        "shortCiteRegEx": "Q et al\\\\.",
        "year": 2023
      },
      {
        "title": "Ghanem, A",
        "author": [
          "P"
        ],
        "venue": "Demirkaya, T. Imbiriba, A. Ramezani, Z. Danziger, and D. Erdogmus. Learning physics informed neural odes with partial measurements. In AAAI, volume 39, pages 16799– 16807",
        "citeRegEx": "P et al\\\\.,? 2025",
        "shortCiteRegEx": "P et al\\\\.",
        "year": 2025
      },
      {
        "title": "Gogleva, D",
        "author": [
          "A"
        ],
        "venue": "Polychronopoulos, M. Pfeifer, V. Poroshin, M. Ughetto, M. J. Martin, H. Thorpe, A. Bornot, P. D. Smith, B. Sidders, et al. Knowledge graph-based recommendation framework identifies drivers of resistance in egfr mutant non-small cell lung cancer. Nature Communications, 13(1):1667",
        "citeRegEx": "A et al\\\\.,? 2022",
        "shortCiteRegEx": "A et al\\\\.",
        "year": 2022
      },
      {
        "title": "Gunawan, H",
        "author": [
          "A"
        ],
        "venue": "C. Lau, and P. Vansteenwegen. Orienteering problem: A survey of recent variants, solution approaches and applications. European Journal of Operational Research, 255(2):315–332",
        "citeRegEx": "A et al\\\\.,? 2016",
        "shortCiteRegEx": "A et al\\\\.",
        "year": 2016
      },
      {
        "title": "He, J",
        "author": [
          "J"
        ],
        "venue": "Qi, and K. Ramamohanarao. A joint context-aware embedding for trip recommendations. In ICDE, pages 292–303",
        "citeRegEx": "J et al\\\\.,? 2019",
        "shortCiteRegEx": "J et al\\\\.",
        "year": 2019
      },
      {
        "title": "He, X",
        "author": [
          "K"
        ],
        "venue": "Zhang, S. Ren, and J. Sun. Deep residual learning for image recognition. In ICCV, pages 770–778",
        "citeRegEx": "K et al\\\\.,? 2016",
        "shortCiteRegEx": "K et al\\\\.",
        "year": 2016
      },
      {
        "title": "Holtzman, J",
        "author": [
          "A"
        ],
        "venue": "Buys, L. Du, M. Forbes, and Y. Choi. The curious case of neural text degeneration. In ICLR",
        "citeRegEx": "A et al\\\\.,? 2020",
        "shortCiteRegEx": "A et al\\\\.",
        "year": 2020
      },
      {
        "title": "Iakovlev and H",
        "author": [
          "V"
        ],
        "venue": "Lähdesmäki. Learning spatiotemporal dynamical systems from point process observations. In ICLR",
        "citeRegEx": "V et al\\\\.,? 2025",
        "shortCiteRegEx": "V et al\\\\.",
        "year": 2025
      },
      {
        "title": "Kong, Z",
        "author": [
          "X"
        ],
        "venue": "Chen, J. Li, J. Bi, and G. Shen. Kgnext: Knowledge-graph-enhanced transformer for next poi recommendation with uncertain check-ins. TCSS",
        "citeRegEx": "X et al\\\\.,? 2024",
        "shortCiteRegEx": "X et al\\\\.",
        "year": 2024
      },
      {
        "title": "-T",
        "author": [
          "A"
        ],
        "venue": "Kuo, H. Chen, and W.-S. Ku. Bert-trip: effective and scalable trip representation using attentive contrast learning. In ICDE, pages 612–623. IEEE Computer Society",
        "citeRegEx": "A et al\\\\.,? 2023",
        "shortCiteRegEx": "A et al\\\\.",
        "year": 2023
      },
      {
        "title": "-P",
        "author": [
          "C"
        ],
        "venue": "Lee and C.-J. Lin. Large-scale linear ranksvm. Neural Computation, 26(4):781–817",
        "citeRegEx": "C et al\\\\.,? 2014",
        "shortCiteRegEx": "C et al\\\\.",
        "year": 2014
      },
      {
        "title": "Li and Z",
        "author": [
          "D"
        ],
        "venue": "Gong. A deep neural network for crossing-city poi recommendations. TKDE, 34(8):3536–3548",
        "citeRegEx": "D et al\\\\.,? 2020",
        "shortCiteRegEx": "D et al\\\\.",
        "year": 2020
      },
      {
        "title": "H",
        "author": [
          "K"
        ],
        "venue": "Lim, J. Chan, C. Leckie, and S. Karunasekera. Personalized tour recommendation based on user interests and points of interest visit durations. In IJCAI, volume 15, pages 1778–1784",
        "citeRegEx": "K et al\\\\.,? 2015",
        "shortCiteRegEx": "K et al\\\\.",
        "year": 2015
      },
      {
        "title": "Lin, Z",
        "author": [
          "Y"
        ],
        "venue": "Liu, M. Sun, Y. Liu, and X. Zhu. Learning entity and relation embeddings for knowledge graph completion. In AAAI, volume 29",
        "citeRegEx": "Y et al\\\\.,? 2015",
        "shortCiteRegEx": "Y et al\\\\.",
        "year": 2015
      },
      {
        "title": "Liu, H",
        "author": [
          "C"
        ],
        "venue": "Miao, Q. Xu, S. Zhou, C. Long, Y. Zhao, Z. Li, and R. Zhao. Efficient multivariate time series forecasting via calibrated language models with privileged knowledge distillation. In ICDE, pages 3165–3178",
        "citeRegEx": "C et al\\\\.,? 2025",
        "shortCiteRegEx": "C et al\\\\.",
        "year": 2025
      },
      {
        "title": "Liu, Q",
        "author": [
          "C"
        ],
        "venue": "Xu, H. Miao, S. Yang, L. Zhang, C. Long, Z. Li, and R. Zhao. Timecma: Towards llm-empowered multivariate time series forecasting via cross-modality alignment. In AAAI, volume 39, pages 18780–18788",
        "citeRegEx": "C et al\\\\.,? 2025",
        "shortCiteRegEx": "C et al\\\\.",
        "year": 2025
      },
      {
        "title": "Liu, S",
        "author": [
          "C"
        ],
        "venue": "Zhou, Q. Xu, H. Miao, C. Long, Z. Li, and R. Zhao. Towards cross-modality modeling for time series analytics: A survey in the llm era. In IJCAI",
        "citeRegEx": "C et al\\\\.,? 2025",
        "shortCiteRegEx": "C et al\\\\.",
        "year": 2025
      },
      {
        "title": "Liu, X",
        "author": [
          "Q"
        ],
        "venue": "Wu, Y. Wang, Z. Zhang, F. Tian, Y. Zheng, and X. Zhao. Llm-esr: Large language models enhancement for long-tailed sequential recommendation. NeurIPS, 37:26701–26727",
        "citeRegEx": "Q et al\\\\.,? 2024",
        "shortCiteRegEx": "Q et al\\\\.",
        "year": 2024
      },
      {
        "title": "Liu, G",
        "author": [
          "Y"
        ],
        "venue": "Shen, C. Cui, Z. Zhao, X. Han, J. Du, X. Zhao, and X. Kong. Kddc: Knowledgedriven disentangled causal metric learning for pre-travel out-of-town recommendation. In IJCAI, pages 4–9",
        "citeRegEx": "Y et al\\\\.,? 2024",
        "shortCiteRegEx": "Y et al\\\\.",
        "year": 2024
      },
      {
        "title": "Lüdke, M",
        "author": [
          "D"
        ],
        "venue": "Biloš, O. Shchur, M. Lienen, and S. Günnemann. Add and thin: Diffusion for temporal point processes. NeurIPS, 36:56784–56801",
        "citeRegEx": "D et al\\\\.,? 2023",
        "shortCiteRegEx": "D et al\\\\.",
        "year": 2023
      },
      {
        "title": "Mercatali, A",
        "author": [
          "G"
        ],
        "venue": "Freitas, and J. Chen. Graph neural flows for unveiling systemic interactions among irregularly sampled time series. In NeurIPS",
        "citeRegEx": "G et al\\\\.,? 2024",
        "shortCiteRegEx": "G et al\\\\.",
        "year": 2024
      },
      {
        "title": "Mezni, D",
        "author": [
          "H"
        ],
        "venue": "Benslimane, and L. Bellatreche. Context-aware service recommendation based on knowledge graph embedding. TKDE, 34(11):5225–5238",
        "citeRegEx": "H et al\\\\.,? 2021",
        "shortCiteRegEx": "H et al\\\\.",
        "year": 2021
      },
      {
        "title": "Miao, Z",
        "author": [
          "H"
        ],
        "venue": "Liu, Y. Zhao, C. Guo, B. Yang, K. Zheng, and C. S. Jensen. Less is more: Efficient time series dataset condensation via two-fold modal matching. PVLDB, 18(2):226–238",
        "citeRegEx": "H et al\\\\.,? 2024",
        "shortCiteRegEx": "H et al\\\\.",
        "year": 2024
      },
      {
        "title": "Qin, W",
        "author": [
          "Y"
        ],
        "venue": "Ju, H. Wu, X. Luo, and M. Zhang. Learning graph ode for continuous-time sequential recommendation. TKDE, 36(7):3224–3236",
        "citeRegEx": "Y et al\\\\.,? 2024",
        "shortCiteRegEx": "Y et al\\\\.",
        "year": 2024
      },
      {
        "title": "Sharma, R",
        "author": [
          "A"
        ],
        "venue": "Johnson, F. Engert, and S. Linderman. Point process latent variable models of larval zebrafish behavior. NeurIPS, 31",
        "citeRegEx": "A et al\\\\.,? 2018",
        "shortCiteRegEx": "A et al\\\\.",
        "year": 2018
      },
      {
        "title": "Shu, K",
        "author": [
          "W"
        ],
        "venue": "Xu, W. Tai, T. Zhong, Y. Wang, and F. Zhou. Analyzing and mitigating repetitions in trip recommendation. In SIGIR, pages 2276–2280",
        "citeRegEx": "W et al\\\\.,? 2024",
        "shortCiteRegEx": "W et al\\\\.",
        "year": 2024
      },
      {
        "title": "Vaswani, N",
        "author": [
          "A"
        ],
        "venue": "Shazeer, N. Parmar, J. Uszkoreit, L. Jones, A. N. Gomez, Ł. Kaiser, and I. Polosukhin. Attention is all you need. NeurIPS, 30",
        "citeRegEx": "A et al\\\\.,? 2017",
        "shortCiteRegEx": "A et al\\\\.",
        "year": 2017
      },
      {
        "title": "Verma, M",
        "author": [
          "Y"
        ],
        "venue": "Heinonen, and V. Garg. Climode: Climate and weather forecasting with physicsinformed neural odes. In ICLR",
        "citeRegEx": "Y et al\\\\.,? 2024",
        "shortCiteRegEx": "Y et al\\\\.",
        "year": 2024
      },
      {
        "title": "Wang, C",
        "author": [
          "F"
        ],
        "venue": "Chen, W. Liu, M. Lei, J. Chen, Y. Liu, X. Zheng, and J. Yin. Dr-vae: Debiased and representation-enhanced variational autoencoder for collaborative recommendation. In AAAI, volume 39, pages 12703–12711",
        "citeRegEx": "F et al\\\\.,? 2025",
        "shortCiteRegEx": "F et al\\\\.",
        "year": 2025
      },
      {
        "title": "Wang, Y",
        "author": [
          "H"
        ],
        "venue": "Fu, Q. Wang, H. Yin, C. Du, and H. Xiong. A location-sentiment-aware recommender system for both home-town and out-of-town users. In SIGKDD, pages 1135–1143",
        "citeRegEx": "H et al\\\\.,? 2017",
        "shortCiteRegEx": "H et al\\\\.",
        "year": 2017
      },
      {
        "title": "Wang, Y",
        "author": [
          "S"
        ],
        "venue": "Sui, C. Wang, and H. Xiong. Unleashing the power of knowledge graph for recommendation via invariant learning. In WWW, pages 3745–3755",
        "citeRegEx": "S et al\\\\.,? 2024",
        "shortCiteRegEx": "S et al\\\\.",
        "year": 2024
      },
      {
        "title": "Wei, W",
        "author": [
          "Y"
        ],
        "venue": "Liu, F. Liu, X. Wang, L. Nie, and T.-S. Chua. Lightgt: A light graph transformer for multimedia recommendation. In SIGIR, pages 1508–1517",
        "citeRegEx": "Y et al\\\\.,? 2023",
        "shortCiteRegEx": "Y et al\\\\.",
        "year": 2023
      },
      {
        "title": "Xin, X",
        "author": [
          "H"
        ],
        "venue": "Lu, T. Xu, H. Liu, J. Gu, D. Dou, and H. Xiong. Out-of-town recommendation with travel intention modeling. In AAAI, volume 35, pages 4529–4536",
        "citeRegEx": "H et al\\\\.,? 2021",
        "shortCiteRegEx": "H et al\\\\.",
        "year": 2021
      },
      {
        "title": "Xin, X",
        "author": [
          "H"
        ],
        "venue": "Lu, N. Zhu, T. Xu, D. Dou, and H. Xiong. Captor: A crowd-aware pre-travel recommender system for out-of-town users. In SIGIR, pages 1174–1184",
        "citeRegEx": "H et al\\\\.,? 2022",
        "shortCiteRegEx": "H et al\\\\.",
        "year": 2022
      },
      {
        "title": "Xu and D",
        "author": [
          "S"
        ],
        "venue": "Guan. Crosspred: A cross-city mobility prediction framework for long-distance travelers via poi feature matching. In CIKM, pages 4148–4152",
        "citeRegEx": "S et al\\\\.,? 2024",
        "shortCiteRegEx": "S et al\\\\.",
        "year": 2024
      },
      {
        "title": "Xu, S",
        "author": [
          "W"
        ],
        "venue": "Zheng, L. He, B. Shao, J. Yin, and T.-Y. Liu. Seek: Segmented embedding of knowledge graphs. In ACL, pages 3888–3897",
        "citeRegEx": "W et al\\\\.,? 2020",
        "shortCiteRegEx": "W et al\\\\.",
        "year": 2020
      },
      {
        "title": "Yang, C",
        "author": [
          "Y"
        ],
        "venue": "Huang, L. Xia, and C. Huang. Knowledge graph self-supervised rationalization for recommendation. In SIGKDD, pages 3046–3056",
        "citeRegEx": "Y et al\\\\.,? 2023",
        "shortCiteRegEx": "Y et al\\\\.",
        "year": 2023
      },
      {
        "title": "Yang, C",
        "author": [
          "Y"
        ],
        "venue": "Huang, L. Xia, and C. Li. Knowledge graph contrastive learning for recommendation. In SIGIR, pages 1434–1443",
        "citeRegEx": "Y et al\\\\.,? 2022",
        "shortCiteRegEx": "Y et al\\\\.",
        "year": 2022
      },
      {
        "title": "Yin, Y",
        "author": [
          "F"
        ],
        "venue": "Liu, Z. Shen, L. Chen, S. Shang, and P. Han. Next poi recommendation with dynamic graph and explicit dependency. In AAAI, volume 37, pages 4827–4834",
        "citeRegEx": "F et al\\\\.,? 2023",
        "shortCiteRegEx": "F et al\\\\.",
        "year": 2023
      },
      {
        "title": "Yin, B",
        "author": [
          "H"
        ],
        "venue": "Cui, X. Zhou, W. Wang, Z. Huang, and S. Sadiq. Joint modeling of user check-in behaviors for real-time point-of-interest recommendation. TOIS, 35(2):1–44",
        "citeRegEx": "H et al\\\\.,? 2016",
        "shortCiteRegEx": "H et al\\\\.",
        "year": 2016
      },
      {
        "title": "Zhang, M",
        "author": [
          "J"
        ],
        "venue": "Ma, X. Gao, and G. Chen. Encoder-decoder based route generation model for flexible travel recommendation. TSC",
        "citeRegEx": "J et al\\\\.,? 2024",
        "shortCiteRegEx": "J et al\\\\.",
        "year": 2024
      },
      {
        "title": "Zhang, X",
        "author": [
          "Y"
        ],
        "venue": "Kong, Z. Shen, J. Li, Q. Yi, G. Shen, and B. Dong. A survey on temporal knowledge graph embedding: Models and applications. KBS, page 112454",
        "citeRegEx": "Y et al\\\\.,? 2024",
        "shortCiteRegEx": "Y et al\\\\.",
        "year": 2024
      }
    ]
  }
}