{
  "forum_id": "UuHzyclzYR",
  "metadata": {
    "source": "NeurIPS",
    "year": 2025,
    "title": "Learning Orthogonal Multi-Index Models: A Fine-Grained Information Exponent Analysis",
    "abstractText": "The information exponent ([BAGJ21]) and its extensions — which are equivalent to the lowest degree in the Hermite expansion of the link function (after a potential label transform) for Gaussian single-index models — have played an important role in predicting the sample complexity of online stochastic gradient descent (SGD) in various learning tasks. In this work, we demonstrate that, for multi-index models, focusing solely on the lowest degree can miss key structural details of the model and result in suboptimal rates.\n\nSpecifically, we consider the task of learning target functions of form  $f_*(x) = \\sum_{k=1}^P \\phi(v_k^* \\cdot x)$ , where  $P \\ll d$ , the ground-truth directions  $\\{v_k^*\\}_{k=1}^P$  are orthonormal, and the information exponent of  $\\phi$  is L. Based on the theory of information exponent, when L=2, only the relevant subspace (not the exact directions) can be recovered due to the rotational invariance of the second-order terms, and when L>2, recovering the directions using online SGD require  $\\tilde{O}(Pd^{L-1})$  samples. In this work, we show that by considering both second- and higher-order terms, we can first learn the relevant space using the second-order terms, and then the exact directions using the higher-order terms, and the overall sample and complexity of online SGD is  $\\tilde{O}(dP^{L-1})$ .",
    "sections": [
      {
        "heading": "1 Introduction",
        "text": "In many learning problems, the target function exhibits or is assumed to exhibit a low-dimensional structure. A classical model of this type is the multi-index model, where the target function depends only on a P-dimensional subspace of the ambient space  $\\mathbb{R}^d$ , with P typically much smaller than d. When the relevant dimension P=1, the model is known as the single-index model, which dates back to at least [Ich93]. Both single- and multi-index models have been widely studied, especially in the context of neural network and stochastic gradient descent (SGD) in recent years, sometimes under the name \"feature learning\" [BAGJ21, BBSS22, DLS22, AAM22, AAM23, DKPS24, DPVLB24, OSSW24, DTA+24].\n\nIn [BAGJ21], the authors show that for single-index models, the behavior of online SGD can be split into two phases: an initial \"searching\" phase, where most of the samples are used to boost the correlation with the relevant (one-dimensional) subspace to a constant, and a subsequent \"descending\" phase, where the correlation further increases to 1. They introduce the concept of the information exponent (IE), defined as the index of the first nonzero coefficient in the Taylor expansion of the population loss around 0, which also corresponds to the lowest degree in the Hermite expansion of the link function in Gaussian single-index models. They prove that the sample complexity of online SGD is  $\\tilde{O}(d^{(\\mathrm{IE}-1)\\vee 1})$ . After that, various lower and upper bounds have been established for single-index models in [BBSS22, DNGL23, DPVLB24]. Similar results for certain multi-index models have also been derived in [AAM22, AAM23, BBPV23, OSSW24]. In all cases, the sample complexity of online SGD scales with  $d^{\\mathrm{IE}-1}$  when IE  $\\geq 3$ .\n\nLater, it was realized that the notion of information exponent is not stable under modifications of the algorithm. In particular, the information exponent of a link function can be greatly reduced by reusing batches or applying a suitable label transformation [ADK $^+$ 24, DTA $^+$ 24, LOSW24, DPVLB24]. For example, the IE of any fixed degree polynomial can be reduced to at most 2 via monomial transformations. This observation leads to the notion of generative exponent (GE) [DPVLB24], which is defined as the lowest information exponent among all  $L^2$  transform of the original link function. It yields bounds that match the previous results for non-gradient-based methods [CM20, TDD $^+$ 24, BKM $^+$ 19]. Despite the improvement over the vanilla information exponent, in the framework of generative exponents, still only the lowest order is considered. As we will discuss later, this makes it suffer from the same issue of information exponent in the context of multi-index models.\n\nConsider multi-index models of form  $f_*(x) = \\sum_{k=1}^P \\phi(v_k^* \\cdot x)$ , where  $\\{v_k^*\\}_k$  are orthonormal vectors. In this setting, there are two types of recovery: recovering each direction  $v_k^*$  and recovering the subspace spanned by  $\\{v_k^*\\}_k$ . The former notion is stronger, and once the directions are learned, the learning task essentially reduces to learning the one-dimensional  $\\phi: \\mathbb{R} \\to \\mathbb{R}$ . However, directional recovery is not always possible. To see this, consider the case  $\\phi(z) = h_2(z)$ , where  $h_l$  is the l-th (normalized) Hermite polynomial. One can show that this corresponds to decomposing the projection matrix (a second-order tensor) of the subspace  $\\mathrm{span}\\{v_k^*\\}_k$ . Hence, recovering the directions is impossible due to the rotational invariance (see Section 3.1 for more discussion). In other words, in any framework that considers only the lowest order (IE or GE), if the lowest order is 2, we cannot get guarantees beyond subspace recovery due to the existence of the  $\\phi=h_2$  example.\n\nOn the other hand, if  $\\phi$  contains some higher-order terms, e.g.,  $\\phi = h_2 + h_4$ , then one should expect that directional convergence is possible, even though IE( $\\phi$ ) is still 2, because of identifiability property of (higher-order) orthogonal tensor decomposition problem [GLM18, LMZ20, GRWZ21]. In addition, we should be able to first recover the subspace using the second-order terms, which should require  $\\tilde{O}(d\\operatorname{poly} P)$  samples, and then recover the directions using the higher-order terms. Moreover, since we have learned the relevant subspace, the number of samples needed in the second step should be much smaller than what is needed if there were no second-order terms.\n\nIn this work, we formally prove the above conjecture and show that the overall sample complexity is  $\\tilde{O}(dP^{L-1})$ , where L is the (lowest) order of the higher-order terms. Note that this bound scales linearly with the ambient dimension d, and it matches the sample complexity of separately learning P independent single-index models with the relevant subspace known but the noise scales with d, up to potential logarithmic terms. More formally, we prove the following theorem.\n\n**Theorem 1.1** (Informal version of Theorem 2.1). Suppose that the target function is given by  $f_*(\\boldsymbol{x}) = \\sum_{k=1}^P \\phi(\\boldsymbol{v}_k^* \\cdot \\boldsymbol{x})$  where  $\\phi = \\hat{\\phi}_2 h_2 + \\sum_{l=L}^\\infty \\hat{\\phi}_l h_l$ , with  $L \\geq 3$ ,  $\\hat{\\phi}_2^2, \\hat{\\phi}_L^2 > 0$ , and  $\\{\\boldsymbol{v}_k^*\\}_{k=1}^P$  are orthonormal, and the input  $\\boldsymbol{x}$  follows the standard Gaussian distribution  $\\mathcal{N}(0, \\boldsymbol{I}_d)$ . Then, we can use online SGD (followed by a ridge regression step) to train a two-layer network of width  $\\tilde{O}(P)$  to learn (with high probability) this target function using  $\\tilde{O}(dP^{L-1})$  samples and steps.\n\n**Organization** The rest of the paper is organized as follows. First, we review the related works and summarize our contributions. Then, we describe the detailed setting and state the formal version of the main theorem in Section 2. In Section 3, we discuss the easier case where the training algorithm is population gradient flow. Then, in Section 4, we show how to convert the gradient flow analysis to an online SGD one. Finally, we conclude and discuss the limitations in Section 5. The proofs, simulation results (Appendix F), and a table of contents can be found in the appendix."
      },
      {
        "heading": "1.1 Related work",
        "text": "In this subsection, we discuss works that are directly related to ours or were not covered earlier in the introduction.\n\nAlong the line of information exponent, the paper most related to ours is [OSSW24]. They show that for near orthogonal multi-index models, the sample complexity of recovering all ground-truth directions using online SGD is  $\\tilde{O}(Pd^{\\mathrm{IE}-1})$  when  $\\mathrm{IE} \\geq 3$ . Their results do not apply to the case\n\n $<sup>^{1}</sup>$ The IE = 2 case is particularly important as the information exponent of many functions, including all fixed degree polynomials, can be reduced to at most 2 by a suitable label transform [DPVLB24], and the information exponent of any even functions is at least 2.\n\nIE = 2 for the reason we have discussed earlier. They propose first removing the second-order terms using the technique in [DLS22, DKPS24], which requires  $d^2$  samples. Our result considers the situation where both the second and L-th order terms are present and show that in this case, the sample complexity of online SGD (without any preprocessing) is  $\\tilde{O}(dP^{L-1})$ .\n\nAnother recent related work is [BAGP24]. Our main results are not directly comparable since the settings are different. They run SGD on the Stiefel manifold, which automatically prevents the model from collapsing to a single direction, but allow the target model to have condition number larger than 1. In addition, only the lowest degree is considered in their work. However, they also show (in their setting) that when the second order term is isotropic, the subspace and only the subspace can be recovered. A similar idea is also used in our analysis of Stage 1.1 (cf. Section 3.1).\n\nAnother related line of research is learning two-layer networks in the teacher-student setting ([ZSJ $^+$ 17, LY17, Tia17, LMZ20, ZGJ21, GRWZ21]). Among them, the ones most relevant to this work are [LMZ20] and the follow-up [GRWZ21], both of which consider orthogonal models similar to ours and use similar ideas in the analysis of the population process. However, they do not assume a low-dimensional structure and only provide very crude poly(d)-style sample complexity bounds."
      },
      {
        "heading": "1.2 Our contributions",
        "text": "We summarize our contributions as follows:\n\n- We demonstrate that information/generative exponent alone is insufficient to characterize certain structures in the learning task and show that for a specific orthogonal multi-index model, if we consider both the lower- and higher-order terms, the sample complexity of directional recovery using online SGD can be greatly improved over the vanilla information exponent-based analysis.\n- As a by-product, we derive a collection of user-friendly technical lemmas to analyze the difference between noisy one-dimensional processes and their deterministic counterparts, which may be of independent interests (cf. Section 4.1 and Appendix E)."
      },
      {
        "heading": "2 Setup and main result",
        "text": "In this section, we describe the setting of our learning task and the training algorithm, and then formally state our main result. We will also convert the problem to an orthogonal tensor decomposition task using the standard Hermite argument as in [GLM18].\n\n**Notations** We use  $\\|\\cdot\\|_p$  to denote the p-norm of a vector. When p=2, we often drop the subscript and simply write  $\\|\\cdot\\|$ . For  $a,b,\\delta\\in\\mathbb{R}$ ,  $a=b\\pm\\delta$  means  $|a-b|\\leq |\\delta|$  and  $a\\vee b=\\max\\{a,b\\}$  and  $a\\wedge b=\\min\\{a,b\\}$ . Beside the standard asymptotic (big O) notations, we also use the notation  $f_d=O_\\phi(g_d)$ , which means there exists a constant  $C_\\phi>0$  that can depend only on  $\\phi$  such that  $f_d\\leq C_\\phi g_d$  for all large enough d. Sometimes we also write  $f_d\\lesssim_\\phi g_d$  for  $f_d=O_\\phi(g_d)$ . The actual value of  $C_\\phi$  can vary between lines."
      },
      {
        "heading": "2.1 Input and target function",
        "text": "We assume the input  $\\boldsymbol{x}$  follows the standard Gaussian distribution  $\\mathcal{N}\\left(0,\\boldsymbol{I}_{d}\\right)$  and the target function has form  $f_{*}(\\boldsymbol{x}) = \\sum_{k=1}^{P} \\phi(\\boldsymbol{v}_{k}^{*} \\cdot \\boldsymbol{x})$ , where  $\\log^{C} d \\leq P \\leq d$  for a large universal constant C > 0,  $\\{\\boldsymbol{v}_{k}^{*}\\}_{k=1}^{P}$  are orthonormal and  $\\phi: \\mathbb{R} \\to \\mathbb{R}$  is the link function. In addition, we assume  $\\phi$  satisfies the following.\n\n**Assumption 1** (Assumptions on the link function). Let  $h_k$  denote the degree-k normalized Hermite polynomial and  $\\phi = \\sum_{l=0}^{\\infty} \\hat{\\phi}_k h_k$  denote the Hermite expansion of  $\\phi \\in L^2(\\mathcal{N}(0, \\mathbf{I}_d))$ .\n\n- (a) (IE structure) For some constant L>2,  $\\phi(z)=\\hat{\\phi}_2h_2(z)+\\hat{\\phi}_Lh_L(z)+\\sum_{l>L}\\hat{\\phi}_lh_l(z)$ .\n- (b) (IE regularity)  $\\hat{\\phi}_2, \\hat{\\phi}_L = \\Omega(1)$  and  $\\|\\phi'\\|_{L^2}^2 = \\sum_{l=1}^{\\infty} l \\hat{\\phi}_l^2 \\le C_{\\phi}^2$  for some constant  $C_{\\phi} > 0$ .\n- (c) (Polynomial growth) There exists universal constants C, q > 0 such that  $|\\phi(x)| \\lor |\\phi'(x)| \\le C(1+x^2)^{q/2}$  for all  $x \\in \\mathbb{R}$ .\n\nOur target model and algorithm will all be invariant under rotation. Hence, we will assume w.l.o.g. that  $v_k^* = e_k$  where  $\\{e_k\\}_k$  is the standard basis of  $\\mathbb{R}^d$ ."
      },
      {
        "heading": "2.2 Learner model and the training algorithm",
        "text": "Our learner model is a width-m two-layer network\n\n$$f(\\boldsymbol{x}) := f(\\boldsymbol{x}; \\boldsymbol{a}, \\boldsymbol{V}) := \\sum_{i=1}^{m} a_i \\phi(\\boldsymbol{v}_i \\cdot \\boldsymbol{x}),$$\n\nwhere  $a=(a_1,\\ldots,a_m)\\in\\mathbb{R}^m$  and  $V=(v_1,\\ldots,v_m)\\in(\\mathbb{S}^{d-1})^m$  are the trainable parameters. We call  $\\{v_i\\}_{i\\in[m]}$  the first-layer neurons. We measure the difference between the learner and the target model using the correlation loss. Given a sample  $(x,f_*(x))$ , we define the per-sample and population MSE loss as\n\n$$l_{ ext{MSE}}(oldsymbol{x}) := l(oldsymbol{x}; oldsymbol{a}, oldsymbol{V}) := \nrac{1}{2} \\left( f_*(oldsymbol{x}) - f(oldsymbol{x}; oldsymbol{a}, oldsymbol{V}) \night)^2, \\quad \\mathcal{L}_{ ext{MSE}}(oldsymbol{a}, oldsymbol{V}) := \nrac{1}{2} \\, l_{ ext{MSE}}(oldsymbol{x}; oldsymbol{a}, oldsymbol{V}).$$\n\nNow, we describe the training algorithm. First, we initialize each output weight  $a_i$  to be 1. Then, we symmetrically initialize the first layer neurons. That is, for  $i \\in [m/2]$ , we initialize  $v_i \\sim \\mathrm{Unif}(\\mathbb{S}^{d-1})$  independently and set  $v_{m/2+i} = -v_i$  for the other half of the neurons. After the initialization, we fix the output weights a and train the first-layer weight  $v_i$  using online (spherical) SGD with the correlation loss  $l_{\\mathrm{corr}}(x) = -f_*(x)f(x)$  and step size  $\\eta > 0$  for T iterations. Then, we fix the first-layer weights and use ridge regression to train the output weights a.\n\nLet  $\\{(\\boldsymbol{x}_t, f_*(\\boldsymbol{x}_t))\\}_{t\\in\\mathbb{N}}$  be our samples where  $\\{\\boldsymbol{x}_t\\}$  are i.i.d. standard Gaussian vectors, and let  $\\tilde{\\nabla}_{\\boldsymbol{v}} = (\\boldsymbol{I} - \\boldsymbol{v}\\boldsymbol{v}^\\top)\\nabla_{\\boldsymbol{v}}$  denote the spherical gradient. Then, we can formally describe the training procedure as follows:\n\nInitialization: \n$$a_{0,i} = 1, \\quad \\boldsymbol{v}_{0,i} \\overset{\\text{i.i.d.}}{\\sim} \\operatorname{Unif}(\\mathbb{S}^{d-1}), \\quad \\boldsymbol{v}_{0,m/2+i} = -\\boldsymbol{v}_{0,i} \\qquad \\forall i \\in [m/2];$$\nStage 1: \n$$\\begin{cases} \\hat{\\boldsymbol{v}}_{t+1,i} = \\boldsymbol{v}_{t,i} + \\eta f_*(\\boldsymbol{x}_t) \\nabla_{\\boldsymbol{v}_i} \\phi(\\boldsymbol{v}_i \\cdot \\boldsymbol{x}), \\\\ \\boldsymbol{v}_{t+1,i} = \\hat{\\boldsymbol{v}}_{t+1,i} / \\|\\hat{\\boldsymbol{v}}_{t+1,i}\\|, \\end{cases} \\qquad \\forall i \\in [m/2];$$\nStage 2: \n$$\\boldsymbol{a} = \\underset{\\boldsymbol{a}'}{\\operatorname{argmin}} \\frac{1}{2N} \\sum_{n=1}^{N} l(\\boldsymbol{x}_{T+n}; \\boldsymbol{a}', \\boldsymbol{V}_T) + \\lambda \\|\\boldsymbol{a}'\\|^2.$$\n\n$$(1)$$\n\nHere, the hyperparameters are the network width m > 0, step size  $\\eta > 0$ , time horizon T > 0, the number of samples N in Stage 2, and the regularization strength  $\\lambda > 0$ .\n\nWe will show that after the first stage, for each ground truth direction  $v_k^*$ , there will be some neurons  $v_i$  that has converged to that direction. As a result, in the second stage, we can use ridge regression to pick out those neurons and use them to fit the target function. The analysis of this second stage is standard and has been done in [DLS22, AAM22, BES+22, LOSW24, OSSW24]. Hence, we will not further discuss this stage in the main text and defer the proofs of this stage to Appendix C.\n\nFor the gradient update in Stage 1, we have the following lemma on its expectation and tail. The proof of this lemma is rather standard and can be found in, for example, [GLM18, OSSW24]. We also provide a proof in Appendix A.1 for completeness.\n\n**Lemma 2.1** (First-layer gradients). Consider the setting described above. Suppose that  $\\phi$  satisfies Assumption 1 and  $a_i = 1$  for all  $i \\in [m]$  and  $\\{v_k^*\\}_k$  are orthonormal. Then, for each  $i \\in [m]$ , we have\n\n$$\\mathbb{E}\\left[f_*(\\boldsymbol{x})\\nabla_{\\boldsymbol{v}_i}\\phi(\\boldsymbol{v}_i\\cdot\\boldsymbol{x})\\right] = 2\\hat{\\phi}_2^2 \\sum_{k=1}^P \\langle \\boldsymbol{v}_k^*, \\boldsymbol{v}_i \\rangle \\, \\boldsymbol{v}_k^* + \\sum_{l>L} \\sum_{k=1}^P l\\hat{\\phi}_l^2 \\, \\langle \\boldsymbol{v}_k^*, \\boldsymbol{v}_i \\rangle^{l-1} \\, \\boldsymbol{v}_k^*. \\tag{2}$$\n\nThen, for each fixed neuron (a, v) and direction  $u \\in \\mathbb{S}^{d-1}$  that is independent of  $x \\sim \\mathcal{N}(0, I_d)$ , we have\n\n$$\\mathbb{E} \\langle f_*(\\boldsymbol{x}) \\nabla_{\\boldsymbol{v}_i} \\phi(\\boldsymbol{v}_i \\cdot \\boldsymbol{x}), \\boldsymbol{u} \\rangle^2 \\lesssim_{\\phi} P,$$\n\n$$|\\langle f_*(\\boldsymbol{x}) \\nabla_{\\boldsymbol{v}_i} \\phi(\\boldsymbol{v}_i \\cdot \\boldsymbol{x}), \\boldsymbol{u} \\rangle| \\lesssim_{\\phi} P^{1/2} \\log^{2(1+q)} \\log(m/\\delta_{\\mathbb{P}}) \\quad \\textit{with probability at least } 1 - \\delta_{\\mathbb{P}}.$$\n\n**Remark.** We say a random variable X is  $(\\sigma^2, \\theta)$ -subweibull [VGNA20, KC22] if\n\n$$\\mathbb{P}(|X| \\ge M) \\lesssim \\exp\\left(-(M/\\sigma)^{1/\\theta}\\right), \\quad \\forall M \\ge 0.$$\n (3)\n\nHence, this lemma implies that  $\\langle f_*(\\boldsymbol{x}) \\nabla_{\\boldsymbol{v}_i} \\phi(\\boldsymbol{v}_i \\cdot \\boldsymbol{x}), \\boldsymbol{u} \\rangle$  is (P, 1/(2(1+q)))-subweibull."
      },
      {
        "heading": "2.3 Main result",
        "text": "The following is our main result. The proof of it can be found in Appendix D.\n\n**Theorem 2.1** (Main Theorem). Consider the setting and algorithm described above. Let C>0 be a large universal constant. Suppose that  $\\log^C d \\leq P \\leq d$  and  $\\{\\boldsymbol{v}_k^*\\}_{k\\in[P]}$  are orthonormal. Let  $\\delta_{\\mathbb{P}}\\in(\\exp(-\\log^C d),1)$  and  $\\varepsilon_*>0$  be given. Suppose that we choose  $a_0,\\eta,T,N$  satisfying\n\n$$m = \\tilde{\\Theta}(P), \\quad N = \\tilde{\\Theta}\\left(\\frac{P^2}{\\varepsilon_*^2 \\delta_{\\mathbb{P}}^2}\\right), \\quad \\eta = \\tilde{\\Theta}_{\\phi}\\left(\\frac{\\varepsilon_*^2 \\delta_{\\mathbb{P}}}{P d P^{L/2-1}}\\right), \\quad T = \\tilde{O}_{\\phi}\\left(\\frac{P^{L/2-1}}{\\eta \\varepsilon_*^4 \\delta_{\\mathbb{P}}}\\right).$$\n\nThen, there exists some  $\\lambda > 0$  such that at the end of training, we have  $\\mathcal{L}_{MSE}(\\boldsymbol{a}, \\boldsymbol{V}) \\leq \\varepsilon_*$  with probability at least  $1 - O(\\delta_{\\mathbb{P}})$ .\n\n**Remark.** Note that  $N \\ll T$ . Hence, the total number of samples needed is  $T = \\tilde{O}_{\\phi}(dP^{L-1})$ , which matches the sample complexity of separately learning P single-index models with the relevant subspace known  $a \\ priori$  and the noise scales with the ambient dimension d."
      },
      {
        "heading": "3 The gradient flow analysis",
        "text": "In this section, we consider the situation where the training algorithm in Stage 1 is gradient flow over the population correlation loss instead of online SGD. The discussion here is non-rigorous and our formal proof does not rely on anything in this section. Nevertheless, this gradient flow analysis will provide valuable intuition on the behavior of online SGD.\n\nFor notational simplicity, we will assume w.l.o.g. that  $v_k^* = e_k$ . In addition, we will assume  $\\phi = h_2 + h_L$  with L > 2 for ease of presentation. Let v be an arbitrary first-layer neuron. By Lemma 2.1, the dynamics of v are controlled by v\n\n$$\\dot{\\boldsymbol{v}}_{ au} pprox 2\\sum_{k=1}^{P} v_k (\\boldsymbol{I} - \\boldsymbol{v} \\boldsymbol{v}^{\\top}) \\boldsymbol{e}_k + L\\sum_{k=1}^{P} v_k^{L-1} (\\boldsymbol{I} - \\boldsymbol{v} \\boldsymbol{v}^{\\top}) \\boldsymbol{e}_k.$$\n\nThe second term on the RHS comes from the normalized/projection. For each  $k \\in [d]$ , we have\n\n\n$$\\frac{\\mathrm{d}}{\\mathrm{d}\\tau}v_{k}^{2} \\approx 2\\mathbb{1}\\{k \\leq P\\} \\left(2 + Lv_{k}^{L-2}\\right)v_{k}^{2} - 2\\left(2\\|\\boldsymbol{v}_{\\leq P}\\|^{2} + L\\|\\boldsymbol{v}_{\\leq P}\\|_{L}^{L}\\right)v_{k}^{2}.\\tag{4}$$\n\nWe further split Stage 1 into two substages. In Stage 1.1, the second-order terms dominate and  $\\|\\boldsymbol{v}_{\\leq P}\\|^2 / \\|\\boldsymbol{v}_{>P}\\|^2$  grows from  $\\Theta(P/d)$  to  $\\Theta(1)$ . In Stage 1.2,  $\\boldsymbol{v}$  converges to one ground-truth direction relying on the signal from the higher-order terms.\n\nThe direction to which v will converge depends on the index of the largest  $v_k^2$  at the beginning of Stage 1.2. With some standard concentration/anti-concentration argument, one can show that  $\\max_{k \\in [P]} v_k^2$  is at least 1+c times larger than the second-largest  $v_k^2$  for a small constant c>0 with probability at least  $1/\\operatorname{poly}(P)$  at the initialization (of Stage 1.1). Hence, as long as this gap can be preserved throughout Stage 1, we can choose  $m = \\operatorname{poly}(P)$  to ensure all ground-truth directions can be found after Stage 1.2."
      },
      {
        "heading": "3.1 Stage 1.1: learning the subspace and preservation of the gap",
        "text": "In this substage, we track  $\\|\\boldsymbol{v}_{\\leq P}\\|^2 / \\|\\boldsymbol{v}_{>P}\\|^2$  and  $v_p^2/v_q^2$  where  $p,q \\in [P]$  are arbitrary. The goal is to show that  $\\|\\boldsymbol{v}_{< P}\\|^2 / \\|\\boldsymbol{v}_{> P}\\|^2$  will grow to a constant while  $v_p^2/v_q^2$  stay close to its initial value.\n\n<sup>&</sup>lt;sup>2</sup>In the main text, we use  $\\tau$  to index the time in this continuous-time process (as t has been used to index the steps in the discrete-time process) and will often omit it when it is clear from the context.\n\nFor the norm ratio, by (4), we have\n\n$$\\frac{\\mathrm{d}}{\\mathrm{d}\\tau} \\frac{\\left\\| \\mathbf{v}_{\\leq P} \\right\\|^{2}}{\\left\\| \\mathbf{v}_{> P} \\right\\|^{2}} = \\frac{\\frac{\\mathrm{d}}{\\mathrm{d}\\tau} \\left\\| \\mathbf{v}_{\\leq P} \\right\\|^{2}}{\\left\\| \\mathbf{v}_{> P} \\right\\|^{2}} - \\frac{\\left\\| \\mathbf{v}_{\\leq P} \\right\\|^{2}}{\\left\\| \\mathbf{v}_{> P} \\right\\|^{2}} \\frac{\\frac{\\mathrm{d}}{\\mathrm{d}\\tau} \\left\\| \\mathbf{v}_{> P} \\right\\|^{2}}{\\left\\| \\mathbf{v}_{> P} \\right\\|^{2}} = \\frac{4 \\left\\| \\mathbf{v}_{\\leq P} \\right\\|^{2}}{\\left\\| \\mathbf{v}_{> P} \\right\\|^{2}} + \\frac{2L \\left\\| \\mathbf{v} \\right\\|_{L}^{L}}{\\left\\| \\mathbf{v}_{> P} \\right\\|^{2}} - \\frac{2 \\left(2 \\left\\| \\mathbf{v}_{\\leq P} \\right\\|^{2} + L \\left\\| \\mathbf{v}_{\\leq P} \\right\\|_{L}^{L}\\right) \\left\\| \\mathbf{v}_{> P} \\right\\|^{2}}{\\left\\| \\mathbf{v}_{> P} \\right\\|^{2}} + \\frac{\\left\\| \\mathbf{v}_{\\leq P} \\right\\|^{2}}{\\left\\| \\mathbf{v}_{> P} \\right\\|^{2}} + \\frac{\\left\\| \\mathbf{v}_{\\leq P} \\right\\|^{2}}{\\left\\| \\mathbf{v}_{> P} \\right\\|^{2}} \\cdot \\frac{2 \\left(2 \\left\\| \\mathbf{v}_{\\leq P} \\right\\|^{2} + L \\left\\| \\mathbf{v}_{\\leq P} \\right\\|_{L}^{L}\\right) \\left\\| \\mathbf{v}_{> P} \\right\\|^{2}}{\\left\\| \\mathbf{v}_{> P} \\right\\|^{2}}.$$\n\nIn particular, note that the terms coming from normalization cancel with each other. Moreover, this implies  $\\frac{\\mathrm{d}}{\\mathrm{d}\\tau}\\frac{\\left\\| \\mathbf{v} \\leq P \\right\\|^2}{\\left\\| \\mathbf{v} > P \\right\\|^2} \\geq 4\\frac{\\left\\| \\mathbf{v} \\leq P \\right\\|^2}{\\left\\| \\mathbf{v} > P \\right\\|^2}$ , and therefore, it takes only at most  $\\frac{1+o(1)}{4}\\log(d/P) = \\Theta(\\log(d/P))$  amount of time for the ratio to grow from  $\\Theta(P/d)$  to  $\\Theta(1)$ . If we choose a small step size  $\\eta$  so that online SGD closely tracks the gradient flow, then the number of steps one should expect is  $O(\\log(d/P)/\\eta)$ .\n\nMeanwhile, for any  $p, q \\in [P]$ , we have\n\n$$\\frac{\\mathrm{d}}{\\mathrm{d}\\tau} \\frac{v_p^2}{v_q^2} = 2\\left(2 + Lv_p^{L-2}\\right) \\frac{v_p^2}{v_q^2} - 2\\left(2 \\|\\boldsymbol{v}_{\\leq P}\\|^2 + L \\|\\boldsymbol{v}_{\\leq P}\\|_L^L\\right) \\frac{v_p^2}{v_q^2} \\\\\n- \\frac{v_p^2}{v_q^2} \\left(2\\left(2 + Lv_q^{L-2}\\right) - 2\\left(2 \\|\\boldsymbol{v}_{\\leq P}\\|^2 + L \\|\\boldsymbol{v}_{\\leq P}\\|_L^L\\right)\\right) = 2L\\left(v_p^{L-2} - v_q^{L-2}\\right) \\frac{v_p^2}{v_q^2}.$$\n\nNote that not only those terms coming from normalization cancel with each other, but also the second-order terms. In particular, this also implies that we cannot learn the directions using only the second-order terms. At initialization, with high probability  $v_k^2 = \\tilde{O}(1/d)$  for all  $k \\in [P]$ . Hence, if we assume the induction hypothesis  $v_p^2 = \\tilde{O}(1/P)$ , then above will become  $\\frac{\\mathrm{d}}{\\mathrm{d}\\tau}v_p^2/v_q^2 \\lesssim P^{-1}v_p^2/v_q^2$ . As a result,  $v_{t,p}^2/v_{t,q}^2 \\leq (1+o(1))v_{0,p}^2/v_{0,q}^2$  for any  $t \\leq \\Theta(\\log(d/P))$ , as long as  $P \\geq \\mathrm{poly}\\log d$ ."
      },
      {
        "heading": "3.2 Stage 1.2: learning the directions",
        "text": "Let v be a first-layer neuron with  $v_1^2 \\geq (1+c) \\max_{2 \\leq k \\leq P} v_k^2$  for some small constant c>0 at initialization. By our previous discussion, we know at the end of Stage 1.1, the above bound still holds with a potentially smaller constant c>0. In addition, since  $\\|v_{\\leq P}\\|^2 = \\Theta(1)$ , we also have  $v_1^2 \\geq \\Omega(1/P)$  at the end of Stage 1.1. We claim that v will converge to  $e_1$ . The argument here is similar to the proofs in [LMZ20] and [GRWZ21].\n\nAgain, by (4), we have\n\n$$\\frac{\\mathrm{d}}{\\mathrm{d}\\tau}v_{1}^{2}\\approx2\\left(2-2\\left\\|\\boldsymbol{v}_{\\leq P}\\right\\|^{2}+Lv_{1}^{L-2}-L\\left\\|\\boldsymbol{v}_{\\leq P}\\right\\|_{L}^{L}\\right)v_{1}^{2}\\geq2L\\left(v_{1}^{L-2}-\\left\\|\\boldsymbol{v}_{\\leq P}\\right\\|_{L}^{L}\\right)v_{1}^{2}$$\n\nAssume the induction hypothesis  $v_1^2 \\ge (1+c) \\max_{2 \\le k \\le P} v_k^2$  and write\n\n$$v_1^{L-2} - \\|\\boldsymbol{v}_{\\leq P}\\|_L^L = v_1^{L-2} \\left(1 - v_1^2\\right) - \\left(\\|\\boldsymbol{v}_{\\leq P}\\|^2 - v_1^2\\right) \\sum_{k=-2}^P \\frac{v_k^2}{\\|\\boldsymbol{v}_{< P}\\|^2 - v_1^2} v_k^{L-2}$$\n\nNote that the summation is a weighted average of  $\\{v_k^{L-2}\\}_{k\\geq 2}$  and therefore can be upper bounded by  $\\left(v_1^2/(1+c)\\right)^{L/2-1}\\leq (1-c_L)v_1^{L-2}$  for some constant  $c_L>0$  that can only depend on L. Thus, we have\n\n$$\\frac{\\mathrm{d}}{\\mathrm{d}\\tau}v_1^2 \\gtrsim 2L\\left(v_1^{L-2}\\left(1-v_1^2\\right) - \\left(\\|\\boldsymbol{v}_{\\leq P}\\|^2 - v_1^2\\right)(1-c_L)v_1^{L-2}\\right)v_1^2 \\ge 2c_LL\\left(1-v_1^2\\right)v_1^L.$$\n\nWhen  $v_1^2 \\leq 3/4$ , this implies  $\\frac{\\mathrm{d}}{\\mathrm{d}\\tau}v_1^2 \\gtrsim_L v_1^L$ . As a result, it takes at most  $O_L(P^{L/2-1})$  amount of time for  $v_1^2$  to grow from  $\\Omega(1/P)$  to 3/4 under gradient flow. It is important that  $v_1^2 = \\Omega(1/P)$  instead of  $\\Omega(1/d)$  at the start of Stage 1.2, since otherwise the time needed will be  $O_L(d^{L-1})$ . After  $v_1^2$  reaches 3/4, we have  $\\frac{\\mathrm{d}}{\\mathrm{d}\\tau}(1-v_1^2) \\lesssim_L - \\left(1-v_1^2\\right)$ . Thus,  $v_1^2$  will converge linearly to 1 afterwards."
      },
      {
        "heading": "4 From gradient flow to online SGD",
        "text": "In this section, we discuss how to convert the previous gradient flow analysis to an online SGD one. Our actual proof will be based directly on the online SGD analysis, but the overall idea is still proving that the online SGD dynamics of certain important quantities closely track their population gradient descent (GD) counterparts. Our choice of learning rate  $\\eta$  will be much smaller than what needed for GD to track GF, so the bottleneck comes from the GD-to-SGD conversion, not the GF-to-GD one. Provided that SGD tracks GD well, the number of steps/samples it needs to finish each substage is roughly the amount of time GF needs, divided by the step size  $\\eta$ .\n\nThe rest of this section is organized as follows. In Section 4.1, we collect a few useful lemmas for controlling the difference between noisy dynamics and their deterministic counterparts. The idea behind them has appeared in [BAGJ21] and is also used in [AAM22]. Here, we simplify and slightly generalize their argument and provide a user-friendly interface. When used properly, it reduces the GD-to-SGD proof to routine calculus. Then, in Section 4.2, we discuss how to apply those general results to analyze the dynamics of online SGD in our setting."
      },
      {
        "heading": "4.1 Technical lemmas for analyzing general noisy dynamics",
        "text": "We start with the lemma that will be used to analyze  $\\|v_{\\leq P}\\|^2 / \\|v_{>P}\\|^2$ . The formal proofs of it and all other lemmas in this subsection can be found in Section E.\n\n**Lemma 4.1** (Stochastic Gronwall's lemma). Suppose that  $(X_t)_t$  satisfies\n\n\n$$X_{t+1} = (1+\\alpha)X_t + \\xi_{t+1} + Z_{t+1}, \\quad X_0 = x_0 > 0,$$\n (5)\n\nwhere the signal growth rate  $\\alpha > 0$  and initialization  $x_0 > 0$  are given,  $(\\xi_t)_t$  is an adapted process, and  $(Z_t)_t$  is a martingale difference sequence. Define  $x_t = (1 + \\alpha)^t x_0$ .\n\nLet T>0 and  $\\delta_{\\mathbb{P}}\\in(0,1)$  be given. Suppose that there exists some  $\\delta_{\\mathbb{P},\\xi}\\in(0,1)$  and  $\\Xi,\\sigma_Z>0$  such that for every  $t\\geq 0$ , if  $X_t=(1\\pm 0.5)x_t$ , then we have  $|\\xi_{t+1}|\\leq (1+\\alpha)^t\\Xi$  with probability at least  $1-\\delta_{\\mathbb{P},\\xi}$  and  $Z_{t+1}$  is conditionally  $((1+\\alpha)^t\\sigma_Z^2,\\theta)$ -subweibull. Then, if\n\n\n$$\\Xi \\lesssim \\frac{x_0}{T} \\quad and \\quad \\sigma_Z^2 \\lesssim \\frac{x_0^2}{T \\log^{\\theta+1}(T/\\delta_{\\mathbb{P}})},$$\n (6)\n\nwe have  $X_t = (1 \\pm 0.5)x_t$  for all  $t \\in [T]$  with probability at least  $1 - \\delta_{\\mathbb{P}} - T\\delta_{\\mathbb{P},\\xi}$ .\n\n**Condition** (6). One may interpret  $Z_{t+1}$  as those terms coming from the difference between the population and mini-batch gradients, whose variance is typically quadratic in  $\\eta$ , and  $\\xi_{t+1}$  as the higher-order error terms.  $\\alpha$  is usually small. In our case, it is proportional to the step size  $\\eta$ . T is usually the time needed for  $X_t$  to grow from a small  $x_0 > 0$  to  $\\Theta(1)$ , which is roughly  $\\alpha^{-1} \\log(1/x_0)$ . Since the LHS' of (6) are  $O(\\eta^2)$  while the RHS' are  $\\Omega(\\eta)$ , (6) can be alternatively viewed as a condition on  $\\eta$ .\n\n**Stochastic induction.** One important feature of this lemma is that it only requires the bounds  $|\\xi_{t+1}| \\leq (1+\\alpha)^t \\Xi$  and  $\\mathbb{E}[Z_{t+1}^2 \\mid \\mathcal{F}_t] \\leq (1+\\alpha)^t \\sigma_Z^2$  to hold when  $X_t = (1\\pm 0.5)x_t$ . This can be viewed as a form of induction ais particularly useful when considering the dynamics of, say,  $v_k^2$ . Similar to how the RHS of  $\\frac{\\mathrm{d}}{\\mathrm{d}\\tau}v_{\\tau,k}^2 = 2v_{\\tau,k}\\dot{v}_{\\tau,k}$  depends on  $v_{\\tau,k}$ , the size of  $\\xi_{t+1}, Z_{t+1}$  will usually depend on  $X_t$ . Hence, we will not be able to bound them without suitable induction hypotheses.  $\\clubsuit$ \n\n**Remark on the subweibull condition.** We assume the martingale difference terms  $(Z_{t+1})_t$  are conditionally subweibull. This allows us to get poly-logarithmic dependence on  $\\delta_{\\mathbb{P}}$ , which is important as we will eventually take union bound over poly P events. One may replace this condition with the weaker condition  $\\mathbb{E}[Z_{t+1}^2 \\mid \\mathcal{F}_t] \\leq (1+\\alpha)^t \\sigma_Z^2$ . This will lead to a linear dependence on  $\\delta_{\\mathbb{P}}$ .\n\nProof sketch of Lemma 4.1. For the ease of presentation, we assume that  $|\\xi_{t+1}| \\leq (1+\\alpha)^t \\Xi$  with probability at least  $1 - \\delta_{\\mathbb{P},\\xi}$  and  $\\mathbb{E}[Z_{t+1}^2 \\mid \\mathcal{F}_t] \\leq (1+\\alpha)^t \\sigma_Z^2$  always hold. This step can be made formal using a stopping time argument. See Section E for details. Then, Unroll (5) to obtain\n\n $X_{t+1} = (1+\\alpha)^{t+1}x_0 + \\sum_{s=1}^t (1+\\alpha)^{t-s}\\xi_{s+1} + \\sum_{s=1}^t (1+\\alpha)^{t-s}Z_{s+1}$ . Divide both sides with  $(1+\\alpha)^{t+1}$  and replace t+1 with t. Then, the above becomes\n\n$$X_t(1+\\alpha)^{-t} = x_0 + \\sum_{s=1}^t (1+\\alpha)^{-s} \\xi_s + \\sum_{s=1}^t (1+\\alpha)^{-s} Z_s.$$\n\nThe second term is bounded by  $T\\Xi$  (uniformly over  $t \\leq T$ ) with probability at least  $1-T\\delta_{\\mathbb{P},\\xi}$ . Note that  $(1+\\alpha)^{-s}Z_s$  is still a martingale difference sequence. Hence, by Doob's  $L^2$ -submartingale inequality, the third term is bounded by  $x_0/4$  with probability at least  $16\\sigma_Z^2/(\\alpha x_0^2)$ . Thus, when (6) holds, the RHS is  $(1\\pm 0.5)x_0$  with probability at least  $1-T\\delta_{\\mathbb{P},\\xi}-\\delta_{\\mathbb{P}}$ . Multiply both sides with  $(1+\\alpha)^t$ , and we complete the proof. To improve the dependence on  $\\delta_{\\mathbb{P}}$  from linear to poly-logarithmic, it suffices to replace Doob's  $L^2$ -submartingale inequality with a variant of Freedman's inequality that works with subweibull variables (cf. Appendix E).\n\nUsing the same strategy, one can prove a similar lemma that deals with the case  $\\alpha=0$ , which will be used to show the preservation of the gap in Stage 1.1. Another interesting case is where the growth is not linear but polynomial. This is the case of Stage 1.2 in our setting. For this case, we have the following lemma.<sup>3</sup>\n\n**Lemma 4.2.** Let  $(X_t)_t$  be a non-negative stochastic process satisfying\n\n$$X_{t+1} \\ge X_t + \\alpha X_t^p + Z_{t+1} + \\xi_{t+1}, \\quad X_0 = x_0 > 0,$$\n (7)\n\nwhere  $\\alpha > 0$ ,  $(Z_{t+1})_t$  is a martingale difference sequence, and  $(\\xi_t)_t$  is an adapted process. Let  $\\hat{x}_t$  be the solution to the deterministic recurrence relationship  $\\hat{x}_{t+1} = \\hat{x}_t + \\alpha \\hat{x}_t^p$ ,  $\\hat{x}_0 = x_0/2$ .\n\nLet  $\\delta_{\\mathbb{P}} \\in (0,1)$  be given and  $T := \\inf \\left\\{ t \\lesssim \\left( p \\alpha (x_0/2)^{p-1} \\right)^{-1} : X_t \\geq 1 \\right\\}$ . Suppose that there exists  $\\Xi, \\sigma_Z > 0$  and  $\\delta_{\\mathbb{P},\\xi} \\in (0,1)$  such that if  $X_t \\geq \\hat{x}_t$  and  $t \\leq T$ , we have  $|\\xi_t| \\leq \\Xi X_t$  with probability at least  $1 - \\delta_{\\mathbb{P},\\xi}$  and  $Z_{t+1}$  is conditionally  $(\\sigma_Z^2 X_t, \\theta)$ -subweibull. Then, if\n\n$$\\alpha \\lesssim x_0^{p-1}/p, \\quad \\Xi \\lesssim p\\alpha x_0^{p-1}, \\quad \\sigma_Z^2 \\lesssim p\\alpha x_0^p \\operatorname{poly} \\log(T/\\delta_{\\mathbb{P}}),$$\n (8)\n\nwe have  $X_t \\ge \\hat{x}_t$  for all  $t \\le T$  and  $X_t \\ge 1$  with probability at least  $1 - T\\delta_{\\mathbb{P},\\xi} - \\delta_{\\mathbb{P}}$ .\n\nThe proof of this lemma can be found in Section E. It is similar to the previous proof in spirit: we replace  $(1+\\alpha)^t$  with  $\\prod_{s=0}^{t-1}(1+\\alpha X_s^{p-1})$  and unroll the recurrence. However, unlike the linear case, it is generally difficult to upper bound the difference between  $X_t$  and  $\\hat{x}_t$ , as this type of polynomial systems exhibit sharp transitions and blow up in finite time. Consequently,  $|\\xi_t| \\leq \\Xi X_t$  and  $\\mathbb{E}[Z_{t+1}^2 \\mid \\mathcal{F}_t] \\leq \\sigma_Z^2 X_t$  do not directly imply that  $|\\xi_t| \\lesssim \\Xi \\hat{x}_t$  and  $\\mathbb{E}[Z_{t+1}^2 \\mid \\mathcal{F}_t] \\lesssim \\sigma_Z^2 \\hat{x}_t$ , and this makes the analysis tricky as the RHS' are not deterministic. To handle this issue, we use the following recoupling argument: whenever  $X_t \\geq 4\\hat{x}_t$ , we replace the current  $\\hat{x}_t$  with  $X_t/2$ . Clear that this can only increase  $\\hat{x}_t$ , and it ensures  $X_t \\leq 4\\hat{x}_t$  always holds. Moreover, after each recoupling,  $\\hat{x}_t$  will at least double. As a result, the conditions we need to absorb the noises will also become weaker."
      },
      {
        "heading": "4.2 Sample complexity of online SGD",
        "text": "In this subsection, we demonstrate how to use the previous results to obtain results for online SGD and discuss why the sample complexity is  $\\tilde{O}(dP^{L-1})$  instead of  $\\tilde{O}(d^{L-1})$  even though we are relying on the L-th order terms to learn the directions."
      },
      {
        "heading": "5 Conclusion and limitations",
        "text": "In this work, we study the task of learning multi-index models of form  $f_*(\\boldsymbol{x}) = \\sum_{k=1}^P \\phi(\\boldsymbol{v}_k^* \\cdot \\boldsymbol{x})$  with  $P \\ll d$ ,  $\\{\\boldsymbol{v}_k^*\\}_k$  be orthogonal and  $\\phi = \\hat{\\phi}_2 h_2 + \\sum_{l=L}^\\infty \\hat{\\phi}_l h_l$ . By considering both the lower- and higher-order terms, we prove an  $\\tilde{O}(d\\operatorname{poly}(P))$  bound on the sample complex for strong recovery of directions using online SGD, which improves the results one can obtain using vanilla information exponent-based analysis.\n\nThe main limitation of this work is the orthogonality condition. This can potentially be relaxed to near-orthogonality as in [OSSW24]. Extending this result beyond near-orthogonal teacher neurons is an interesting but challenging future direction, as when the teacher neurons are not near-orthogonal, this task is hard in general. However, we conjecture that when the target model has a hierarchical structure across different orders, online SGD can gradually learn the directions using those terms of different order sequentially.\n\nAnother limitation of this work is the assumption that the signal strengths are isotropic. When this is not true, training with the second-order terms and correlation loss will make all neurons collapse to the largest direction or require  $d^2$  samples if we perform only one gradient step [DLS22, DKPS24]. That being said, it is still reasonable to expect the overall sample complexity to be improved if we can leverage the second-order terms properly. Formally establishing this is also a potential future direction."
      }
    ],
    "references": [
      {
        "title": "The merged-staircase property: a necessary and nearly sufficient condition for SGD learning of sparse functions on two-layer neural networks",
        "author": [
          "- [AAM22] Emmanuel Abbe",
          "Enric Boix Adsera",
          "Theodor Misiakiewicz"
        ],
        "venue": "In Proceedings of Thirty Fifth Conference on Learning Theory, pages 4782–4887. PMLR, June",
        "citeRegEx": "Abbe et al\\\\.,? 2022",
        "shortCiteRegEx": "Abbe et al\\\\.",
        "year": 2022
      }
    ]
  }
}