{
  "forum_id": "wORrUUmffG",
  "metadata": {
    "source": "NeurIPS",
    "year": 2025,
    "title": "Distance Adaptive Beam Search for Provably Accurate Graph-Based Nearest Neighbor Search",
    "abstractText": "Nearest neighbor search is central in machine learning, information retrieval, and databases. For high-dimensional datasets, graph-based methods such as HNSW, DiskANN, and NSG have become popular thanks to their empirical accuracy and efficiency. These methods construct a directed graph over the dataset and perform beam search on the graph to find nodes close to a given query. While significant work has focused on practical refinements and theoretical understanding of graph-based methods, many questions remain. We propose a new distance-based termination condition for beam search to replace the commonly used condition based on beam width. We prove that, as long as the search graph is *navigable*, our resulting Adaptive Beam Search method is guaranteed to approximately solve the nearest-neighbor problem, establishing a connection between navigability and the performance of graph-based search. We also provide extensive experiments on our new termination condition for both navigable graphs and approximately navigable graphs used in practice, such as HNSW and Vamana graphs. We find that Adaptive Beam Search outperforms standard beam search over a range of recall values, data sets, graph constructions, and target number of nearest neighbors. It thus provides a simple and practical way to improve the performance of popular methods.",
    "sections": [
      {
        "heading": "1 Introduction",
        "text": "High-dimensional nearest neighbor search is a basic building block in many areas, including image and video processing [\\[18,](#page-11-0) [26\\]](#page-11-1), information retrieval [\\[6,](#page-10-0) [51\\]](#page-13-0), and algorithm design [\\[10,](#page-10-1) [28\\]](#page-11-2). It is central to modern machine learning, underlying document and media search based on learned embeddings [\\[9,](#page-10-2) [40,](#page-12-0) [48\\]](#page-12-1), as well as retrieval-augmented generation (RAG) systems for large language models [\\[37,](#page-12-2) [46\\]](#page-12-3). Nearest neighbor search also plays a role in hard-negative mining [\\[62\\]](#page-13-1), accelerating transformer architectures [\\[29\\]](#page-11-3), and other applications across machine learning [\\[58\\]](#page-13-2).\n\nFormally, in the k-nearest neighbor search problem, we are given a set of data points, often machinelearned vector embeddings of documents, images, or other media [\\[12,](#page-10-3) [14\\]](#page-10-4). We are also given a distance measure, such as the Euclidean distance, or something more exotic like Chamfer distance [\\[25\\]](#page-11-4). The goal is to pre-process the dataset into a search data structure so that, given any query point q, we can efficiently find the k data points closest to q with respect to the distance measure.\n\nSolving this problem exactly is notoriously difficult in high dimensions, so applications typically rely on approximate nearest neighbor (ANN) methods that attempt to find *most* of the k closest neighbors. Popular ANN methods include locality sensitive hashing (LSH) [2, 3, 23, 41], inverted file indices based on quantization or clustering [26, 27, 49], and more [8, 30, 34]. In this work, we focus on *graph-based* ANN methods, which have been extensively studied and perform extremely well in practice, topping leader boards at several recent ANN competitions [55, 56].\n\n**Graph-Based Nearest Neighbor Search.** The high-level idea of graph-based methods is simple. We construct an index by building a directed graph, G, with one node for each data point. Given a query, q, we search the index by starting at an arbitrary node and performing a greedy graph traversal, exploring neighbors in that graph that are closest to q. A specific choice of graph construction and traversal method comprises a particular \"graph-based\" nearest neighbor search method.\n\nMany algorithms for graph construction have been proposed, including the Hierarchical Navigable Small World (HNSW) approach [43], Vamana/DiskANN [33, 59], Navigating Spreading-out Graphs (NSG) [16], and others [45, 60]. All of these methods construct a graph G that, for a given node i, contains out-edges to nearest neighbors of i, as well as \"long range\" connections to nodes far away from i. Such constructions are loosely motivated by the concept of navigability, which dates back to pioneering work on local graph routing by Kleinberg [31, 32] and Milgram [47]. We provide a formal definition of navigability in Section 2, but the property roughly guarantees that there is a path from any node i in G to any node j so that the distance to j strictly decreases along the path.\n\nWhile graph constructions vary greatly, the choice of greedy traversal method used in graph-based nearest neighbor search has seen less innovation. A variant of greedy search called *beam search* is almost ubiquitous. Parameterized by a beam width  $b \\ge k$ , beam search maintains a list of b candidate nearest neighbors and computes the query's distance to each of those candidates' neighbors, updating them until it fails to find any better candidates. See Section 3 for a formal description.\n\nOur Contributions. While graph-based ANN methods have seen significant practical success, their performance is poorly understood from a theoretical perspective. This is in contrast to methods like locality sensitive hashing, for which it is possible to prove strong worst-case approximation guarantees [2, 4]. A lack of theory makes it difficult to iterate on and improve existing graph-based methods, and to understand the limitations of these methods. We aim to address this theory-practice gap, and in turn, introduce principled improvements to existing methods.\n\nIn particular, we re-examine the ubiquitous beam search method, viewing it, as in some previous work [17], as a specific stopping rule for a much more general search procedure. This perspective motivates a new algorithm called Adaptive Beam Search, which stops searching for candidates based on a distance-based criterion instead of a fixed beam width, b. Our main theoretical result (Theorem 1) is to prove that Adaptive Beam Search returns provable approximate nearest neighbors whenever the search graph G is navigable. To the best of our knowledge, this result is the first to theoretically connect the performance of greedy search (specifically, beam search) to the property of navigability.\n\nMoreover, our theoretical results translate into practical performance. We perform an extensive experimental evaluation of Adaptive Beam Search, comparing it to fixed-width beam search over a wide range of data sets, graph constructions, recall values, and target number of nearest neighbors. The method universally outperforms classic beam search, typically providing a 10-50% reduction in the number of distance computations required for a given level of recall. Moreover, Adaptive Beam Search can be implemented with only minor code changes to existing graph-based libraries. We thus hope that, beyond its theoretical relevance, the method will have practical impact.\n\n**Roadmap.** The remainder of this paper is organized as follows. In Section 2, we discuss technical preliminaries and related work. In Section 3, we introduce our Adaptive Beam Search method and its motivating ideas. In Section 4, we prove that Adaptive Beam Search solves approximate nearest neighbor search on navigable graphs (Theorem 1). In Section 5, we evaluate Adaptive Beam Search on sparse navigable graphs and common heuristic graph constructions, including HNSW and Vamana."
      },
      {
        "heading": "2 Background and Related Work",
        "text": "We start by defining notation used throughout. Our goal in this paper is to find nearest neighbors in a metric space  $\\mathcal{X}$  equipped with a distance function  $d: \\mathcal{X} \\times \\mathcal{X} \\to \\mathbb{R}^{+,1}$  We are given a database\n\n<sup>&</sup>lt;sup>1</sup>In particular, we just require that for all  $i, j, k \\in \\mathcal{X}$ , d(i, j) = d(j, i), d(i, j) > 0 when  $i \\neq j$ , d(i, i) = 0, and  $d(i, j) + d(j, k) \\geq d(i, k)$  (i.e., triangle inequality holds).\n\nof n items in  $\\mathcal{X}$ , which we label  $\\{1,\\ldots,n\\}$ . We want to find the nearest  $k \\leq n$  items to a given query  $q \\in \\mathcal{X}$ . E.g., for k=1, the goal is to find  $\\mathop{\\rm argmin}_{j \\in \\{1,\\ldots,n\\}} d(q,j)$ . To avoid corner cases, we assume items in the database are unique, i.e., d(i,j) > 0 for all  $i,j \\in \\{1,\\ldots,n\\}, i \\neq j$ .\n\nIn practice, the n database items and the query q are usually associated with vectors (e.g., machine learned embeddings)  $\\mathbf{x}_1, \\dots, \\mathbf{x}_n$  and  $\\mathbf{x}_q \\in \\mathbb{R}^m$ . The distance function d(i,j) is chosen to be some function of these vectors, e.g., the Euclidean distance,  $d(i,j) = \\|\\mathbf{x}_i - \\mathbf{x}_j\\|_2$ .\n\n**Graph Navigability.** Our theoretical guarantees assume use of a *navigable search graph* over n nodes corresponding to our n database items. While the term \"navigable\" is sometimes used informally in the literature, we use the following precise definition. Consider a directed graph G = (V, E), with  $V = \\{1, \\ldots, n\\}$ . For a node x, let  $\\mathcal{N}_G(x)$  denote its set of *out-neighbors*. Define:\n\n**Definition 1** (Navigable Graph). A directed graph G is navigable under distance function d if for any nodes  $x, y \\in \\{1, ..., n\\}$  with d(x, y) > 0, there is some  $z \\in \\mathcal{N}_G(x)$  with d(z, y) < d(x, y).\n\nNavigability ensures that, for any starting node s and target node t, a standard greedy search where we always move to the neighbor of the current node closest to t, always converges to t.\n\nWhen all distances between  $\\{1,\\dots,n\\}$  are unique (this can be ensured by simply tie-breaking based on node id) it was recently shown that *any data set* has an efficiently computable navigable graph with average degree  $O(\\sqrt{n})$  for *any distance metric* [13, 11]. While the above bound is nearly optimal for worst-case data sets, much sparser navigable graphs often exist. For the Euclidean distance in m dimensions, Arya and Mount construct navigable graphs with degree  $2^{O(m')\\log \\Delta}$  where m' is the doubling dimension of the data under d and  $\\Delta = \\max_{i,j} d(i,j)/\\min_{i,j} d(i,j)$  is the dynamic range [24].\n\nWhy do we focus on navigability? Navigability has become a standard notion of \"quality\" for graphs used in nearest neighbor search. Indeed, the term lends its name to popular graph-based search methods such as the Navigable Small World (NSW) [42] and Hierarchical Navigable Small World (HNSW) [43] methods. Neither of these methods constructs graphs that are *provably* navigable, although they produce graphs that should be approximately navigable in practical settings. Surprisingly, however, to the best of our knowledge, no prior work formally links the accuracy of graph-based search to this intuitive notion of graph quality. As discussed, a major goal here is to address this theory-practice gap, and to use the resulting theory to propose new practical algorithms.\n\nRelated to our approach is a recent paper by Indyk and Xu [24] (and more recent follow-up work [20]) which proves accuracy guarantees for standard beam search under the assumption that the search graph is \" $\\alpha$ -shortcut reachable\", a strictly stronger criterion than navigability. A graph is  $\\alpha$ -shortcut reachable if, for all  $x,y\\in\\{1,\\ldots,n\\}$  with d(x,y)>0, there is some  $z\\in\\mathcal{N}_G(x)$  with  $\\alpha\\cdot d(z,y)< d(x,y)$  for some parameter  $\\alpha\\geq 1$ . Indeed, navigability exactly corresponds to this definition with  $\\alpha=1$ . However, the results from [24, 20] only yield a bounded approximation factor for  $\\alpha>1$  (concretely, [24] obtains approximation factor  $\\frac{1+\\alpha}{1-\\alpha}$ ). Thus, obtaining theoretical results for graphs that are simply navigable remains an open question.\n\nOne reason this question is of practical importance is that navigable graphs can in general be much sparser than  $\\alpha$ -shortcut reachable graphs. While it is possible to construct a navigable graph with average degree  $O(\\sqrt{n})$  for any database under any metric (under the mild assumption of unique distances) [11], it is not hard to observe that for any fixed  $\\alpha>1$ , even a random point set in  $O(\\log n)$ -dimensional Euclidean space does not admit an  $\\alpha$ -shortcut reachable graph with average degree < n-1 with high probability (see Appendix A.1 for details). This is also the case for other stronger versions of navigability studied in recent work, like \" $\\tau$ -monotonicity\" [52, 22]"
      },
      {
        "heading": "2.1 Additional Related Work",
        "text": "Beyond [24, 20], a few other papers have studied graph-based ANN search from a theoretical perspective. E.g., [35] and [54] study time-space tradeoffs akin to those available for LSH methods, but only for random data. More significant work has focused on practical algorithmic improvements. E.g., work has studied parallel implementations [45], methods for dynamic datasets [57, 63], distance approximations [64], graph pruning [65], filtered search [19], search with coverage criteria [1], and better search initialization strategies [66]. There has been relatively little work on alternatives to beam width-based termination in beam search, although a few papers study \"early stopping\" criteria that\n\nincorporate distance information like our Adaptive Beam Search [\\[44,](#page-12-12) [21\\]](#page-11-17). There has also been some work on using machine learning to predict an optimal termination point [\\[38\\]](#page-12-13). In concurrent work, [\\[61\\]](#page-13-12) propose another algorithm called *Adaptive Beam Search*, but the approach is fundamentally different than ours: they adapt the edges considered during the search process based on the query q. They give theoretical bounds assuming G is τ -monotonic, a stronger variant of navigability [\\[52,](#page-13-7) [22\\]](#page-11-15)."
      },
      {
        "heading": "3 Adaptive Beam Search",
        "text": "Beam search is the de facto search method used for graph-based ANN [\\[43,](#page-12-7) [59\\]](#page-13-5). We start with a key observation: beam search can be reframed by decoupling the method into two key components 1) a *search order*, determined by a method for traversing the search graph to find candidate nearest neighbors and 2) a *stopping criterion*, which governs when the algorithm stops considering candidates.\n\nOur Adaptive Beam Search method modifies the standard beam search algorithm only by changing the stopping criterion. The search order remains the same. Surprisingly, even this simple change leads to an algorithm that both enjoys strong theoretical approximation guarantees when the underlying graph is navigable (see Theorem [1\\)](#page-5-0) and outperforms standard beam search empirically.\n\nThe \"decoupled view\" of beam search is not entirely new. However, for completeness, we detail this reframing in the next section, and show how a change in stopping criterion yields other search algorithms, like simple greedy search and Adaptive Beam Search. We intuitively motivate the stopping criterion used in Adaptive Beam Search before formally analyzing the method in Section [4.](#page-5-1)"
      },
      {
        "heading": "3.1 Decoupling Beam Search as Ordered Traversal With a Stopping Condition",
        "text": "To be concrete, we provide pseudocode for a generic version of beam search in Algorithm [1.](#page-3-1) Implementation details are deferred to Appendix [B.1.](#page-23-0) Importantly, such details do not affect the number of *distance computations* performed by the algorithm – i.e., how many times we evaluate d(q, i) for a query point, q, and candidate nearest neighbor, i. Distance computations typically dominate the cost of search in practice and, indeed, for the stopping criteria considered in this paper, all other operations can be implemented in time nearly-linear in the number of such computations."
      },
      {
        "heading": "3.2 Relaxing Greedy Search",
        "text": "The goal of beam search is to avoid such accuracy issues. It does so by relaxing the stopping criterion from greedy search: in particular, by (2), we only terminate if we have found  $b \\ge k$  nodes closer to the query q than our current node x. When b = k, the algorithms are identical. When b > k, greedy search explores a prefix of the nodes explored by beam search, which simply terminates the search at a later point. Beam search is thus guaranteed to obtain a more accurate result than greedy search, at the cost of an increased number of distance computations.\n\nWith the above view in mind, many other relaxations of the greedy search termination condition given in (1) become apparent. In (3), we introduce a slack parameter  $\\gamma \\geq 0$  and only terminate if x is further from q than the  $k^{\\text{th}}$  best discovered point by a factor of  $1+\\gamma$ . Setting  $\\gamma=0$  recovers greedy search, and larger values of  $\\gamma$  will cause the search process to terminate later, yielding a better result, but at the cost of a higher runtime. This simple idea yields our Adaptive Beam Search procedure.\n\nWhile intuitively similar to beam search, a key difference of this distance-based termination rule is that it naturally adapts to the *query difficulty*. For simplicity, consider the case of k=1. Greedy search tends to perform worse when there are many \"false nearest neighbors\". For example, suppose there is just one nearest neighbor  $x^*$  with  $d(q,x^*)=1$ , but many other points  $x_1,\\ldots,x_m$  with  $d(q,x_i)=1.01$ . Assume that  $x_1,\\ldots,x_m$ , and  $x^*$  are all connected with a navigable graph. If the graph is sparse, only a small subset of the nodes in  $\\{x_1,\\ldots,x_m\\}$  will be connected to  $x^*$ . Thus, if we initialize greedy search from a point in  $\\{x_1,\\ldots,x_m\\}$ , unless we chose a very large beam width b, it is likely that before reaching one of the nodes connected to  $x^*$  (and thus finding  $x^*$ ), more than b points at distance 1.01 will get added to  $\\mathcal{D}$ , causing the search to terminate. In contrast, as long as  $\\gamma>.01$ , Adaptive Beam Search will continue to search through all of the  $x_i$  points, ultimately finding  $x^*$  before terminating. At the same time, Adaptive Beam Search will more quickly terminate on easy queries if it becomes apparent that all remaining candidates are too far away to be useful in finding additional nearest neighbors. Indeed, a criterion identical to Adaptive Beam Search has been suggested as an \"early stopping\" heuristic in work on practical graph-based ANN methods [45, 44].\n\nThe intuition that Adaptive Beam Search adapts to query hardness shows clearly in our experiments: as seen in Figure 1, the distribution of distance computations used by Adaptive Beam Search varies more widely, as fewer computations are used for \"easier\" queries. As a result, across a variety of data sets and search graphs, Adaptive Beam Search consistently outperforms classic beam search in terms of total distance computations required to achieve a certain level of recall for a given query set.\n\n<sup>&</sup>lt;sup>3</sup>Remark on implementation: For beam search, it is easy to see that a node x will always satisfy termination condition (2) if it is not one of the closest b neighbors to q in  $\\mathcal{D}$ . So, instead of maintaining two priority queues, it is more computationally efficient to maintain a sorted list of the b closest nodes discovered so far. This is what is done in typical implementations of beam search [59], and in our more detailed pseudocode in Appendix B.1.\n\n![](_page_5_Figure_0.jpeg)\n\nFigure 1: Histograms for the number of distance computations performed by standard beam search and our Adaptive Beam Search method when answering 10,000 queries for various datasets and search graphs (see Section [5](#page-7-0) for details). For a fair comparison, the b parameter in beam search and γ parameter in Adaptive Beam Search were tuned to achieve a fixed level of recall for the batch of queries. The histograms for Adaptive Beam Search are consistently flatter, confirming the intuition that it better adapts to query difficulty, leading to fewer distance computations on average."
      },
      {
        "heading": "4 Theoretical Analysis",
        "text": "We support the improved empirical performance of Adaptive Beam Search with strong theoretical guarantees. Formally, we prove that the method is *guaranteed* to solve the approximate nearest neighbor search problem, assuming that the search graph G is navigable (Definition [1\\)](#page-2-0):\n\nTheorem 1. *Suppose* d *is a metric on* X *and* G *is navigable under* d*. Then for any query* q ∈ X *, if Adaptive Beam Search – i.e., Algorithm [1](#page-3-1) with stopping criterion* [\\(3\\)](#page-4-2) *– is run with parameter* 0 < γ ≤ 2*, it is guaranteed to return a set of* k *points* B *such that:*\n\nfor all \n$$v \\in \\{1, ..., n\\} \\setminus \\mathcal{B}$$\n, \n$$d(q, v) \\ge \\frac{\\gamma}{2} \\max_{j \\in \\mathcal{B}} d(q, j).$$\n\nNotably, setting γ = 2, we ensure that all points not returned by the algorithm are at least as far from q as *every point* in B. Thus, for γ = 2, Adaptive Beam Search on a navigable graph is guaranteed to *exactly* solve the k-nearest neighbor problem. For smaller γ, the method obtains an approximate solution: no point in B can be further from q than any point not returned by more than a 2/γ factor.[4](#page-5-3)\n\nWe can see that Theorem [1](#page-5-0) proves a trade-off between runtime and accuracy: smaller values of γ lead to a strictly faster algorithm (since termination is earlier) but a worse approximation guarantee. While our result falls short of proving worst-case runtime guarantees, to the best of our knowledge, it is the first result linking the accuracy of a natural greedy search method to the notion of graph navigability. Importantly, we note that, unlike our Adaptive Beam Search, a result like Theorem [1](#page-5-0) *cannot be proven* for standard beam search. In particular, in Appendix [A.2](#page-22-1) we prove:\n\nClaim 2. *Standard beam search with beam width* b ≤ n − 3 *fails to approximately solve the nearest neighbor search problem on navigable graphs for any finite approximation factor.*\n\nConcretely, for any finite C, we can construct a set of n points in 2-dimensional Euclidean space and a navigable graph G such that, for some query point q, beam search run on G with beam width b ≤ n − 3 returns x˜ with d(q, x˜) ≥ C · min x∈{1,...,n} d(q, x).\n\n*Proof of Theorem [1.](#page-5-0)* Our proof will use the terms \"discovered\" and \"expanded\" to identify nodes in {1, . . . , n}. We consider a node j \"discovered\" if j ∈ D when Algorithm [1](#page-3-1) terminates; i.e., we have evaluated the distance between j and q. We consider a node j \"expanded\" if j is discovered and, at some point, was both popped off C on Line 4 *and* did not cause the termination condition on Line 5 to be triggered. This ensures that all of its out-neighbors are discovered (see Line 7).\n\nNote that all discovered nodes are added to both D and C. Formally, if the algorithm terminates because the condition is true for some xterm, then C ∪ {xterm} is the set of discovered but not yet expanded nodes, so the set of expanded nodes is D \\ (C ∪ {xterm}).\n\n<sup>4</sup>Many existing theoretical guarantees for approximate nearest neighbor search, such as those for LSH and related methods [\\[2,](#page-10-5) [4,](#page-10-8) [23\\]](#page-11-5) focus on the case of k = 1. A rephrasing of our result in this case is that Adaptive Beam Search returns an approximate nearest neighbor x˜ with d(q, x˜) ≤ γ · minx∈{1,...,n} d(q, x).\n\nLet  $\\mathcal B$  be the set of nodes returned upon termination and let  $\\tilde x = \\operatorname{argmax}_{x \\in \\mathcal B} d(q,x)$  be the  $k^{\\operatorname{th}}$  furthest point from q in that set. Since G is navigable, and since we assume data points are unique, there must be a path in G from any node x to any other node y (consisting of nodes that get monotonically closer to y); i.e., G is strongly connected. Thus, if Algorithm 1 terminates because an empty queue  $\\mathcal C$  causes the while loop to terminate, then all nodes in the graph must have been discovered, and so  $\\mathcal B$  contains the exact k nearest neighbors to q, and the theorem holds immediately.\n\nThus, it suffices to consider the case when termination occurs because some node  $x_{term}$  causes the termination condition in Line 5 to evaluate to true and the while loop to break early. We first claim:\n\n**Claim 3.** When Algorithm 1 terminates,  $\\tilde{x}$  is guaranteed to have been expanded.\n\nTo see that this claim holds note that, by termination condition (3), it must be that  $d(q, x_{term}) \\ge (1 + \\gamma)d(q, \\tilde{x})$  and thus  $d(q, x_{term}) > d(q, \\tilde{x})$ . I.e.,  $\\tilde{x}$  is closer to q then  $x_{term}$ . Thus,  $\\tilde{x}$  must have already been popped off  $\\mathcal{C}$  and expanded before  $x_{term}$  was popped off  $\\mathcal{C}$ .\n\nWith Claim 3 in place, we can get into our main proof. Our goal is to prove that for all  $z \\notin \\mathcal{B}$ ,\n\n\n$$d(q,z) \\ge \\frac{\\gamma}{2} d(q,\\tilde{x}). \\tag{4}$$\n\nIt suffices to prove the claim for all undiscovered nodes  $z \\notin \\mathcal{D}$ , since if  $z \\in \\mathcal{D}$  and  $d(q, z) < \\frac{\\gamma}{2}d(q, \\tilde{x})$ , then z is closer to q than  $\\tilde{x}$  and would have clearly been included in  $\\mathcal{B}$  (recall that  $\\gamma \\leq 2$ ).\n\nNow, suppose by way of contradiction that (4) is not true, i.e., that there is some undiscovered node  $z \\notin \\mathcal{D}$  with  $d(q, z) < \\frac{\\gamma}{2} d(q, \\tilde{x})$ . We first observe that such a z cannot be an out neighbor of  $\\tilde{x}$ : since  $\\tilde{x}$  is expanded by Claim 3, all of its neighbors are discovered, i.e., all are in  $\\mathcal{D}$ .\n\nSince G is navigable and all database items are unique, there must be some directed path  $\\mathcal P$  from  $\\tilde x$  to z consisting of points that get monotonically closer to z. Moreover, since  $z\\notin\\mathcal N_G(\\tilde x)$ ,  $\\mathcal P$  must have length  $\\ell\\geq 2$ . Denote the elements of  $\\mathcal P$  by  $\\mathcal P=\\{\\tilde x=p_0\\to p_1\\to\\ldots\\to p_\\ell=z\\}$ . We have for all  $1\\leq i\\leq \\ell, d(z,p_{i-1})>d(z,p_i)$ . We make the following claim:\n\n**Claim 4.** For any  $z \\notin \\mathcal{D}$ , there exists some node  $w \\in \\{p_1, \\dots, p_{\\ell-1}\\}$  along the path from  $\\tilde{x}$  to z that has been discovered but not expanded.\n\n*Proof.* First observe that  $p_1$  must be discovered since, by Claim 3,  $\\tilde{x}$  was expanded and  $p_1$  is an out-neighbor of  $\\tilde{x}$ . Furthermore, if  $p_{i-1}$  is discovered and expanded then  $p_i$  must be discovered. So, inductively we see that there are two possible cases: either there is some  $i < \\ell$  for which  $p_i$  is discovered but not expanded (as desired) or  $p_i$  is discovered and expanded for all  $i < \\ell$ . However, the second case is impossible since z is not in  $\\mathcal{D}$  and it would be if  $p_{\\ell-1}$  was expanded. We conclude the claim that there is some  $w \\in \\{p_1, \\dots, p_{\\ell-1}\\}$  that is discovered but not expanded.\n\nConsider the unexpanded node w guaranteed to exist by Claim 4. When the algorithm terminates,\n\n\n$$d(q, w) \\ge (1 + \\gamma)d(q, \\tilde{x}). \\tag{5}$$\n\nIf  $w=x_{term}$  this is trivially true as a consequence of the termination rule (3). Otherwise, if (5) were not true, then w would be closer to q than  $x_{term}$  and it would have been popped off  $\\mathcal C$  before  $x_{term}$  and expanded. With (5) in place, we are ready to obtain our contradiction. By triangle inequality (since d is a metric) and our supposition that  $d(q, z) < \\frac{\\gamma}{2} d(q, \\tilde{x})$ , we have:\n\n$$d(\\tilde{x}, z) \\le d(\\tilde{x}, q) + d(q, z) < \\left(1 + \\frac{\\gamma}{2}\\right) d(q, \\tilde{x}).$$\n\nCombined with another application of triangle inequality and the fact the  $d(w, z) < d(\\tilde{x}, z)$ , we have\n\n$$d(w,q) \\leq d(w,z) + d(z,q) < d(\\tilde{x},z) + d(z,q) < \\left(1 + \\frac{\\gamma}{2}\\right)d(q,\\tilde{x}) + \\frac{\\gamma}{2}d(q,\\tilde{x}) = (1+\\gamma)d(q,\\tilde{x}).$$\n\nHowever, this claim contradicts (5). Thus, there cannot exist any  $z \\notin \\mathcal{D}$  with  $d(q, z) < \\frac{\\gamma}{2} d(q, \\tilde{x})$ . I.e., (4) holds, proving Theorem 1. For a geometric illustration of the above proof, see Figure 2.\n\n<sup>&</sup>lt;sup>5</sup>The strict inequality clearly holds when  $d(q, \\tilde{x}) > 0$  since  $\\gamma > 0$ . When  $d(q, \\tilde{x}) = 0$  it holds because database items are assumed to be unique, so we cannot also have  $d(q, x_{term}) = 0$ .\n\nFigure 2: Visualization of the proof of Theorem 1. We let  $\\tilde{d}$  denote  $d(q, \\tilde{x})$ . Our goal is to show that there is no undiscovered z in a ball of radius  $\\frac{\\gamma}{2}\\tilde{d}$  around q, which is shown with a dotted line. If there was, we obtain a contradiction. In particular, if G is navigable, we argue that there must be some unexpanded node w on a path of decreasing distance from  $\\tilde{x}$  to z. Since w is closer to z than  $\\tilde{x}$ , it must lie in a ball of radius  $\\left(1+\\frac{\\gamma}{2}\\right)\\tilde{d}$  around z, which is contained in a ball of radius  $\\left(1+\\gamma\\right)$  around q. However, by (5), no unexpanded node can lie in that ball.\n\n![](_page_7_Picture_1.jpeg)"
      },
      {
        "heading": "5 Experiments",
        "text": "We now experimentally compare our Adaptive Beam Search method with standard beam search, demonstrating improved tradeoffs between efficiency and accuracy in a variety of settings.\n\n**Beam Search Algorithms.** We primarily compare standard beam search (termination condition (2)) with Adaptive Beam Search (termination condition (3)). To implement Algorithm 1 with these termination conditions, we follow the pseudocode in Appendix B.1. For some settings, we test a third method called *Adaptive Beam Search V2*, which terminates on node x if\n\n\n$$d(q, x) \\ge d_1 + \\gamma \\cdot d_k,\\tag{6}$$\n\nwhere  $d_1$  and  $d_k$  are the distances from the query q to the closest and  $k^{\\text{th}}$  closest discovered nodes, respectively. Compared to (3), (6) replaces the threshold  $(1+\\gamma) \\cdot d_k$  with the smaller threshold  $d_1+\\gamma \\cdot d_k$ , leading to more aggressive stopping. Surprisingly, while (6) is not a relaxation of greedy search (when  $\\gamma < 1$ , it may stop earlier than greedy search), one can check that Theorem 1 still holds under this condition. This motivates its inclusion in our experiments. However, we observe that Adaptive Beam Search V2 generally underperforms Adaptive Beam Search. We leave open developing other stopping conditions that satisfy bounds similar to Theorem 1 while obtaining strong empirical performance like Adaptive Beam Search – see Appendix C.4 for some initial explorations.\n\nComparison Across Recall Values. The algorithms discussed above can all trade off accuracy for runtime by adjusting the beam width, b, or the parameter  $\\gamma$ . We thus vary these parameters to obtain a range of *recall values*, i.e., the average fraction of the k nearest neighbors found over all queries on a given dataset. Recall is a standard metric for evaluating ANN methods [43, 59]. We compare the methods by plotting the average number of distance computations performed per query to achieve a certain recall value. Since all three methods have essentially identical implementations, running time scales very similarly with the number of distance computations. See Appendix B.1 for more details.\n\n**Datasets and Graph Constructions.** We evaluate our Adaptive Beam Search on six standard benchmark datasets for nearest neighbor search, which are listed in Table 1. All datasets consist of real-valued vectors in varying dimensions, and we use Euclidean distance for search. We perform evaluations using a variety of popular heuristic \"approximately navigable\" graphs, along with truly navigable graphs for which the bound of Theorem 1 holds. Specifically, for the heuristic graphs, we use four standard methods: HNSW [43], Vamana [59], NSG [16], and EFANNA [15]. Details on how parameters are set for these algorithms are in Appendix B.3."
      },
      {
        "heading": "5.1 Experimental Setup",
        "text": "To construct the truly navigable graphs, we use the approach of [13] to create an initial navigable graph with average degree  $\\tilde{O}(\\sqrt{n})$ , and then further prune this graph while maintaining navigability. See Appendix B.2 for details. Pruning reduces the memory footprint of the graph, and results in levels of sparsity closer to those of the heuristic constructions. However, since it is computationally expensive, we only run our navigable graph experiments for random subsets of three of the datasets,\n\n\n\n| Dataset      | Dimensions | # of Nodes | # of Nodes in Navigable<br>Graph Experiments | # Query Points |  |  |\n|--------------|------------|------------|----------------------------------------------|----------------|--|--|\n| MNIST [36]   | 784        | 60K        | 50K                                          | 10K            |  |  |\n| SIFT1M [26]  | 128        | 1M         | 100K                                         | 10K            |  |  |\n| DEEP96 [7]   | 96         | 1M         | 100K                                         | 10K            |  |  |\n| DEEP256 [39] | 256        | 1M         | -                                            | 10K            |  |  |\n| GloVe [53]   | 200        | 1M         | -                                            | 10K            |  |  |\n| GIST [50]    | 960        | 1M         | -                                            | 10K            |  |  |\n\nTable 1: Datasets used for evaluation. For further details, refer to Appendix [B.3.](#page-25-0)\n\nwith subsample sizes listed in Table [1.](#page-8-0) We believe that our subsample sizes are large enough to be representative. However, it would be interesting to improve the running time of constructing very sparse and truly navigable graphs, so that such graphs can be evaluated for larger datasets."
      },
      {
        "heading": "5.2 Results",
        "text": "We now discuss our experimental results on both truly navigable graphs and the commonly used heuristic graphs discussed above.\n\nResults for Navigable Graphs. Results for navigable graphs are shown in Figure [3](#page-8-1) for SIFT, DEEP256, and MNIST for k = 1 and 10. Results for k = 100 are included in Appendix [C.1.](#page-26-0) The y-axis shows recall, while the x-axis shows the average number of distance calculations per query. Adaptive Beam Search always performs at least on par with classic beam search, and often significantly better, with up to 30-40% decrease in distance computations for a given recall. Adaptive Beam Search V2 performs worse, so is not evaluated in future experiments. The underperformance of Adaptive Beam Search V2 is further explored in Appendix [C.3.](#page-27-0) In a nutshell, when d<sup>1</sup> ≪ dk, for small γ we might stop when d(q, x) < dk, which means we do not even explore all the neighbors of our current top-k results. If we increase γ to avoid this, we terminate too late when d<sup>1</sup> is close to dk.\n\n![](_page_8_Figure_6.jpeg)\n\nFigure 3: Navigable Graphs: Comparison of generalized beam search termination conditions on navigable graphs across three datasets: SIFT1M, DEEP96, and MNIST (columns), with k = 1, and k = 10 (rows). Adaptive Beam Search consistently outperforms standard beam search, while the alternative Adaptive Beam Search V2 underperforms both by a significant margin. Note that for k = 1, Adaptive Beam Search and Adaptive Beam Search V2 are identical, so only one line is shown.\n\nResults for Heuristic Graphs. Our results for heuristic graphs with k = 10 across three datasets are shown in Figure [4.](#page-9-0) For additional results covering the remaining datasets and values of k, see Appendix [C.2.](#page-27-1) In all cases, we see that Adaptive Beam Search outperforms standard beam search, sometimes marginally, but sometimes by more than a factor of 2, e.g., on MNIST. The performance gains are robust to changing the graph construction, indicating that Adaptive Beam Search is a strong candidate for a drop-in replacement for standard beam search in graph-based ANN.\n\nAdaptivity Across Queries. As discussed in Section [3.2,](#page-4-3) Adaptive Beam Search seems to outperform standard greedy search because the distance-based stopping criterion is more \"adaptive\" to query difficulty. For hard queries with many approximate nearest neighbors, it tends to use more distance computations. However, the method terminates quickly on easy queries when there are few points with d(q, x) ≤ (1 + γ)dk. This phenomenon is illustrated for a sample of settings in Figure [1.](#page-5-2)\n\n![](_page_9_Figure_2.jpeg)\n\nFigure 4: Heuristic Graphs: Comparison of generalized beam search termination methods on heuristic graphs produced by NSG, Vamana, EFANNA, and HNSW (rows), for k = 10 with 3 datasets: SIFT1M, DEEP256, and MNIST (columns). Adaptive beam search consistently outperforms standard beam search across all cases, sometimes by a significant margin."
      }
    ],
    "references": [
      {
        "title": "Raykar, Kirankumar Shiragur, and Haike Xu",
        "author": [
          "Piyush Anand",
          "Piotr Indyk",
          "Ravishankar Krishnaswamy",
          "Sepideh Mahabadi",
          "Vikas C"
        ],
        "venue": "Graph-based algorithms for diverse similarity search. In Proceedings of the 42nd International Conference on Machine Learning (ICML)",
        "citeRegEx": "Anand et al\\\\.,? 2025",
        "shortCiteRegEx": "Anand et al\\\\.",
        "year": 2025
      },
      {
        "title": "Near-optimal hashing algorithms for approximate nearest neighbor in high dimensions",
        "author": [
          "Alexandr Andoni",
          "Piotr Indyk"
        ],
        "venue": "Communications of the ACM, 51(1):117–122",
        "citeRegEx": "Andoni et al\\\\.,? 2008",
        "shortCiteRegEx": "Andoni et al\\\\.",
        "year": 2008
      },
      {
        "title": "Practical and optimal LSH for angular distance",
        "author": [
          "Alexandr Andoni",
          "Piotr Indyk",
          "Thijs Laarhoven",
          "Ilya Razenshteyn",
          "Ludwig Schmidt"
        ],
        "venue": "In Advances in Neural Information Processing Systems 28 (NeurIPS)",
        "citeRegEx": "Andoni et al\\\\.,? 2015",
        "shortCiteRegEx": "Andoni et al\\\\.",
        "year": 2015
      },
      {
        "title": "Nguyen, and Ilya Razenshteyn",
        "author": [
          "Alexandr Andoni",
          "Piotr Indyk",
          "Huy L"
        ],
        "venue": "Beyond locality-sensitive hashing. In Proceedings of the 25th Annual ACM-SIAM Symposium on Discrete Algorithms (SODA)",
        "citeRegEx": "Andoni et al\\\\.,? 2014",
        "shortCiteRegEx": "Andoni et al\\\\.",
        "year": 2014
      },
      {
        "title": "Mount",
        "author": [
          "Sunil Arya",
          "David M"
        ],
        "venue": "Approximate nearest neighbor queries in fixed dimensions. In Proceedings of the 4th Annual ACM-SIAM Symposium on Discrete Algorithms (SODA)",
        "citeRegEx": "Arya et al\\\\.,? 1993",
        "shortCiteRegEx": "Arya et al\\\\.",
        "year": 1993
      },
      {
        "title": "ANN-Benchmarks: A benchmarking tool for approximate nearest neighbor algorithms",
        "author": [
          "Martin Aumüller",
          "Erik Bernhardsson",
          "Alexander Faithfull"
        ],
        "venue": "Information Systems, 87",
        "citeRegEx": "Aumüller et al\\\\.,? 2020",
        "shortCiteRegEx": "Aumüller et al\\\\.",
        "year": 2020
      },
      {
        "title": "Efficient indexing of billion-scale datasets of deep descriptors",
        "author": [
          "Artem Babenko",
          "Victor Lempitsky"
        ],
        "venue": "In Proceedings of the IEEE Conference on Computer Vision and Pattern Recognition, pages",
        "citeRegEx": "Babenko et al\\\\.,? 2055",
        "shortCiteRegEx": "Babenko et al\\\\.",
        "year": 2055
      },
      {
        "title": "Cover trees for nearest neighbor",
        "author": [
          "Alina Beygelzimer",
          "Sham Kakade",
          "John Langford"
        ],
        "venue": "In Proceedings of the 23rd International Conference on Machine Learning (ICML)",
        "citeRegEx": "Beygelzimer et al\\\\.,? 2006",
        "shortCiteRegEx": "Beygelzimer et al\\\\.",
        "year": 2006
      },
      {
        "title": "Foundations of Vector Retrieval",
        "author": [
          "Sebastian Bruch"
        ],
        "venue": "Springer",
        "citeRegEx": "Bruch et al\\\\.,? 2024",
        "shortCiteRegEx": "Bruch et al\\\\.",
        "year": 2024
      },
      {
        "title": "Kernel density estimation through density constrained near neighbor search",
        "author": [
          "Moses Charikar",
          "Michael Kapralov",
          "Navid Nouri",
          "Paris Siminelakis"
        ],
        "venue": "In Proceedings of the 63rd Annual IEEE Symposium on Foundations of Computer Science (FOCS)",
        "citeRegEx": "Charikar et al\\\\.,? 2020",
        "shortCiteRegEx": "Charikar et al\\\\.",
        "year": 2020
      },
      {
        "title": "Efficiently constructing sparse navigable graphs",
        "author": [
          "Alex Conway",
          "Laxman Dhulipala",
          "Martin Farach-Colton",
          "Rob Johnson",
          "Ben Landrum",
          "Christopher Musco",
          "Yarin Shechter",
          "Torsten Suel",
          "Richard Wen"
        ],
        "venue": "In Proceedings of the 37th Annual ACM-SIAM Symposium on Discrete Algorithms (SODA)",
        "citeRegEx": "Conway et al\\\\.,? 2026",
        "shortCiteRegEx": "Conway et al\\\\.",
        "year": 2026
      },
      {
        "title": "BERT: Pre-training of deep bidirectional transformers for language understanding",
        "author": [
          "Jacob Devlin",
          "Ming-Wei Chang",
          "Kenton Lee",
          "Kristina Toutanova"
        ],
        "venue": "In Proceedings of the",
        "citeRegEx": "Devlin et al\\\\.,? 2019",
        "shortCiteRegEx": "Devlin et al\\\\.",
        "year": 2019
      },
      {
        "title": "Navigable graphs for high-dimensional nearest neighbor search: Constructions and limits",
        "author": [
          "Haya Diwan",
          "Jinrui Gou",
          "Cameron Musco",
          "Christopher Musco",
          "Torsten Suel"
        ],
        "venue": "In Advances in Neural Information Processing Systems 37 (NeurIPS)",
        "citeRegEx": "Diwan et al\\\\.,? 2024",
        "shortCiteRegEx": "Diwan et al\\\\.",
        "year": 2024
      },
      {
        "title": "SPLADE: sparse lexical and expansion model for first stage ranking",
        "author": [
          "Thibault Formal",
          "Benjamin Piwowarski",
          "Stéphane Clinchant"
        ],
        "venue": "In Proceedings of the 44th International ACM SIGIR Conference on Research and Development in Information Retrieval",
        "citeRegEx": "Formal et al\\\\.,? 2021",
        "shortCiteRegEx": "Formal et al\\\\.",
        "year": 2021
      },
      {
        "title": "EFANNA: An extremely fast approximate nearest neighbor search algorithm based on kNN graph",
        "author": [
          "Cong Fu",
          "Deng Cai"
        ],
        "venue": "[arXiv:1609.07228](http://arxiv.org/abs/1609.07228)",
        "citeRegEx": "Fu et al\\\\.,? 2016",
        "shortCiteRegEx": "Fu et al\\\\.",
        "year": 2016
      },
      {
        "title": "Fast approximate nearest neighbor search with the navigating spreading-out graph",
        "author": [
          "Cong Fu",
          "Chao Xiang",
          "Changxu Wang",
          "Deng Cai"
        ],
        "venue": "Proceedings of the VLDB Endowment, 12(5):461–474",
        "citeRegEx": "Fu et al\\\\.,? 2019",
        "shortCiteRegEx": "Fu et al\\\\.",
        "year": 2019
      },
      {
        "title": "High-dimensional approximate nearest neighbor search: with reliable and efficient distance comparison operations",
        "author": [
          "Jianyang Gao",
          "Cheng Long"
        ],
        "venue": "Proceedings of the ACM on Management of Data, 1(2)",
        "citeRegEx": "Gao et al\\\\.,? 2023",
        "shortCiteRegEx": "Gao et al\\\\.",
        "year": 2023
      },
      {
        "title": "Fast k nearest neighbor search using GPU",
        "author": [
          "Vincent Garcia",
          "Eric Debreuve",
          "Michel Barlaud"
        ],
        "venue": "In IEEE Computer Society Conference on Computer Vision and Pattern Recognition Workshops",
        "citeRegEx": "Garcia et al\\\\.,? 2008",
        "shortCiteRegEx": "Garcia et al\\\\.",
        "year": 2008
      },
      {
        "title": "Filtered-DiskANN: Graph algorithms for approximate nearest neighbor search with filters",
        "author": [
          "Siddharth Gollapudi",
          "Neel Karia",
          "Varun Sivashankar",
          "Ravishankar Krishnaswamy",
          "Nikit Begwani",
          "Swapnil Raz",
          "Yiyong Lin",
          "Yin Zhang",
          "Neelam Mahapatro",
          "Premkumar Srinivasan",
          "Amit Singh",
          "Harsha Vardhan Simhadri"
        ],
        "venue": "In Proceedings of the 32nd International World Wide Web Conference (WWW), pages 3406–3416",
        "citeRegEx": "Gollapudi et al\\\\.,? 2023",
        "shortCiteRegEx": "Gollapudi et al\\\\.",
        "year": 2023
      },
      {
        "title": "Sort before you prune: Improved worst-case guarantees of the diskANN family of graphs",
        "author": [
          "Siddharth Gollapudi",
          "Ravishankar Krishnaswamy",
          "Kirankumar Shiragur",
          "Harsh Wardhan"
        ],
        "venue": "In Proceedings of the 42nd International Conference on Machine Learning (ICML)",
        "citeRegEx": "Gollapudi et al\\\\.,? 2025",
        "shortCiteRegEx": "Gollapudi et al\\\\.",
        "year": 2025
      },
      {
        "title": "A",
        "author": [
          "Fabian Groh",
          "Lukas Ruppert",
          "Patrick Wieschollek",
          "Hendrik P"
        ],
        "venue": "Lensch. GGNN: graphbased GPU nearest neighbor search. IEEE Transactions on Big Data, 9(1):267–279",
        "citeRegEx": "Groh et al\\\\.,? 2023",
        "shortCiteRegEx": "Groh et al\\\\.",
        "year": 2023
      },
      {
        "title": "FANNG: fast approximate nearest neighbour graphs",
        "author": [
          "Ben Harwood",
          "Tom Drummond"
        ],
        "venue": "In IEEE Conference on Computer Vision and Pattern Recognition (CVPR)",
        "citeRegEx": "Harwood et al\\\\.,? 2016",
        "shortCiteRegEx": "Harwood et al\\\\.",
        "year": 2016
      },
      {
        "title": "Approximate nearest neighbors: towards removing the curse of dimensionality",
        "author": [
          "Piotr Indyk",
          "Rajeev Motwani"
        ],
        "venue": "In Proceedings of the 30th Annual ACM Symposium on Theory of Computing (STOC)",
        "citeRegEx": "Indyk et al\\\\.,? 1998",
        "shortCiteRegEx": "Indyk et al\\\\.",
        "year": 1998
      },
      {
        "title": "Worst-case performance of popular approximate nearest neighbor search implementations: Guarantees and limitations",
        "author": [
          "Piotr Indyk",
          "Haike Xu"
        ],
        "venue": "In Advances in Neural Information Processing Systems 36 (NeurIPS)",
        "citeRegEx": "Indyk et al\\\\.,? 2023",
        "shortCiteRegEx": "Indyk et al\\\\.",
        "year": 2023
      },
      {
        "title": "MUVERA: Multi-vector retrieval via fixed dimensional encoding",
        "author": [
          "Rajesh Jayaram",
          "Laxman Dhulipala",
          "Majid Hadian",
          "Jason Lee",
          "Vahab Mirrokni"
        ],
        "venue": "In Advances in Neural Information Processing Systems 37 (NeurIPS)",
        "citeRegEx": "Jayaram et al\\\\.,? 2024",
        "shortCiteRegEx": "Jayaram et al\\\\.",
        "year": 2024
      },
      {
        "title": "Product quantization for nearest neighbor search",
        "author": [
          "Herve Jégou",
          "Matthijs Douze",
          "Cordelia Schmid"
        ],
        "venue": "IEEE Transactions on Pattern Analysis and Machine Intelligence, 33(1):117–128",
        "citeRegEx": "Jégou et al\\\\.,? 2011",
        "shortCiteRegEx": "Jégou et al\\\\.",
        "year": 2011
      },
      {
        "title": "Billion-scale similarity search with GPUs",
        "author": [
          "Jeff Johnson",
          "Matthijs Douze",
          "Hervé Jégou"
        ],
        "venue": "IEEE Transactions on Big Data, 7(03):535–547",
        "citeRegEx": "Johnson et al\\\\.,? 2021",
        "shortCiteRegEx": "Johnson et al\\\\.",
        "year": 2021
      },
      {
        "title": "DEANN: Speeding up kernel-density estimation using approximate nearest neighbor search",
        "author": [
          "Matti Karppa",
          "Martin Aumüller",
          "Rasmus Pagh"
        ],
        "venue": "In Proceedings of the 25th International Conference on Artificial Intelligence and Statistics (AISTATS)",
        "citeRegEx": "Karppa et al\\\\.,? 2022",
        "shortCiteRegEx": "Karppa et al\\\\.",
        "year": 2022
      },
      {
        "title": "Reformer: The efficient transformer",
        "author": [
          "Nikita Kitaev",
          "Lukasz Kaiser",
          "Anselm Levskaya"
        ],
        "venue": "In Proceedings of the 8th International Conference on Learning Representations (ICLR)",
        "citeRegEx": "Kitaev et al\\\\.,? 2020",
        "shortCiteRegEx": "Kitaev et al\\\\.",
        "year": 2020
      },
      {
        "title": "Kleinberg",
        "author": [
          "Jon M"
        ],
        "venue": "Two algorithms for nearest-neighbor search in high dimensions. In Proceedings of the 29th Annual ACM Symposium on Theory of Computing (STOC)",
        "citeRegEx": "M et al\\\\.,? 1997",
        "shortCiteRegEx": "M et al\\\\.",
        "year": 1997
      },
      {
        "title": "Kleinberg",
        "author": [
          "Jon M"
        ],
        "venue": "Navigation in a small world. Nature, 406(6798):845–845",
        "citeRegEx": "M et al\\\\.,? 2000",
        "shortCiteRegEx": "M et al\\\\.",
        "year": 2000
      },
      {
        "title": "Kleinberg",
        "author": [
          "Jon M"
        ],
        "venue": "The small-world phenomenon: an algorithmic perspective. In Proceedings of the 32nd Annual ACM Symposium on Theory of Computing (STOC)",
        "citeRegEx": "M et al\\\\.,? 2000",
        "shortCiteRegEx": "M et al\\\\.",
        "year": 2000
      },
      {
        "title": "The DiskANN library: Graph-based indices for fast, fresh and filtered vector search",
        "author": [
          "Ravishankar Krishnaswamy",
          "Magdalen Dobson Manohar",
          "Harsha Vardhan Simhadri"
        ],
        "venue": "IEEE Data Engineering Bulletin, 48(3):20–42",
        "citeRegEx": "Krishnaswamy et al\\\\.,? 2024",
        "shortCiteRegEx": "Krishnaswamy et al\\\\.",
        "year": 2024
      },
      {
        "title": "Efficient search for approximate nearest neighbor in high dimensional spaces",
        "author": [
          "Eyal Kushilevitz",
          "Rafail Ostrovsky",
          "Yuval Rabani"
        ],
        "venue": "In Proceedings of the 30th Annual ACM Symposium on Theory of Computing (STOC)",
        "citeRegEx": "Kushilevitz et al\\\\.,? 1998",
        "shortCiteRegEx": "Kushilevitz et al\\\\.",
        "year": 1998
      },
      {
        "title": "Graph-based time-space trade-offs for approximate near neighbors",
        "author": [
          "Thijs Laarhoven"
        ],
        "venue": "In Proceedings of the 34th Annual Symposium on Computational Geometry (SOCG)",
        "citeRegEx": "Laarhoven et al\\\\.,? 2018",
        "shortCiteRegEx": "Laarhoven et al\\\\.",
        "year": 2018
      },
      {
        "title": "Gradient-based learning applied to document recognition",
        "author": [
          "Yann LeCun",
          "Léon Bottou",
          "Yoshua Bengio",
          "Patrick Haffner"
        ],
        "venue": "Proceedings of the IEEE, 86(11):2278–2324",
        "citeRegEx": "LeCun et al\\\\.,? 1998",
        "shortCiteRegEx": "LeCun et al\\\\.",
        "year": 1998
      },
      {
        "title": "Retrieval-augmented generation for knowledge-intensive NLP tasks",
        "author": [
          "Patrick Lewis",
          "Ethan Perez",
          "Aleksandra Piktus",
          "Fabio Petroni",
          "Vladimir Karpukhin",
          "Naman Goyal",
          "Heinrich Küttler",
          "Mike Lewis",
          "Wen-tau Yih",
          "Tim Rocktäschel",
          "Sebastian Riedel",
          "Douwe Kiela"
        ],
        "venue": "In Advances in Neural Information Processing Systems 33 (NeurIPS)",
        "citeRegEx": "Lewis et al\\\\.,? 2020",
        "shortCiteRegEx": "Lewis et al\\\\.",
        "year": 2020
      },
      {
        "title": "Improving approximate nearest neighbor search through learned adaptive early termination",
        "author": [
          "Conglong Li",
          "Minjia Zhang",
          "David G Andersen",
          "Yuxiong He"
        ],
        "venue": "In Proceedings of the",
        "citeRegEx": "Li et al\\\\.,? 2020",
        "shortCiteRegEx": "Li et al\\\\.",
        "year": 2020
      },
      {
        "title": "W",
        "author": [
          "Jinfeng Li",
          "Xiao Yan",
          "Jian Zhang",
          "An Xu",
          "James Cheng",
          "Jie Liu",
          "Kelvin K"
        ],
        "venue": "Ng, and Ti-chung Cheng. A general and efficient querying method for learning to hash. In Proceedings of the",
        "citeRegEx": "Li et al\\\\.,? 2018",
        "shortCiteRegEx": "Li et al\\\\.",
        "year": 2018
      },
      {
        "title": "ROSE: Robust caches for amazon product search",
        "author": [
          "Chen Luo",
          "Vihan Lakshman",
          "Anshumali Shrivastava",
          "Tianyu Cao",
          "Sreyashi Nag",
          "Rahul Goutam",
          "Hanqing Lu",
          "Yiwei Song",
          "Bing Yin"
        ],
        "venue": "https://www.amazon.science/publications/rose-robust-caches-for-amazon-product-search",
        "citeRegEx": "Luo et al\\\\.,? 2022",
        "shortCiteRegEx": "Luo et al\\\\.",
        "year": 2022
      },
      {
        "title": "Multi-probe LSH: efficient indexing for high-dimensional similarity search",
        "author": [
          "Qin Lv",
          "William Josephson",
          "Zhe Wang",
          "Moses Charikar",
          "Kai Li"
        ],
        "venue": "In Proceedings of the 33rd International Conference on Very Large Data Bases, pages 950–961",
        "citeRegEx": "Lv et al\\\\.,? 2007",
        "shortCiteRegEx": "Lv et al\\\\.",
        "year": 2007
      },
      {
        "title": "Approximate nearest neighbor algorithm based on navigable small world graphs",
        "author": [
          "Yury Malkov",
          "Alexander Ponomarenko",
          "Andrey Logvinov",
          "Vladimir Krylov"
        ],
        "venue": "Information Systems, 45:61–68",
        "citeRegEx": "Malkov et al\\\\.,? 2014",
        "shortCiteRegEx": "Malkov et al\\\\.",
        "year": 2014
      },
      {
        "title": "Malkov and D",
        "author": [
          "Yury"
        ],
        "venue": "A. Yashunin. Efficient and robust approximate nearest neighbor search using hierarchical navigable small world graphs. IEEE Transactions on Pattern Analysis and Machine Intelligence, 42(4):824–836",
        "citeRegEx": "Yury et al\\\\.,? 2020",
        "shortCiteRegEx": "Yury et al\\\\.",
        "year": 2020
      },
      {
        "title": "Blelloch",
        "author": [
          "Magdalen Dobson Manohar",
          "Taekseung Kim",
          "Guy E"
        ],
        "venue": "Range retrieval with graph-based indices. [arXiv:2502.13245](http://arxiv.org/abs/2502.13245)",
        "citeRegEx": "Manohar et al\\\\.,? 2025",
        "shortCiteRegEx": "Manohar et al\\\\.",
        "year": 2025
      },
      {
        "title": "ParlayANN: Scalable and deterministic parallel graphbased approximate nearest neighbor search algorithms",
        "author": [
          "Magdalen Dobson Manohar",
          "Zheqi Shen",
          "Guy Blelloch",
          "Laxman Dhulipala",
          "Yan Gu",
          "Harsha Vardhan Simhadri",
          "Yihan Sun"
        ],
        "venue": "In Proceedings of the 29th ACM SIGPLAN Annual Symposium on Principles and Practice of Parallel Programming (PPoPP), pages 270–285",
        "citeRegEx": "Manohar et al\\\\.,? 2024",
        "shortCiteRegEx": "Manohar et al\\\\.",
        "year": 2024
      },
      {
        "title": "Augmented language models: a survey",
        "author": [
          "Grégoire Mialon",
          "Roberto Dessi",
          "Maria Lomeli",
          "Christoforos Nalmpantis",
          "Ramakanth Pasunuru",
          "Roberta Raileanu",
          "Baptiste Roziere",
          "Timo Schick",
          "Jane Dwivedi-Yu",
          "Asli Celikyilmaz",
          "Edouard Grave",
          "Yann LeCun",
          "Thomas Scialom"
        ],
        "venue": "Transactions on Machine Learning Research",
        "citeRegEx": "Mialon et al\\\\.,? 2023",
        "shortCiteRegEx": "Mialon et al\\\\.",
        "year": 2023
      },
      {
        "title": "The small world problem",
        "author": [
          "Stanley Milgram"
        ],
        "venue": "Psychology Today, 2(1):60–67",
        "citeRegEx": "Milgram et al\\\\.,? 1967",
        "shortCiteRegEx": "Milgram et al\\\\.",
        "year": 1967
      },
      {
        "title": "An introduction to neural information retrieval",
        "author": [
          "Bhaskar Mitra",
          "Nick Craswell",
          "et al"
        ],
        "venue": "Foundations and Trends® in Information Retrieval, 13(1):1–126",
        "citeRegEx": "Mitra et al\\\\.,? 2018",
        "shortCiteRegEx": "Mitra et al\\\\.",
        "year": 2018
      },
      {
        "title": "Lowe",
        "author": [
          "Marius Muja",
          "David G"
        ],
        "venue": "Scalable nearest neighbor algorithms for high dimensional data. IEEE Transactions on Pattern Analysis and Machine Intelligence, 36(11):2227–2240",
        "citeRegEx": "Muja et al\\\\.,? 2014",
        "shortCiteRegEx": "Muja et al\\\\.",
        "year": 2014
      },
      {
        "title": "Modeling the shape of the scene: A holistic representation of the spatial envelope",
        "author": [
          "Aude Oliva",
          "Antonio Torralba"
        ],
        "venue": "International Journal of Computer Vision, 42:145–175",
        "citeRegEx": "Oliva et al\\\\.,? 2001",
        "shortCiteRegEx": "Oliva et al\\\\.",
        "year": 2001
      },
      {
        "title": "Papadopoulos and Yannis Manolopoulos",
        "author": [
          "Apostolos N"
        ],
        "venue": "Nearest Neighbor Search:: A Database Perspective. Springer Science & Business Media",
        "citeRegEx": "N et al\\\\.,? 2005",
        "shortCiteRegEx": "N et al\\\\.",
        "year": 2005
      },
      {
        "title": "Efficient approximate nearest neighbor search in multi-dimensional databases",
        "author": [
          "Yun Peng",
          "Byron Choi",
          "Tsz Nam Chan",
          "Jianye Yang",
          "Jianliang Xu"
        ],
        "venue": "Proceeding of the ACM on Management of Data, 1(1)",
        "citeRegEx": "Peng et al\\\\.,? 2023",
        "shortCiteRegEx": "Peng et al\\\\.",
        "year": 2023
      },
      {
        "title": "Manning",
        "author": [
          "Jeffrey Pennington",
          "Richard Socher",
          "Christopher D"
        ],
        "venue": "GloVe: Global vectors for word representation. In Proceedings of the",
        "citeRegEx": "Pennington et al\\\\.,? 2014",
        "shortCiteRegEx": "Pennington et al\\\\.",
        "year": 2014
      },
      {
        "title": "Graph-based nearest neighbor search: From practice to theory",
        "author": [
          "Liudmila Prokhorenkova",
          "Aleksandr Shekhovtsov"
        ],
        "venue": "In Proceedings of the 37th International Conference on Machine Learning (ICML)",
        "citeRegEx": "Prokhorenkova et al\\\\.,? 2020",
        "shortCiteRegEx": "Prokhorenkova et al\\\\.",
        "year": 2020
      },
      {
        "title": "Results of the Big ANN: NeurIPS'23 competition",
        "author": [
          "Harsha Vardhan Simhadri",
          "Martin Aumüller",
          "Amir Ingber",
          "Matthijs Douze",
          "George Williams",
          "Magdalen Dobson Manohar",
          "Dmitry Baranchuk",
          "Edo Liberty",
          "Frank Liu",
          "Ben Landrum",
          "Mazin Karjikar",
          "Laxman Dhulipala",
          "Meng Chen",
          "Yue Chen",
          "Rui Ma",
          "Kai Zhang",
          "Yuzheng Cai",
          "Jiayang Shi",
          "Yizhuo Chen",
          "Weiguo Zheng",
          "Zihao Wan",
          "Jie Yin",
          "Ben Huang"
        ],
        "venue": "[arXiv:2409.17424](http://arxiv.org/abs/2409.17424)",
        "citeRegEx": "Simhadri et al\\\\.,? 2024",
        "shortCiteRegEx": "Simhadri et al\\\\.",
        "year": 2024
      },
      {
        "title": "Results of the NeurIPS'21 challenge on billion-scale approximate nearest neighbor search",
        "author": [
          "Harsha Vardhan Simhadri",
          "George Williams",
          "Martin Aumüller",
          "Matthijs Douze",
          "Artem Babenko",
          "Dmitry Baranchuk",
          "Qi Chen",
          "Lucas Hosseini",
          "Ravishankar Krishnaswamny",
          "Gopal Srinivasa",
          "Suhas Jayaram Subramanya",
          "Jingdong Wang"
        ],
        "venue": "In Proceedings of the NeurIPS",
        "citeRegEx": "Simhadri et al\\\\.,? 2021",
        "shortCiteRegEx": "Simhadri et al\\\\.",
        "year": 2021
      },
      {
        "title": "FreshDiskANN: A fast and accurate graph-based ann index for streaming similarity search",
        "author": [
          "Aditi Singh",
          "Suhas Jayaram Subramanya",
          "Ravishankar Krishnaswamy",
          "Harsha Vardhan Simhadri"
        ],
        "venue": "[arXiv:2105.09613](http://arxiv.org/abs/2105.09613)",
        "citeRegEx": "Singh et al\\\\.,? 2021",
        "shortCiteRegEx": "Singh et al\\\\.",
        "year": 2021
      },
      {
        "title": "Scalable and sustainable deep learning via randomized hashing",
        "author": [
          "Ryan Spring",
          "Anshumali Shrivastava"
        ],
        "venue": "In Proceedings of the 23rd ACM SIGKDD International Conference on Knowledge Discovery and Data Mining (KDD), pages 445–454",
        "citeRegEx": "Spring et al\\\\.,? 2017",
        "shortCiteRegEx": "Spring et al\\\\.",
        "year": 2017
      },
      {
        "title": "DiskANN: Fast accurate billion-point nearest neighbor search on a single node",
        "author": [
          "Suhas Jayaram Subramanya",
          "Devvrit",
          "Rohan Kadekodi",
          "Ravishankar Krishaswamy",
          "Harsha Vardhan Simhadri"
        ],
        "venue": "In Advances in Neural Information Processing Systems 32 (NeurIPS)",
        "citeRegEx": "Subramanya et al\\\\.,? 2019",
        "shortCiteRegEx": "Subramanya et al\\\\.",
        "year": 2019
      },
      {
        "title": "Gonçalves, Zanoni Dias, and Ricardo da S",
        "author": [
          "Javier Vargas Muñoz",
          "Marcos A"
        ],
        "venue": "Torres. Hierarchical clustering-based graphs for large scale approximate nearest neighbor search. Pattern Recognition, 96",
        "citeRegEx": "Muñoz et al\\\\.,? 2019",
        "shortCiteRegEx": "Muñoz et al\\\\.",
        "year": 2019
      },
      {
        "title": "Graph based k-nearest neighbor search revisited",
        "author": [
          "Jiadong Xie",
          "Jeffrey Xu Yu",
          "Yingfan Liu"
        ],
        "venue": "ACM Transactions on Database Systems",
        "citeRegEx": "Xie et al\\\\.,? 2025",
        "shortCiteRegEx": "Xie et al\\\\.",
        "year": 2025
      },
      {
        "title": "Bennett, Junaid Ahmed, and Arnold Overwijk",
        "author": [
          "Lee Xiong",
          "Chenyan Xiong",
          "Ye Li",
          "Kwok-Fung Tang",
          "Jialin Liu",
          "Paul N"
        ],
        "venue": "Approximate nearest neighbor negative contrastive learning for dense text retrieval. In Proceedings of the 9th International Conference on Learning Representations (ICLR)",
        "citeRegEx": "Xiong et al\\\\.,? 2021",
        "shortCiteRegEx": "Xiong et al\\\\.",
        "year": 2021
      },
      {
        "title": "Bernstein, Badrish Chandramouli, Richard Wen, and Harsha Vardhan Simhadri",
        "author": [
          "Haike Xu",
          "Magdalen Dobson Manohar",
          "Philip A"
        ],
        "venue": "In-place updates of a graph index for streaming approximate nearest neighbor search. [arXiv:2502.13826](http://arxiv.org/abs/2502.13826)",
        "citeRegEx": "Xu et al\\\\.,? 2025",
        "shortCiteRegEx": "Xu et al\\\\.",
        "year": 2025
      },
      {
        "title": "A bi-metric framework for fast similarity search",
        "author": [
          "Haike Xu",
          "Sandeep Silwal",
          "Piotr Indyk"
        ],
        "venue": "[arXiv:2406.02891](http://arxiv.org/abs/2406.02891)",
        "citeRegEx": "Xu et al\\\\.,? 2024",
        "shortCiteRegEx": "Xu et al\\\\.",
        "year": 2024
      },
      {
        "title": "GraSP: Optimizing graph-based nearest neighbor search with subgraph sampling and pruning",
        "author": [
          "Minjia Zhang",
          "Wenhan Wang",
          "Yuxiong He"
        ],
        "venue": "In Proceedings of the 15th International Conference on Web Search and Data Mining (WSDM), pages 1395–1405",
        "citeRegEx": "Zhang et al\\\\.,? 2022",
        "shortCiteRegEx": "Zhang et al\\\\.",
        "year": 2022
      },
      {
        "title": "Towards efficient index construction and approximate nearest neighbor search in high-dimensional spaces",
        "author": [
          "Xi Zhao",
          "Yao Tian",
          "Kai Huang",
          "Bolong Zheng",
          "Xiaofang Zhou"
        ],
        "venue": "Proceedings of the VLDB Endowment, 16(8):",
        "citeRegEx": "Zhao et al\\\\.,? 1979",
        "shortCiteRegEx": "Zhao et al\\\\.",
        "year": 1979
      }
    ]
  }
}