{
  "forum_id": "xs5aoDH3HX",
  "metadata": {
    "source": "NeurIPS",
    "year": 2025,
    "title": "Equi-mRNA: Protein Translation Equivariant Encoding for mRNA Language Models",
    "abstractText": "The growing importance of mRNA therapeutics and synthetic biology highlights the need for models that capture the latent structure of synonymous codon (different triplets encoding the same amino acid) usage, which subtly modulates translation efficiency and gene expression. While recent efforts incorporate codon-level inductive biases through auxiliary objectives, they often fall short of explicitly modeling the structured relationships that arise from the genetic code's inherent symmetries. We introduce Equi-mRNA, the first codon-level equivariant mRNA language model that explicitly encodes synonymous codon symmetries as cyclic subgroups of 2D Special Orthogonal matrix (SO(2)). By combining group-theoretic priors with an auxiliary equivariance loss and symmetry-aware pooling, Equi-mRNA learns biologically grounded representations that outperform vanilla baselines across multiple axes. On downstream property-prediction tasks including expression, stability, and riboswitch switching Equi-mRNA delivers up to ≈ 10% improvements in accuracy. In sequence generation, it produces mRNA constructs that are up to ≈ 4× more realistic under Fréchet BioDistance metrics and ≈ 28% better preserve functional properties compared to vanilla baseline. Interpretability analyses further reveal that learned codon-rotation distributions recapitulate known GC-content biases and tRNA abundance patterns, offering novel insights into codon usage. Equi-mRNA establishes a new biologically principled paradigm for mRNA modeling.",
    "sections": [
      {
        "heading": "1 Introduction",
        "text": "RNA analysis has become central to modern molecular biology due to RNA's essential regulatory and functional roles within cellular systems [\\[25,](#page-11-0) [13\\]](#page-10-0). Among RNA molecules, messenger RNA (mRNA) is especially critical, serving as a direct translator of genetic information into functional proteins, thereby underpinning both fundamental biological processes and therapeutic advancements [\\[40\\]](#page-12-0). At the nucleotide level, mRNA sequences are structured as triplets known as codons, each specifying a single amino acid within the resultant protein. Due to redundancy in the genetic code, multiple synonymous codons can encode the same amino acid, a surjective many-to-one relationship that introduces substantial complexity. Importantly, synonymous codons are not utilized equally; This phenomenon, termed codon bias, varies widely across species and even between genes within the\n\nsame organism, influenced by both mutational biases and selective pressures aimed at optimizing translational efficiency [35]. Thus, synonymous codons, despite coding for identical amino acids, can differentially impact mRNA stability, translational speed, and protein folding dynamics [26, 51, 5]. Such subtle yet critical differences have profound biological implications, with numerous synonymous mutations implicated in human diseases [31].\n\nUnderstanding and leveraging codon-level nuances is therefore essential, particularly for applications such as precision-engineered mRNA vaccines, gene therapies, and synthetic biology tools [6, 33].\n\nRecent advances have demonstrated the significant potential of language models in analyzing biological sequences, particularly for proteins [11, 12, 24, 16] and DNA [28, 56]. For messenger RNA, this success has not held, in part because biological sequences follow constraints and grammars that are inherently different from natural language.\n\nGiven the rich biological signal embedded in codon usage, there is strong motivation to develop specialized language models tailored explicitly for coding regions of the genome. Such models could exploit inductive biases inherent in the genetic code such as the codon hierarchy [52] and organism-specific codon preferences to significantly enhance predictive modeling of biologically relevant properties.\n\nTo fully realize the potential of language models in mRNA modeling, we developed a theoretically principled framework for representing mRNA codon sequences, explicitly incorporating the biological symmetry and redundancy inherent in the genetic code (Fig. 1b). Using orthogonal group actions with equivariance constraints, implemented as per-subspace rotations of shared amino acid embeddings, we produce interpretable embeddings that encode synonymous codon relationships. Integrating these biologically-informed inductive biases significantly improve the data efficiency, robustness, generalizability, and generative performance of RNA-focused language models.\n\n![](_page_1_Figure_5.jpeg)\n\n(a) Component impact\n\n(b) Codon Embedding Visualization\n\nFigure 1: Equi-mRNA Embedding Visualization: (a) Mean accuracy improvement over vanilla codon embeddings (Plain learned codon embeddings) for all twelve SO(2) variants: fixed, learned, and fuzzy rotation generators, each with and without equivariance. (b) Codon wheel for arginine: inner, middle, and outer rings denote the 1<sup>st</sup>, 2<sup>nd</sup>, and 3<sup>rd</sup> nucleotide positions, and codons are ordered by relative ID. A shared base vector (BV, blue) is rotated by multiples of  $\\theta$  (4 ×  $\\theta$ ) to produce the rotated vector (RV, red), illustrating how cyclic SO(2) subgroup embeddings differentiate synonymous codons while preserving amino acid equivariance.\n\nOur contributions are summarized as follows:\n\n- We introduce **Equi-mRNA**, the first mRNA language model to explicitly encode codon-level symmetries via group-theoretic priors, enforcing biologically grounded SO(2) equivariance with an auxiliary loss and symmetry-aware pooling mechanisms.\n- We curate and release a unified coding-region corpus of **25M** protein-coding sequences plus a stratified **1M** sequence subset to standardize benchmarking across studies.\n\n- Equi-mRNA achieves up to  $\\approx 10\\%$  improvements in downstream property prediction, and up to  $\\approx 4\\times$  more realistic mRNA sequence generation with  $\\approx 28\\%$  better preservation of functional properties compared to vanilla baselines.\n- Through interpretability analyses, we link learned codon-rotation distributions to GC-content biases and tRNA abundances, and demonstrate that Equi-mRNA outperforms state-of-the-art nucleotide and codon models with fewer parameters."
      },
      {
        "heading": "2 Methodology",
        "text": "In this section, we will introduce the group-theoretic embedding framework for codon-level language models. We will first describe the mathematical structure of the genetic code and how it can be represented as a group. Then, we will outline the embedding process and how it can be integrated into existing language model architectures."
      },
      {
        "heading": "2.1 Problem Formulation",
        "text": "Let  $\\mathcal{C}$  denote the set of 64 codons (including start and stop), and let  $\\mathcal{A}$  be the set of 20 amino acids together with a stop symbol. The genetic code defines a surjective map  $\\pi: \\mathcal{C} \\to \\mathcal{A}$ , where codons mapping to the same amino acid are considered synonymous. For each  $a \\in \\mathcal{A}$ , define  $\\mathcal{C}_a = \\pi^{-1}(a)$  as the corresponding synonym set, and let  $n_a = |\\mathcal{C}_a|$ . By construction, the sets  $\\mathcal{C}_a: a \\in \\mathcal{A}$  form a disjoint partition of  $\\mathcal{C}$ . For preliminaries and notations please refer to Appendix A.1.\n\nCyclic action on synonymous codons. Fix an amino acid a with its set of synonymous codons  $\\mathcal{C}_a = \\{c_{a,0}, \\dots, c_{a,n_a-1}\\}$  in a chosen order. Let  $G_a = \\mathbb{Z}_{n_a}$  be the finite cyclic group with addition modulo  $n_a$ . Define a group action  $\\varphi_a : G_a \\times \\mathcal{C}_a \\to \\mathcal{C}_a$  by\n\n$$\\varphi_a(k, c_{a,i}) = c_{a,(i+k) \\bmod n_a}. \\tag{1}$$\n\nHere the group is  $G_a$ , a group element is  $k \\in G_a$ , and a generator is any  $g_a \\in G_a$  such that repeated application of  $\\varphi_a(g_a,\\cdot)$  visits every codon in  $\\mathcal{C}_a$ . This action is regular, it is free and transitive on  $\\mathcal{C}_a$ . When  $n_a=1$ , the action is trivial. This encoding treats each synonym set as a discrete symmetry class that reflects the degeneracy of the genetic code [22].\n\n**Definition 2.1.** (Synonymous Codon Group). For each amino acid  $a \\in A$  with  $n_a = |\\mathcal{C}_a| > 1$ , let  $\\varphi_a : \\mathcal{C}_a \\to 0, 1, \\ldots, n_a - 1$  be an arbitrary bijection that assigns a unique integer label to each codon in  $\\mathcal{C}_a$ . We induce a cyclic group structure on  $\\mathcal{C}_a$  by identifying it with  $\\mathbb{Z}_{n_a}$  via  $\\varphi_a$ , where the group operation is defined as addition modulo  $n_a$ .\n\nUnder Definition 2.1, index the codons by a labeling map  $\\ell_a:\\mathcal{C}_a\\to\\mathbb{Z}_{n_a}$  with  $\\ell_a(c_{a,i})=i.Theidentity element corresponds to the codon with label 0. Let <math>1\\in G_a=\\mathbb{Z}_{n_a}$  be a generator. We define the canonical substitution step as the action of 1 on any codon, that is,\n\n$$c_{a,i} \\mapsto \\varphi_a(1, c_{a,i}) = c_{a, (i+1) \\bmod n_a},$$\n\nwhich replaces a codon by the next synonymous codon in the fixed cyclic order. Repeated application of this step enumerates all codons in  $C_a$ , and the inverse step uses the action of -1 to move to the previous codon.\n\nThis construction yields a well-defined group action of  $G_a \\cong \\mathbb{Z}_{n_a}$  on  $\\mathcal{C}_a$ , where substituting codon  $c \\in \\mathcal{C}_a$  with another synonymous codon c' corresponds to applying an element  $j \\in \\mathbb{Z}_{n_a}$ : if  $\\varphi_a(c) = k$ , then  $\\varphi_a(c') = k + j \\mod n_a$ . Thus, synonymous codon substitutions are formalized as actions of a finite cyclic group. Our objective is to build codon embeddings that explicitly respect this group structure."
      },
      {
        "heading": "2.2 Mapping Codons to SO(2) via Cyclic Subgroups",
        "text": "While the codon group structure (Definition 2.1) captures the finite cyclic symmetry within each synonym set, it is non differentiable and thus incompatible with gradient based learning. To address this, we define a continuous group homomorphism  $\\rho_a:G_a\\to \\mathrm{SO}(2)$  that maps  $k\\in\\mathbb{Z}_{n_a}$  to a planar rotation with  $\\theta_a=2\\pi/n_a$  or a learned angle constrained to preserve the homomorphism. This preserves the cyclic structure while embedding codons in a differentiable manifold suitable for neural models. Although the genetic code does not inherently suggest a rotational structure, the use of  $\\mathrm{SO}(2)$  serves as an inductive bias that reflects codon-level redundancy through structured, parameter-sharing representations. Its compact topology and continuous symmetry enable smooth optimization, enforce equivariant constraints, and promote generalization across contexts.\n\n**Construction 2.2.** Let  $\\theta_a := \\frac{2\\pi}{n_a}$  denote the angular increment corresponding to one step in the cyclic group  $G_a$ . We define a homomorphism  $\\Phi$  from codons to SO(2) by mapping each codon  $c \\in C_a$  to a rotation matrix:\n\n$$\\Phi(c) := R\\left(\\varphi_a(c) \\cdot \\theta_a\\right) = \\begin{pmatrix} \\cos(\\varphi_a(c)\\theta_a) & -\\sin(\\varphi_a(c)\\theta_a) \\\\ \\sin(\\varphi_a(c)\\theta_a) & \\cos(\\varphi_a(c)\\theta_a) \\end{pmatrix}.$$\n\nThe image of this mapping is the set of  $n_a$  evenly spaced rotations:\n\n$$\\{R(0), R(\\theta_a), R(2\\theta_a), \\dots, R((n_a-1)\\theta_a)\\},\\$$\n\nwhich forms a cyclic subgroup of SO(2) isomorphic to  $\\mathbb{Z}_{n_a}$ . The generator  $g_a = \\varphi_a^{-1}(1)$  is mapped to  $R(\\theta_a)$ , and we have  $\\Phi(g_a^{n_a}) = R(n_a \\cdot \\theta_a) = R(2\\pi) = I$ , consistent with the identity element in both groups.\n\nAs formalized in Proposition A.1 (Appendix A.6), the map  $\\Phi_{\\theta_a}$  defines a group homomorphism from the codon substitution group  $G_a \\cong \\mathbb{Z}_{n_a}$  to the cyclic subgroup of SO(2) generated by  $R(\\theta_a)$ . This ensures that synonymous codon substitutions correspond to structured, differentiable rotations in the embedding space.\n\n**Example** Serine is encoded by  $n_{Ser} = 6$  codons:\n\n$$C_{Ser} = \\{UCU, UCC, UCA, UCG, AGU, AGC\\},\\$$\n\nwhich we label via  $\\varphi_{Ser} = \\{0, 1, 2, 3, 4, 5\\}$ . Under  $\\Phi$ , these codons are mapped to:\n\n$$\\{R(0^\\circ), R(60^\\circ), R(120^\\circ), R(180^\\circ), R(240^\\circ), R(300^\\circ)\\},$$\n\ni.e., the vertices of a regular hexagon on the unit circle. Substituting UCU (label 0) by AGC (label 5) corresponds to applying the group action five times:  $\\Phi(AGC) = R(5\\theta_{Ser}) \\Phi(UCU) = R(-\\theta_{Ser}) \\Phi(UCU)$  modulo  $2\\pi$ . Thus,  $\\mathcal{C}_{Ser}$  is embedded in a cyclic subgroup of SO(2) of order 6. Since SO(2) is a continuous Lie group, this embedding gives the discrete  $\\mathbb{Z}_6$  symmetry a smooth, differentiable representation, making it suitable for integration with gradient based learning."
      },
      {
        "heading": "2.3 Learning Codon Rotation Generators: Toward Adaptive and Robust Representations",
        "text": "The canonical construction maps each synonym set  $C_a$  to a cyclic subgroup of SO(2) by fixing a generator angle  $\\theta_a = \\frac{2\\pi}{n_a}$ . This produces uniform rotations that exactly realize the  $\\mathbb{Z}_{n_a}$  action, but it also fixes the geometry a priori and may fail to capture organism specific or condition specific variation.\n\nTo retain differentiability while allowing data driven adaptation, we use learnable parameterizations that preserve the group structure either exactly or approximately. A strict homomorphic parameterization sets and learns  $\\theta_a$  under the constraint  $\\rho_a(n_a)=I$ . This is enforced either by parameterizing  $\\theta_a=\\frac{2\\pi m_a}{n_a}$  with  $m_a$  an integer coprime to  $n_a$ , or by adding a penalty  $\\lambda \\, \\|\\rho_a(n_a)-I\\|_F^2$  during training. For higher dimensional embeddings, we lift the action to learned 2D subspaces by introducing an orthonormal basis  $U_a\\in\\mathbb{R}^{d\\times 2}$  and applying\n\n$$x \\mapsto x + U_a(R(k\\theta_a) - I_2)U_a^{\\top}x,$$\n\nwhich rotates only the codon specific plane while leaving the orthogonal complement unchanged. These parameterizations keep the cyclic symmetry visible to the model, remain fully differentiable, and give the geometry enough freedom to reflect biological variability across datasets.\n\nTo overcome this limitation, we propose to treat the generator angle  $\\theta_a \\in \\mathbb{R}$  as a learnable parameter for each amino acid group. The codon embedding map is then defined as\n\n$$\\Phi_{\\theta_a}(c) = R\\left(\\varphi_a(c) \\cdot \\theta_a\\right),\\,$$\n\nwhere  $\\theta_a$  is optimized jointly with the model. Crucially, the generality of Proposition A.1 ensures that the group homomorphism property continues to hold under this parameterization, provided that  $\\theta_a \\cdot n_a \\equiv 0 \\mod 2\\pi$ , which can be softly enforced or reparameterized during training.\n\nLearning  $\\theta_a$  introduces only one additional parameter per amino acid and provides a biologically grounded, symmetry-preserving mechanism for fine-tuning codon embeddings. Unlike traditional fixed-vector approaches, it maintains consistent relative geometry among synonymous codons while enabling global adaptation to species-specific or context-dependent signals. This structured update mechanism improves flexibility and stability during downstream adaptation, offering a principled and efficient alternative to conventional embeddings.\n\n**Higher-dimensional extensions.** To increase representational capacity, we also extend this construction to higher-dimensional embeddings via block-diagonal rotations in SO(d), enabling multiple independent subspaces per codon. This generalization preserves group-theoretic structure while allowing richer task-specific codon representations. Full details of this extension and its formal properties are presented in Appendix A.3."
      },
      {
        "heading": "2.4 Fuzzy Codon Embeddings: Soft Group Actions from Learned Distributions",
        "text": "Strict cyclic embeddings assume that each codon corresponds to a fixed rotation derived from a group generator. While this enforces clean algebraic structure, it may be too rigid in biological settings where codon preferences are not binary but graded, noisy, or context-dependent. To address this, we introduce a fuzzy relaxation of the codon-to-rotation mapping that allows each codon to induce a distribution over rotation angles, rather than a fixed one.\n\nIn our fuzzy formulation, each amino acid group has a learnable angle distribution over a fixed number K of discrete rotation prototypes. These prototypes can be uniform (e.g., evenly spaced over  $[0,2\\pi)$ ) or trainable. For each codon, we compute a softmax over the angle logits  $\\text{angle\\_logits} \\in \\mathbb{R}^{|\\mathcal{A}| \\times m \\times K}$ , yielding a smooth distribution over K angular components. The effective codon angle is then defined as a weighted average over angle bins:\n\n$$\\theta(c) = \\frac{2\\pi}{k_a} \\sum_{j=0}^{K-1} p_{c,j} \\cdot j,$$\n\nwhere  $p_{c,j}$  is the softmax probability assigned to codon c for angle bin j, and  $k_a$  is the number of synonymous codons for amino acid a. This angle is then scaled by the codon's group label to form the final rotation:  $\\varphi_a(c) \\cdot \\theta(c)$ .\n\nThis fuzzy formulation retains the inductive bias of cyclic symmetry while allowing biologically meaningful deviations, such as soft substitutions or asymmetric codon effects. It supports gradient-based optimization over both rotation parameters and angle distributions, making it amenable to fine-tuning and transfer. In the limit, it recovers the hard cyclic embedding, allowing the model to interpolate between strict and relaxed symmetry in a task-adaptive manner."
      },
      {
        "heading": "2.5 General Basis Rotation via Stiefel-Manifold-Constrained Subspaces",
        "text": "We extend codon embeddings by representing each synonymous codon as a rotation of a shared base embedding vector within a learned 2D subspace of  $\\mathbb{R}^d$ . We work in an ambient space  $\\mathbb{R}^d$ . For each amino acid a, let  $U_a \\in \\mathbb{R}^{d \\times 2}$  have orthonormal columns that span a learned two dimensional subspace, and let  $e_a \\in \\mathbb{R}^d$  be a shared base embedding. A synonymous codon with angle  $\\theta_{a,k}$  is represented by\n\n$$x_{a,k} = \\left(I - U_a U_a^{\\top}\\right) e_a + U_a R(\\theta_{a,k}) U_a^{\\top} e_a, \\qquad R(\\theta) = \\begin{bmatrix} \\cos \\theta & -\\sin \\theta \\\\ \\sin \\theta & \\cos \\theta \\end{bmatrix}.$$\n\nThus the embedding lives in  $\\mathbb{R}^d$ , the rotation acts only in the learned two dimensional subspace, and the orthogonal complement is preserved.\n\nFor each amino acid A, let  $\\mathbf{z}_A \\in \\mathbb{R}^d$  denote a shared base embedding vector. We define a rotation subspace for A spanned by an orthonormal pair of vectors  $(\\mathbf{u}_A, \\mathbf{v}_A) \\in \\mathbb{R}^d$ , where  $\\mathbf{u}_A := \\mathbf{z}_A/\\|\\mathbf{z}_A\\|$  is aligned with the direction of the base vector. The second vector  $\\mathbf{v}_A \\in \\mathbb{R}^d$  is constrained such that  $\\langle \\mathbf{u}_A, \\mathbf{v}_A \\rangle = 0$  and  $\\|\\mathbf{v}_A\\| = 1$ , forming an orthonormal frame in  $\\mathbb{R}^d$ . We model this 2D subspace using the *Stiefel manifold*  $\\mathrm{St}(2,d)$ , which is the space of all orthonormal 2-frames in  $\\mathbb{R}^d$ .\n\nEach codon  $c \\in C_A$  is associated with a rotation angle  $\\phi_c \\in [0, 2\\pi)$ , and its embedding is computed via:\n\n$$\\mathbf{E}(c) = R_{(\\mathbf{u}_A, \\mathbf{v}_A)}(\\phi_c) \\, \\mathbf{z}_A = \\cos \\phi_c \\, \\mathbf{z}_A + \\sin \\phi_c \\, \\|\\mathbf{z}_A\\| \\mathbf{v}_A,$$\n\nwhere  $R_{(\\mathbf{u}_A,\\mathbf{v}_A)}(\\phi_c)$  denotes the rotation in the plane spanned by  $\\{\\mathbf{u}_A,\\mathbf{v}_A\\}$  and acts as identity on the orthogonal complement. This embedding guarantees that all synonymous codons of A lie on a circle of radius  $\\|\\mathbf{z}_A\\|$  within a task-learned semantic plane, enabling flexible and structured encoding of codon variation.\n\nTo ensure the basis  $(\\mathbf{u}_A, \\mathbf{v}_A)$  remains orthonormal during training, we parameterize the subspace using a point on the Stiefel manifold and optimize it via Riemannian gradient descent. In practice,\n\nwe implement this using the geoopt library, which constrains each learned matrix  $V_A \\in \\mathbb{R}^{d \\times 2}$  such that  $V_A^\\top V_A = I$ . The rotated codon embeddings can then be expressed as:\n\n$$\\mathbf{E}(c) = V_A \\cdot R(\\phi_c) \\cdot V_A^{\\top} \\mathbf{z}_A,$$\n\nwhere  $R(\\phi_c) \\in SO(2)$  is the canonical planar rotation matrix and  $V_A \\in St(2,d)$ . This formulation naturally supports group-equivariant representations while permitting the geometry of codon substitution to be learned from data (see Proposition A.3)."
      },
      {
        "heading": "2.6 Equivariance Enforcement via Auxiliary Loss",
        "text": "To ensure that codon-level symmetries are preserved beyond the embedding layer, we incorporate an auxiliary equivariance loss that encourages internal representations to transform consistently under synonymous codon substitutions. This regularization promotes structured and predictable behavior aligned with the underlying group action, improving robustness, generalization to unseen codon contexts, and interpretability of the learned representations. It also facilitates stable fine-tuning of rotation generators  $\\theta_a$  in transfer settings, ensuring that codon embedding geometry adapts smoothly to species- or task-specific preferences. The full formulation, training objective, and mathematical properties of this loss are provided in Appendix A.4."
      },
      {
        "heading": "2.7 Equivariant Pooling Mechanisms for SO(2) Representations",
        "text": "To maintain architectural consistency with the SO(2)-equivariant codon embeddings, we implement specialized pooling mechanisms that preserve group structure during sequence-level aggregation. These include polar pooling, Fourier-based pooling, and direct angular averaging, each designed to respect the rotational symmetries inherent in the embedding space. For a full mathematical formulation and biological motivation of these SO(2)-aware pooling strategies, please refer to Appendix A.5."
      },
      {
        "heading": "3 Experiments",
        "text": ""
      },
      {
        "heading": "3.1 Experimental Setup",
        "text": "**Pretraining Corpus** We constructed a large-scale pretraining corpus by drawing 25 million annotated protein-coding sequences from 56 million RefSeq entries and retaining only those between 20 and 512 codons in length. Untranslated flanking regions were discarded to focus on genuine coding signals. From this filtered set we sampled a stratified 1 million-sequence subset (preserving original taxonomic proportions) for controlled ablations, then used the full 25 million-sequence collection to train our final Equi-mRNA variant at scale (Appendix A.9.1).\n\n**Downstream Tasks** We evaluate on six biologically driven benchmarks spanning expression, stability, and regulatory switching (MLOS [23], mRFP [29], E. coli expression [10], Tc-riboswitch switching factor [15], iCodon stability [9], SARS-CoV-2 degradation [48]; see Appendix A.9.2 for details).\n\n**Two-Stage Ablation Protocol** We begin with an extensive ablation on the 1 M-sequence subset randomly sampled from the curated corpus to assess the impact of three embedding parameterizations: Fixed, Learned, and Fuzzy  $\\theta$ . Each is combined with or without the Stiefel rotation basis and with or without the equivariance loss  $\\mathcal{L}_{\\rm equiv}$ , yielding 12 total variants. Table 3 summarizes these models, and Figure 4 (Appendix A.2) provides a schematic overview. All variants share an identical GPT2 Transformer backbone [37], ensuring that performance differences arise solely from embedding design. Note that the Stiefel and Fuzzy variants introduce additional parameters to capture their geometric transforms.\n\n**Full-Scale Training** Following ablation, we selected the top-performing configuration and retrained it on the full 25 M-sequence corpus to evaluate scalability and generalization under abundant data. Pretraining was conducted on thirty-two NVIDIA H100 GPUs (ablation used eight NVIDIA H200 GPUs); runtimes and resource utilization are detailed in Appendix A.11.\n\n**Hyperparameters** All pretraining arguments and hyperparameters, as well as downstream generation and property-prediction hyperparameters, are provided in Appendix A.10."
      },
      {
        "heading": "3.2 Symmetry-Aware Property Prediction",
        "text": "We summarize the downstream performance of our twelve symmetry-aware variants across five biological benchmarks. Figure 1a shows the average accuracy and Spearman correlation improvements\n\nTable 1: Component-wise comparison of symmetry-aware variants: Equivariant SO(2) models improve downstream accuracy over vanilla across all tasks. Fuzzy and Learned θ variants with Stiefel basis and/or equivariant loss yield the best results, highlighting the benefit of structured group-theoretic priors.\n\n| Model     | Stiefel | Equiv. | E. coli(A) | MLOS(S)      | Tc-Ribo.(S) | mRFP(S) | COV Deg(S) |\n|-----------|---------|--------|------------|--------------|-------------|---------|------------|\n| Vanilla   | -       | -      | 0.580      | 0.633 ± 0.14 | 0.698       | 0.797   | 0.779      |\n| Fixed θ   | ✓       | ✗      | 0.602      | 0.667 ± 0.19 | 0.688       | 0.840   | 0.803      |\n| Learned θ | ✓       | ✗      | 0.633      | 0.657 ± 0.10 | 0.701       | 0.871   | 0.790      |\n| Fuzzy θ   | ✓       | ✓      | 0.605      | 0.691 ± 0.14 | 0.736       | 0.844   | 0.820      |\n\nover the vanilla baseline for each rotation strategy and symmetry constraint. To highlight overall trends, Table [1](#page-6-0) reports the top-performing configuration from each embedding group (fixed, learned, and fuzzy θ). The fuzzy θ model with Stiefel basis and equivariant loss achieves the highest gains overall and was therefore selected for large-scale training on the full 25M sequence corpus. From this point forward, we refer to this fuzzy θ Stiefel with equivariance configuration trained on the 25M sequence corpus as EQUI-MRNA Model. Full results for all variants and evaluation metrics are provided in Appendix [A.12.](#page-27-0) Note that the MLOS dataset lacks standard splits and exhibits high variability due to its small size; we report standard deviations accordingly to reflect this sensitivity.\n\nAn in-depth component analysis in Table [14](#page-30-0) (Appendix [A.12\\)](#page-27-0) isolates the contribution of each design element. Fixed-angle models with equivariance already outperform the vanilla baseline on *E. coli* and *mRFP* (0.600 and 0.841 vs. 0.580 and 0.797), demonstrating that even static geometric priors can enhance biological alignment. Incorporating learned θ with a Stiefel projection further boosts performance, yielding the highest accuracy on *E. coli* (0.633) and peak Spearman correlation on *mRFP* (0.871), which suggests that data-driven codon embeddings capture species or tissue-specific regulatory signals. Equivariant training adds additional gains on structurally sensitive tasks such as *Tc-Riboswitch* (0.741) and *MLOS* long sequences (0.698). Finally, fuzzy θ models representing codons as soft distributions over SO(2) deliver robust improvements on noisy or low-resource assays like *MLOS* (0.691) and *SARS-CoV-2 degradation* (0.820), further motivating their adoption for full-scale training.\n\nTable [2](#page-7-0) compares our EQUI-MRNA models (5M and 15M parameters) to established codon and nucleotide-based baselines trained on the full 25M-sequence corpus. The 15M EQUI-MRNA variant achieves the highest accuracy across all evaluated tasks while using only ≈ 30% of the parameters of HELM. Even the smaller 5M model matches or surpasses several larger architectures, highlighting the efficiency of our symmetry-aware approach. While exact comparisons are limited by differences in pretraining protocols, objectives, and the public availability of models (e.g., HELM's pre-training data is not publicly released), these results underscore the effectiveness of embedding codon symmetries directly. Specifically, our 5M parameter variant of EQUI-MRNA employs a hybrid Mamba–Transformer backbone, demonstrating that symmetry-aware SO(2) embeddings can achieve competitive performance with minimal overhead and be seamlessly extended to architectures such as state-space models."
      },
      {
        "heading": "3.3 Symmetry-Aware Sequence Generation",
        "text": "We conducted our experiments following the framework established by [\\[52\\]](#page-12-3). For generative evaluation, we used the iCodon thermostability corpus: up to 1 000 test sequences were selected and truncated after two-thirds of their length, with the prefix serving as a prompt for autoregressive completion of the remaining one-third via codon sampling (k = 10, p = 0.95) at temperatures T ∈ {0.2, 0.4, 0.6, 0.8, 1.0}. Generative quality was quantified by Fréchet BioDistance (FBD) between synthetic and true suffixes, computed as in [\\[46\\]](#page-12-5). All FBD scores for equivariant variants appear in Figure [2,](#page-7-1) with complete results in Appendix [A.13.1.](#page-27-1)\n\nTo evaluate retention of functional properties, we assessed generated sequences on five downstream benchmarks (iCodon, MLOS, mRFP, Tc-Riboswitch, and SARS-CoV-2 degradation). For each dataset, up to 1 000 sequences were truncated after two-third of their length, and the remaining one-thirds were generated under the same codon sampling protocol. We then applied pre-trained CodonBert-based property prediction model [\\[23\\]](#page-11-8) to estimate task-specific labels and computed mean squared error (MSE) between predicted and true labels; lower MSE indicates better preservation of\n\nTable 2: Performance comparison across downstream benchmarks: Equi-mRNA models (trained on 25M sequences) outperform prior nucleotide and codon-based baselines across six biological tasks. The 15M GPT-2 variant achieves the highest accuracy in 5 out of 6 datasets, demonstrating the effectiveness of symmetry-aware embeddings at scale.\n\n| Model                        | E. coli(A) | MLOS(S)                            | iCodon(S) | Tc-Ribo.(S) | mRFP(S) | COV Deg(S) |\n|------------------------------|------------|------------------------------------|-----------|-------------|---------|------------|\n| Nucleotide-Based             |            |                                    |           |             |         |            |\n| RNA-FM                       | 0.43       | -                                  | 0.34      | 0.58        | 0.80    | 0.74       |\n| RNABERT (82 M)               | 0.39       | -                                  | 0.16      | 0.47        | 0.40    | 0.64       |\n| Aido mRNA (1.6B)             | 0.576      | $0.504 \\pm 0.23$                   | 0.472     | 0.492       | 0.683   | 0.743      |\n| CALM                         | -          | $0.430 \\pm 0.170$                  | 0.376     | 0.625       | 0.546   | 0.773      |\n| mRNA-FM                      | -          | $0.509 \\pm 0.154$                  | 0.458     | 0.690       | 0.564   | 0.714      |\n| Codon-Based                  |            |                                    |           |             |         |            |\n| CodonBert (82 M)             | 0.57       | 0.543                              | 0.350     | 0.502       | 0.832   | 0.78       |\n| GPT2 (CLM)(50M)*             | -          | 0.611                              | 0.498     | 0.531       | 0.815   | 0.787      |\n| GPT2 (MLM)(50M)*             | -          | 0.653                              | 0.503     | 0.569       | 0.753   | 0.801      |\n| HELM (CLM)(50M)*             | -          | 0.592                              | 0.529     | 0.619       | 0.849   | 0.789      |\n| HELM (MLM)(50M)*             | _          | 0.701                              | 0.525     | 0.626       | 0.822   | 0.833      |\n| Equi-mRNA (5M) <sup>†</sup>  | 0.581      | $0.705 \\pm 0.12$                   | 0.519     | 0.764       | 0.853   | 0.756      |\n| Equi-mRNA (15M) <sup>‡</sup> | 0.613      | $\\textbf{0.710} \\pm \\textbf{0.13}$ | 0.537     | 0.737       | 0.855   | 0.791      |\n\n<sup>&</sup>lt;sup>†</sup> Mamba-based hybrid Architecture; <sup>‡</sup> GPT-2 Architecture both trained on 25M datapoints\n\nbiological function. All MSE reduction compared to Vanilla model for equivariant variants appear in Figure 3, with complete results in Appendix A.13.2."
      },
      {
        "heading": "3.4 Interpretability Analysis",
        "text": "To test whether the imposed SO(2) structure yields biologically meaningful representations *within a single species*, we fine tuned a 5M parameter model on the human coding transcriptome (GRCh38) [\\[27\\]](#page-11-11) and reserved 20% for evaluation. Focusing on human controls for cross species confounders, lets us probe a consistent codon usage bias, and provides a clear path to codon optimization policies that are specific to one organism rather than averaged across taxa. The goal is not only to interpret embeddings after the fact, but to validate that codon level rotational geometry captures constraints that matter for human design and optimization.\n\nFirst, we quantified the uncertainty of learned codon angles using Shannon entropy and analyzed its dependence on transcript GC content, which is a known correlate of secondary structure and expression control. Binning sequences by GC proportion revealed a near linear trend in mean angle entropy (r = 0.98, R<sup>2</sup> = 0.97, p < 10<sup>−</sup><sup>11</sup>), suggesting that GC rich regions induce more uncertain codon rotations. This behavior is consistent with our parameterization, where the distribution over angles can encode biological variability.\n\nSecond, we examined whether the codon embeddings capture translational supply constraints by correlating learned angles with normalized human tRNA gene counts [\\[18\\]](#page-10-9). We selected the subspace block most predictive of tRNA levels and computed a weighted composite angle per codon. A Spearman correlation of ρ = −0.69 indicates that codons with higher tRNA availability are systematically\n\nassigned smaller angles, consistent with efficient translation demands being reflected in the rotational geometry.\n\nThese results support the view that the group theoretic prior is both mathematically sound and aligned with human specific biology. Visualizations and further details are provided in Appendix [A.8.](#page-22-0)"
      },
      {
        "heading": "4 Limitation and Future works",
        "text": "While Equi-mRNA introduces biologically grounded inductive biases by enforcing cyclic SO(2) rotations over synonymous codons, it is currently constrained to protein coding regions and fixed triplet tokenization. This design overlooks non-coding elements such as untranslated regions (UTRs) and may obscure gene or species-specific codon usage patterns. Furthermore, the incorporation of fuzzy angle distributions and Stiefel manifold rotations enhance representational flexibility but incurs additional parameterization and Riemannian optimization overhead, potentially hindering scalability in resource-constrained or large-scale settings. Current evaluations are limited to a narrow set of benchmarks, leaving the model's robustness on long transcripts, non-standard GC content, non-model organisms, and real-world sequence design tasks largely unexplored.\n\nFuture extensions may benefit from meta-learning codon-specific priors using hyper-networks or generative modules that adapt rotation parameters dynamically across organisms, tissues, or experimental regimes with minimal fine-tuning. Additionally, exploring richer group-theoretic structures such as non-abelian or product groups could enable modeling of local codon interactions, frame-shift motifs, or positional dependencies. Expanding empirical validation to more diverse settings and practical applications will be essential for assessing generalization and informing deployment under realistic biological constraints."
      },
      {
        "heading": "5 Conclusion",
        "text": "We introduced Equi-mRNA, a novel mRNA language modeling framework that embeds codon-level symmetries as differentiable group actions within the SO(2) Lie group. By aligning the genetic code's redundancy with structured geometric priors, our model captures synonymous codon relationships through rotation-equivariant embeddings, auxiliary symmetry-enforcing losses, and biologically motivated pooling mechanisms. Across diverse benchmarks, Equi-mRNA consistently improves downstream property prediction accuracy and generative fidelity, achieving up to ~10% accuracy gains and 4.3× reductions in Fréchet BioDistance over strong baselines.\n\nBeyond empirical performance, our interpretability analysis reveals that learned codon rotation patterns align with known GC-content and tRNA abundance biases, offering biologically grounded insights into translation regulation. Together, these results establish Equi-mRNA as a scalable, interpretable, and biologically faithful foundation for modeling protein-coding sequences, with broad implications for synthetic mRNA design and genomic modeling. Future work will extend this symmetry-aware paradigm to non-coding regions, richer group structures, and adaptive priors for cross-species generalization."
      }
    ],
    "references": [
      {
        "title": "Cormorant: Covariant molecular neural networks",
        "author": [
          "Brandon Anderson",
          "Truong Son Hy",
          "Risi Kondor"
        ],
        "venue": "Advances in neural information processing systems, 32",
        "citeRegEx": "Anderson et al\\\\.,? 2019",
        "shortCiteRegEx": "Anderson et al\\\\.",
        "year": 2019
      },
      {
        "title": "Effective gene expression prediction from sequence by integrating long-range interactions",
        "author": [
          "Žiga Avsec",
          "Vikram Agarwal",
          "Daniele Visentin",
          "Joseph R Ledsam",
          "Agnieszka Grabska-Barwinska",
          "Kathryn R Taylor",
          "Yannis Assael",
          "John Jumper",
          "Pushmeet Kohli",
          "David R Kelley"
        ],
        "venue": "Nature Methods, 18:1196–1203",
        "citeRegEx": "Avsec et al\\\\.,? 2021",
        "shortCiteRegEx": "Avsec et al\\\\.",
        "year": 2021
      },
      {
        "title": "B-spline cnns on lie groups",
        "author": [
          "Erik J Bekkers"
        ],
        "venue": "arXiv preprint arXiv:",
        "citeRegEx": "Bekkers et al\\\\.,? 1909",
        "shortCiteRegEx": "Bekkers et al\\\\.",
        "year": 1909
      },
      {
        "title": "Boerner, Stephen Deems, Thomas R",
        "author": [
          "Timothy J"
        ],
        "venue": "Furlani, Shelley L. Knuth, and John Towns. Access: Advancing innovation: Nsf's advanced cyberinfrastructure coordination ecosystem: Services & support. In Practice and Experience in Advanced Research Computing (PEARC '23), pages 1–4, Portland, OR, USA, July",
        "citeRegEx": "J et al\\\\.,? 2023",
        "shortCiteRegEx": "J et al\\\\.",
        "year": 2023
      },
      {
        "title": "Synonymous codons direct cotranslational folding toward different protein conformations",
        "author": [
          "Florian Buhr",
          "Sujata Jha",
          "Michael Thommen",
          "Joerg Mittelstaet",
          "Felicitas Kutz",
          "Harald Schwalbe",
          "Marina V Rodnina",
          "Anton A Komar"
        ],
        "venue": "Molecular cell, 61(3):341–351",
        "citeRegEx": "Buhr et al\\\\.,? 2016",
        "shortCiteRegEx": "Buhr et al\\\\.",
        "year": 2016
      },
      {
        "title": "Gene therapy progress and prospects",
        "author": [
          "NJ Caplen"
        ],
        "venue": "downregulating gene expression: the impact of rna interference. Gene therapy, 11(16):1241–1248",
        "citeRegEx": "Caplen et al\\\\.,? 2004",
        "shortCiteRegEx": "Caplen et al\\\\.",
        "year": 2004
      },
      {
        "title": "A general theory of equivariant cnns on homogeneous spaces",
        "author": [
          "Taco S Cohen",
          "Mario Geiger",
          "Maurice Weiler"
        ],
        "venue": "Advances in neural information processing systems, 32",
        "citeRegEx": "Cohen et al\\\\.,? 2019",
        "shortCiteRegEx": "Cohen et al\\\\.",
        "year": 2019
      },
      {
        "title": "Nucleotide transformer: Augmenting language models with nucleotidelevel context for genomics",
        "author": [
          "Flavio Dalla-Torre",
          "et al"
        ],
        "venue": "bioRxiv",
        "citeRegEx": "Dalla-Torre et al\\\\.,? 2025",
        "shortCiteRegEx": "Dalla-Torre et al\\\\.",
        "year": 2025
      },
      {
        "title": "icodon customizes gene expression based on the codon composition",
        "author": [
          "Michay Diez",
          "Santiago Gerardo Medina-Muñoz",
          "Luciana Andrea Castellano",
          "Gabriel da Silva Pescador",
          "Qiushuang Wu",
          "Ariel Alejandro Bazzini"
        ],
        "venue": "Scientific Reports, 12(1):12126",
        "citeRegEx": "Diez et al\\\\.,? 2022",
        "shortCiteRegEx": "Diez et al\\\\.",
        "year": 2022
      },
      {
        "title": "Mpepe, a predictive approach to improve protein expression in e",
        "author": [
          "Zundan Ding",
          "Feifei Guan",
          "Guoshun Xu",
          "Yuchen Wang",
          "Yaru Yan",
          "Wei Zhang",
          "Ningfeng Wu",
          "Bin Yao",
          "Huoqing Huang",
          "Tamir Tuller",
          "et al"
        ],
        "venue": "coli based on deep learning. Computational and Structural Biotechnology Journal, 20:1142–1153",
        "citeRegEx": "Ding et al\\\\.,? 2022",
        "shortCiteRegEx": "Ding et al\\\\.",
        "year": 2022
      },
      {
        "title": "Prottrans: Toward understanding the language of life through self-supervised learning",
        "author": [
          "Ahmed Elnaggar",
          "Michael Heinzinger",
          "Christian Dallago",
          "Ghalia Rehawi",
          "Yu Wang",
          "Llion Jones",
          "Tom Gibbs",
          "Tamas Feher",
          "Christoph Angerer",
          "Martin Steinegger",
          "et al"
        ],
        "venue": "IEEE transactions on pattern analysis and machine intelligence, 44(10):7112–7127",
        "citeRegEx": "Elnaggar et al\\\\.,? 2021",
        "shortCiteRegEx": "Elnaggar et al\\\\.",
        "year": 2021
      },
      {
        "title": "Protgpt2 is a deep unsupervised language model for protein design",
        "author": [
          "Noelia Ferruz",
          "Steffen Schmidt",
          "Birte Höcker"
        ],
        "venue": "Nature communications, 13(1):4348",
        "citeRegEx": "Ferruz et al\\\\.,? 2022",
        "shortCiteRegEx": "Ferruz et al\\\\.",
        "year": 2022
      },
      {
        "title": "Non-coding rna: a new frontier in regulatory biology",
        "author": [
          "Xiang-Dong Fu"
        ],
        "venue": "National science review, 1(2): 190–204",
        "citeRegEx": "Fu et al\\\\.,? 2014",
        "shortCiteRegEx": "Fu et al\\\\.",
        "year": 2014
      },
      {
        "title": "Se (3)-transformers: 3d roto-translation equivariant attention networks",
        "author": [
          "Fabian Fuchs",
          "Daniel Worrall",
          "Volker Fischer",
          "Max Welling"
        ],
        "venue": "Advances in neural information processing systems, 33:",
        "citeRegEx": "Fuchs et al\\\\.,? 1970",
        "shortCiteRegEx": "Fuchs et al\\\\.",
        "year": 1970
      },
      {
        "title": "Tuning the performance of synthetic riboswitches using machine learning",
        "author": [
          "Ann-Christin Groher",
          "Sven Jager",
          "Christopher Schneider",
          "Florian Groher",
          "Kay Hamacher",
          "Beatrix Suess"
        ],
        "venue": "ACS synthetic biology, 8 (1):34–44",
        "citeRegEx": "Groher et al\\\\.,? 2018",
        "shortCiteRegEx": "Groher et al\\\\.",
        "year": 2018
      },
      {
        "title": "Efficient evolution of human antibodies from general protein language models",
        "author": [
          "Brian L Hie",
          "Varun R Shanker",
          "Duo Xu",
          "Theodora UJ Bruun",
          "Payton A Weidenbacher",
          "Shaogeng Tang",
          "Wesley Wu",
          "John E Pak",
          "Peter S Kim"
        ],
        "venue": "Nature Biotechnology, 42(2):275–283",
        "citeRegEx": "Hie et al\\\\.,? 2024",
        "shortCiteRegEx": "Hie et al\\\\.",
        "year": 2024
      },
      {
        "title": "Hutchinson, Charline Le Lan, Sheheryar Zaidi, Emilien Dupont, Yee Whye Teh, and Hyunjik Kim",
        "author": [
          "Michael J"
        ],
        "venue": "Lietransformer: Equivariant self-attention for lie groups. In International conference on machine learning, pages 4533–4543. PMLR",
        "citeRegEx": "J et al\\\\.,? 2021",
        "shortCiteRegEx": "J et al\\\\.",
        "year": 2021
      },
      {
        "title": "trna gene copy number variation in humans",
        "author": [
          "James R Iben",
          "Richard J Maraia"
        ],
        "venue": "Gene, 536(2):376–384",
        "citeRegEx": "Iben et al\\\\.,? 2014",
        "shortCiteRegEx": "Iben et al\\\\.",
        "year": 2014
      },
      {
        "title": "Correlation between the abundance of \\escherichia coli\\ transfer rnas and the occurrence of the respective codons in its protein genes: a proposal for a synonymous codon choice that is optimal for the \\e",
        "author": [
          "Toshimichi Ikemura"
        ],
        "venue": "coli\\ translational system. Journal of Molecular Biology, 151:389–409",
        "citeRegEx": "Ikemura et al\\\\.,? 1981",
        "shortCiteRegEx": "Ikemura et al\\\\.",
        "year": 1981
      },
      {
        "title": "Dnabert: pre-trained bidirectional encoder representations from transformers model for dna-language in genome",
        "author": [
          "Yanrong Ji",
          "Zhihan Zhou",
          "Han Liu",
          "Ramana V Davuluri"
        ],
        "venue": "Bioinformatics, 37(15):2112–2120",
        "citeRegEx": "Ji et al\\\\.,? 2021",
        "shortCiteRegEx": "Ji et al\\\\.",
        "year": 2021
      },
      {
        "title": "On the generalization of equivariance and convolution in neural networks to the action of compact groups",
        "author": [
          "Risi Kondor",
          "Shubhendu Trivedi"
        ],
        "venue": "In International conference on machine learning, pages 2747–2755. PMLR",
        "citeRegEx": "Kondor et al\\\\.,? 2018",
        "shortCiteRegEx": "Kondor et al\\\\.",
        "year": 2018
      },
      {
        "title": "The graph, geometry and symmetries of the genetic code with hamming metric",
        "author": [
          "Reijer Lenstra"
        ],
        "venue": "Symmetry, 7(3):1211–1260",
        "citeRegEx": "Lenstra et al\\\\.,? 2015",
        "shortCiteRegEx": "Lenstra et al\\\\.",
        "year": 2015
      },
      {
        "title": "Codonbert: Large language models for mrna design and optimization",
        "author": [
          "Sizhen Li",
          "Saeed Moayedpour",
          "Ruijiang Li",
          "Michael Bailey",
          "Saleh Riahi",
          "Lorenzo Kogler-Anele",
          "Milad Miladi",
          "Jacob Miner",
          "Dinghai Zheng",
          "Jun Wang",
          "et al"
        ],
        "venue": "bioRxiv, pages",
        "citeRegEx": "Li et al\\\\.,? 2023",
        "shortCiteRegEx": "Li et al\\\\.",
        "year": 2023
      },
      {
        "title": "Evolutionary-scale prediction of atomic-level protein structure with a language model",
        "author": [
          "Zeming Lin",
          "Halil Akin",
          "Roshan Rao",
          "Brian Hie",
          "Zhongkai Zhu",
          "Wenting Lu",
          "Nikita Smetanin",
          "Robert Verkuil",
          "Ori Kabeli",
          "Yaniv Shmueli",
          "et al"
        ],
        "venue": "Science, 379(6637):1123–1130",
        "citeRegEx": "Lin et al\\\\.,? 2023",
        "shortCiteRegEx": "Lin et al\\\\.",
        "year": 2023
      },
      {
        "title": "mrna-based cancer therapeutics",
        "author": [
          "Chuang Liu",
          "Qiangqiang Shi",
          "Xiangang Huang",
          "Seyoung Koo",
          "Na Kong",
          "Wei Tao"
        ],
        "venue": "Nature Reviews Cancer, 23(8):526–543",
        "citeRegEx": "Liu et al\\\\.,? 2023",
        "shortCiteRegEx": "Liu et al\\\\.",
        "year": 2023
      },
      {
        "title": "Synonymous but not silent: the codon usage code for gene expression and protein folding",
        "author": [
          "Yi Liu",
          "Qian Yang",
          "Fangzhou Zhao"
        ],
        "venue": "Annual review of biochemistry, 90(1):375–401",
        "citeRegEx": "Liu et al\\\\.,? 2021",
        "shortCiteRegEx": "Liu et al\\\\.",
        "year": 2021
      },
      {
        "title": "Gencode 2025: reference gene annotation for human and mouse",
        "author": [
          "Jonathan M Mudge",
          "Sílvia Carbonell-Sala",
          "Mark Diekhans",
          "Jose Gonzalez Martinez",
          "Toby Hunt",
          "Irwin Jungreis",
          "Jane E Loveland",
          "Carme Arnan",
          "If Barnes",
          "Ruth Bennett",
          "Andrew Berry",
          "Alexandra Bignell",
          "Daniel Cerdán-Vélez",
          "Kelly Cochran",
          "Lucas T Cortés",
          "Claire Davidson",
          "Sarah Donaldson",
          "Cagatay Dursun",
          "Reham Fatima",
          "Matthew Hardy",
          "Prajna Hebbar",
          "Zoe Hollis",
          "Benjamin T James",
          "Yunzhe Jiang",
          "Rory Johnson",
          "Gazaldeep Kaur",
          "Mike Kay",
          "Riley J Mangan",
          "Miguel Maquedano",
          "Laura Martínez Gómez",
          "Nourhen Mathlouthi",
          "Ryan Merritt",
          "Pengyu Ni",
          "Emilio Palumbo",
          "Tamara Perteghella",
          "Fernando Pozo",
          "Shriya Raj",
          "Cristina Sisu",
          "Emily Steed",
          "Dulika Sumathipala",
          "Marie-Marthe Suner",
          "Barbara Uszczynska-Ratajczak",
          "Elizabeth Wass",
          "Yucheng T Yang",
          "Dingyao Zhang",
          "Robert D Finn",
          "Mark Gerstein",
          "Roderic Guigó",
          "Tim J P Hubbard",
          "Manolis Kellis",
          "Anshul Kundaje",
          "Benedict Paten",
          "Michael L Tress",
          "Ewan Birney",
          "Fergal J Martin",
          "Adam Frankish"
        ],
        "venue": "Nucleic Acids Research, 53(D1):D966–D975, 11",
        "citeRegEx": "Mudge et al\\\\.,? 2025",
        "shortCiteRegEx": "Mudge et al\\\\.",
        "year": 2025
      },
      {
        "title": "Sequence modeling and design from molecular to genome scale with evo",
        "author": [
          "Eric Nguyen",
          "Michael Poli",
          "Matthew G Durrant",
          "Armin W Thomas",
          "Brian Kang",
          "Jeremy Sullivan",
          "Madelena Y Ng",
          "Ashley Lewis",
          "Aman Patel",
          "Aaron Lou",
          "et al"
        ],
        "venue": "BioRxiv, pages",
        "citeRegEx": "Nguyen et al\\\\.,? 2024",
        "shortCiteRegEx": "Nguyen et al\\\\.",
        "year": 2024
      },
      {
        "title": "Revealing determinants of translation efficiency via whole-gene codon randomization and machine learning",
        "author": [
          "Thijs Nieuwkoop",
          "Barbara R Terlouw",
          "Katherine G Stevens",
          "Richard A Scheltema",
          "Dick De Ridder",
          "John Van der Oost",
          "Nico J Claassens"
        ],
        "venue": "Nucleic acids research, 51(5):2363–2376",
        "citeRegEx": "Nieuwkoop et al\\\\.,? 2023",
        "shortCiteRegEx": "Nieuwkoop et al\\\\.",
        "year": 2023
      },
      {
        "title": "Timing is everything: unifying codon translation rates and nascent proteome behavior",
        "author": [
          "Daniel A Nissley",
          "Edward P O'Brien"
        ],
        "venue": "Journal of the American Chemical Society, 136(52):17892–17898",
        "citeRegEx": "Nissley et al\\\\.,? 2014",
        "shortCiteRegEx": "Nissley et al\\\\.",
        "year": 2014
      },
      {
        "title": "Codon language embeddings provide strong signals for use in protein engineering",
        "author": [
          "Carlos Outeiral",
          "Charlotte M Deane"
        ],
        "venue": "Nature Machine Intelligence, 6(2):170–179",
        "citeRegEx": "Outeiral et al\\\\.,? 2024",
        "shortCiteRegEx": "Outeiral et al\\\\.",
        "year": 2024
      },
      {
        "title": "Current structure predictors are not learning the physics of protein folding",
        "author": [
          "Carlos Outeiral",
          "Daniel A Nissley",
          "Charlotte M Deane"
        ],
        "venue": "Bioinformatics, 38(7):1881–1887",
        "citeRegEx": "Outeiral et al\\\\.,? 2022",
        "shortCiteRegEx": "Outeiral et al\\\\.",
        "year": 2022
      },
      {
        "title": "mrna vaccines—a new era in vaccinology",
        "author": [
          "Norbert Pardi",
          "Michael J Hogan",
          "Frederick W Porter",
          "Drew Weissman"
        ],
        "venue": "Nature reviews Drug discovery, 17(4):261–279",
        "citeRegEx": "Pardi et al\\\\.,? 2018",
        "shortCiteRegEx": "Pardi et al\\\\.",
        "year": 2018
      },
      {
        "title": "Plotkin and Grzegorz Kudla",
        "author": [
          "Joshua B"
        ],
        "venue": "Synonymous but not the same: the causes and consequences of codon bias. Nature Reviews Genetics, 12:32–42",
        "citeRegEx": "B et al\\\\.,? 2011",
        "shortCiteRegEx": "B et al\\\\.",
        "year": 2011
      },
      {
        "title": "Synonymous but not the same: the causes and consequences of codon bias",
        "author": [
          "Joshua B Plotkin",
          "Grzegorz Kudla"
        ],
        "venue": "Nature Reviews Genetics, 12(1):32–42",
        "citeRegEx": "Plotkin et al\\\\.,? 2011",
        "shortCiteRegEx": "Plotkin et al\\\\.",
        "year": 2011
      },
      {
        "title": "Calmphoskan: prediction of general phosphorylation sites in proteins via fusion of codon aware embeddings with amino acid aware embeddings and wavelet-based kolmogorov–arnold network",
        "author": [
          "Pawel Pratyush",
          "Callen Carrier",
          "Suresh Pokharel",
          "Hamid D Ismail",
          "Meenal Chaudhari",
          "Dukka B Kc"
        ],
        "venue": "Bioinformatics, 41(4): btaf124",
        "citeRegEx": "Pratyush et al\\\\.,? 2025",
        "shortCiteRegEx": "Pratyush et al\\\\.",
        "year": 2025
      },
      {
        "title": "Language models are unsupervised multitask learners",
        "author": [
          "Alec Radford",
          "Jeffrey Wu",
          "Rewon Child",
          "David Luan",
          "Dario Amodei",
          "Ilya Sutskever",
          "et al"
        ],
        "venue": "OpenAI blog, 1(8):9",
        "citeRegEx": "Radford et al\\\\.,? 2019",
        "shortCiteRegEx": "Radford et al\\\\.",
        "year": 2019
      },
      {
        "title": "Biological structure and function emerge from scaling unsupervised learning to 250 million protein sequences",
        "author": [
          "Alexander Rives",
          "Joshua Meier",
          "Tom Sercu",
          "Siddharth Goyal",
          "Zeming Lin",
          "Jason Liu",
          "Demi Guo",
          "Myle Ott",
          "C Lawrence Zitnick",
          "Jerry Ma",
          "et al"
        ],
        "venue": "Proceedings of the National Academy of Sciences, 118(15): e",
        "citeRegEx": "Rives et al\\\\.,? 2016",
        "shortCiteRegEx": "Rives et al\\\\.",
        "year": 2016
      },
      {
        "title": "Codon-specific ramachandran plots show amino acid backbone conformation depends on identity of the translated codon",
        "author": [
          "Aviv A Rosenberg",
          "Ailie Marx",
          "Alex M Bronstein"
        ],
        "venue": "Nature communications, 13(1): 2815",
        "citeRegEx": "Rosenberg et al\\\\.,? 2022",
        "shortCiteRegEx": "Rosenberg et al\\\\.",
        "year": 2022
      },
      {
        "title": "mrna-based therapeutics—developing a new class of drugs",
        "author": [
          "Ugur Sahin",
          "Katalin Karikó",
          "Özlem Türeci"
        ],
        "venue": "Nature reviews Drug discovery, 13(10):759–780",
        "citeRegEx": "Sahin et al\\\\.,? 2014",
        "shortCiteRegEx": "Sahin et al\\\\.",
        "year": 2014
      },
      {
        "title": "Grover: A byte-pair encoded genomic language model learns regulatory elements",
        "author": [
          "Raymond Sanabria",
          "Soobin Kim",
          "Jacob Linder",
          "Anshul Kundaje"
        ],
        "venue": "bioRxiv",
        "citeRegEx": "Sanabria et al\\\\.,? 2024",
        "shortCiteRegEx": "Sanabria et al\\\\.",
        "year": 2024
      },
      {
        "title": "Synonymous codon usage influences the local protein structure observed",
        "author": [
          "Rhodri Saunders",
          "Charlotte M Deane"
        ],
        "venue": "Nucleic acids research, 38(19):6719–6728",
        "citeRegEx": "Saunders et al\\\\.,? 2010",
        "shortCiteRegEx": "Saunders et al\\\\.",
        "year": 2010
      },
      {
        "title": "Equivariant message passing for the prediction of tensorial properties and molecular spectra",
        "author": [
          "Kristof Schütt",
          "Oliver Unke",
          "Michael Gastegger"
        ],
        "venue": "In International Conference on Machine Learning, pages 9377–9388. PMLR",
        "citeRegEx": "Schütt et al\\\\.,? 2021",
        "shortCiteRegEx": "Schütt et al\\\\.",
        "year": 2021
      },
      {
        "title": "Shannon",
        "author": [
          "Claude E"
        ],
        "venue": "A mathematical theory of communication. Bell System Technical Journal, 27:379–423",
        "citeRegEx": "E et al\\\\.,? 1948",
        "shortCiteRegEx": "E et al\\\\.",
        "year": 1948
      },
      {
        "title": "Sharp and Wen-Hsiung Li",
        "author": [
          "Paul M"
        ],
        "venue": "The codon adaptation index—a measure of directional synonymous codon usage bias, and its potential applications. Nucleic Acids Research, 15:1281–1295",
        "citeRegEx": "M et al\\\\.,? 1987",
        "shortCiteRegEx": "M et al\\\\.",
        "year": 1987
      },
      {
        "title": "Dirichlet flow matching with applications to dna sequence design",
        "author": [
          "Hannes Stark",
          "Bowen Jing",
          "Chenyu Wang",
          "Gabriele Corso",
          "Bonnie Berger",
          "Regina Barzilay",
          "Tommi Jaakkola"
        ],
        "venue": "arXiv preprint arXiv:2402.05841",
        "citeRegEx": "Stark et al\\\\.,? 2024",
        "shortCiteRegEx": "Stark et al\\\\.",
        "year": 2024
      },
      {
        "title": "Torchmd-net: Equivariant transformers for neural network based molecular potentials",
        "author": [
          "P Thölke",
          "G De Fabritiis"
        ],
        "venue": "arxiv",
        "citeRegEx": "Thölke et al\\\\.,? 2022",
        "shortCiteRegEx": "Thölke et al\\\\.",
        "year": 2022
      },
      {
        "title": "Deep learning models for predicting rna degradation via dual crowdsourcing",
        "author": [
          "Hannah K Wayment-Steele",
          "Wipapat Kladwang",
          "Andrew M Watkins",
          "Do Soon Kim",
          "Bojan Tunguz",
          "Walter Reade",
          "Maggie Demkin",
          "Jonathan Romano",
          "Roger Wellington-Oguri",
          "John J Nicol",
          "et al"
        ],
        "venue": "Nature Machine Intelligence, 4 (12):1174–1184",
        "citeRegEx": "Wayment-Steele et al\\\\.,? 2022",
        "shortCiteRegEx": "Wayment-Steele et al\\\\.",
        "year": 2022
      },
      {
        "title": "Helix-mrna: A hybrid foundation model for full sequence mrna therapeutics",
        "author": [
          "Matthew Wood",
          "Mathieu Klop",
          "Maxime Allard"
        ],
        "venue": "arXiv preprint arXiv:2502.13785",
        "citeRegEx": "Wood et al\\\\.,? 2025",
        "shortCiteRegEx": "Wood et al\\\\.",
        "year": 2025
      },
      {
        "title": "High-resolution de novo structure prediction from primary sequence",
        "author": [
          "Ruidong Wu",
          "Fan Ding",
          "Rui Wang",
          "Rui Shen",
          "Xiwen Zhang",
          "Shitong Luo",
          "Chenpeng Su",
          "Zuofan Wu",
          "Qi Xie",
          "Bonnie Berger",
          "et al"
        ],
        "venue": "BioRxiv, pages",
        "citeRegEx": "Wu et al\\\\.,? 2022",
        "shortCiteRegEx": "Wu et al\\\\.",
        "year": 2022
      },
      {
        "title": "Beyond sequence: Impact of geometric context for RNA property prediction",
        "author": [
          "Junjie Xu",
          "Artem Moskalev",
          "Tommaso Mansi",
          "Mangal Prakash",
          "Rui Liao"
        ],
        "venue": "In The Thirteenth International Conference on Learning Representations",
        "citeRegEx": "Xu et al\\\\.,? 2025",
        "shortCiteRegEx": "Xu et al\\\\.",
        "year": 2025
      },
      {
        "title": "Helm: Hierarchical encoding for mrna language modeling",
        "author": [
          "Mehdi Yazdani-Jahromi",
          "Mangal Prakash",
          "Tommaso Mansi",
          "Artem Moskalev",
          "Rui Liao"
        ],
        "venue": "arXiv preprint arXiv:2410.12459",
        "citeRegEx": "Yazdani-Jahromi et al\\\\.,? 2024",
        "shortCiteRegEx": "Yazdani-Jahromi et al\\\\.",
        "year": 2024
      },
      {
        "title": "Algorithm for optimized mrna design improves stability and immunogenicity",
        "author": [
          "He Zhang",
          "Liang Zhang",
          "Ang Lin",
          "Congcong Xu",
          "Ziyu Li",
          "Kaibo Liu",
          "Boxiang Liu",
          "Xiaopin Ma",
          "Fanfan Zhao",
          "Huiling Jiang",
          "et al"
        ],
        "venue": "Nature, 621(7978):396–403",
        "citeRegEx": "Zhang et al\\\\.,? 2023",
        "shortCiteRegEx": "Zhang et al\\\\.",
        "year": 2023
      },
      {
        "title": "Predicting effects of noncoding variants with deep learning-based sequence model",
        "author": [
          "Jian Zhou",
          "Olga G Troyanskaya"
        ],
        "venue": "Nature Methods, 12(10):931–934",
        "citeRegEx": "Zhou et al\\\\.,? 2015",
        "shortCiteRegEx": "Zhou et al\\\\.",
        "year": 2015
      },
      {
        "title": "Dnabert-2: Efficient and interpretable pre-trained language models for genomic sequences",
        "author": [
          "Zhemin Zhou",
          "Yuning Ji",
          "Han Liu",
          "Ramana V Davuluri"
        ],
        "venue": "bioRxiv",
        "citeRegEx": "Zhou et al\\\\.,? 2024",
        "shortCiteRegEx": "Zhou et al\\\\.",
        "year": 2024
      },
      {
        "title": "Dnabert-2: Efficient foundation model and benchmark for multi-species genome",
        "author": [
          "Zhihan Zhou",
          "Yanrong Ji",
          "Weijian Li",
          "Pratik Dutta",
          "Ramana Davuluri",
          "Han Liu"
        ],
        "venue": "arXiv preprint arXiv:2306.15006",
        "citeRegEx": "Zhou et al\\\\.,? 2023",
        "shortCiteRegEx": "Zhou et al\\\\.",
        "year": 2023
      }
    ]
  }
}