{
  "forum_id": "z6mwI6VcHA",
  "metadata": {
    "source": "NeurIPS",
    "year": 2025,
    "title": "E Proof that final state reconstruction allows for wider message choice freedom",
    "abstractText": "Compositionality in knowledge and language—the ability to represent complex concepts as a combination of simpler ones—is a hallmark of human cognition and communication. Despite recent advances, deep neural networks still struggle to acquire this property reliably. Neural models for emergent communication look to endow artificial agents with compositional language by simulating the pressures that form human language. In this work, we introduce CELEBI<sup>2</sup> (Compressive-Expressive Language Emergence through a discrete Bottleneck and Iterated learning), a novel self-supervised framework for inducing compositional representations through a reconstruction-based communication game between a sender and a receiver. Building on theories of language emergence and the iterated learning framework, we integrate three mechanisms that jointly promote compressibility, expressivity, and efficiency in the emergent language. First, *Progressive Decoding* incentivizes intermediate reasoning by requiring the receiver to produce partial reconstructions after each symbol. Second, *Final-State Imitation* trains successive generations of agents to imitate reconstructions rather than messages, enforcing a tighter communication bottleneck. Third, *Pairwise Distance Maximization* regularizes message diversity by encouraging high distances between messages, with formal links to entropy maximization. Our method significantly improves both the efficiency and compositionality of the learned messages on the Shapes3D and MPI3D datasets, surpassing prior discrete communication frameworks in both reconstruction accuracy and topographic similarity. This work provides new theoretical and empirical evidence for the emergence of structured, generalizable communication protocols from simplicity-based inductive biases.",
    "sections": [
      {
        "heading": "1 Introduction",
        "text": "In natural languages, compositionality enables humans to communicate an infinite number of ideas using a finite set of elements [\\[12\\]](#page-10-0). This principle enables speakers to flexibly combine known words and structures to convey novel meanings, supporting flexible and generalizable communication across diverse and previously unseen contexts.\n\n<sup>∗</sup>Corresponding author\n\n<sup>2</sup>Our oficial implementation can be found at https://github.com/SugarFreeManatee/CELEBI\n\nWorks on the emergence of compositionality in language [\\[34,](#page-12-0) [35,](#page-12-1) [37\\]](#page-12-2) have argued that opposing pressures are necessary for the natural selection of compositional languages between generations of speakers [\\[20,](#page-11-0) [3\\]](#page-10-1). On the one hand, successful communication requires high expressivity in order to usefully describe the world, allowing speakers to produce distinct messages for a wide range of meanings. On the other hand, models of emergent communication such as the iterated learning framework [\\[34\\]](#page-12-0) state that natural speakers tend to minimize the complexity of languages through cultural transmission, implying that simpler and more compressive languages are more easily passed on to new speakers.\n\nThese opposite pressures of expressivity and compressibility thus generate a trade-off, highlighted in several works [\\[35,](#page-12-1) [20,](#page-11-0) [3\\]](#page-10-1) which is argued to be optimized by compositional languages, whereby languages evolve to maximize communicative efficiency – remaining expressive enough to convey diverse meanings while being simple and structured enough to be easily learned and transmitted by successive generations of speakers. When either pressure is dominant, undesirable languages tend to emerge: (a) excessive language compression leads to *degenerate* languages where multiple meanings are mapped to the same messages making them ambiguous and thus hard to use, and (b) prioritizing expressivity alone produces in *holistic* languages i.e. languages where messages are mapped arbitrarily to meanings without respecting their structures, hindering their transmission across generations [\\[55\\]](#page-13-0).\n\nEnabling machines to generalize compositionally is thought to be crucial for them to quickly adapt to novel situations beyond their training experience [\\[42\\]](#page-12-3). Inducing compositional behavior in neural networks remains a major challenge [\\[39,](#page-12-4) [30,](#page-12-5) [59,](#page-13-1) [33\\]](#page-12-6). A growing body of work suggests that a model's ability to generalize compositionally is highly sensitive to its training conditions [\\[40,](#page-12-7) [14,](#page-10-2) [60,](#page-14-0) [41,](#page-12-8) [15\\]](#page-10-3), including factors such as data distribution, learning objectives, and task design. One promising direction is the study of emergent communication, where discrete languages evolve for coordination between independent neural agents.\n\nIn this work, we build on the Lewis reconstruction game framework [\\[58\\]](#page-13-2) to study emergent communication in a reconstruction task. A sender encodes an image into a discrete message and a receiver reconstructs the original. Drawing on theories of language evolution [\\[34,](#page-12-0) [35\\]](#page-12-1), we develop a novel framework for inducing compositional communication grounded in simplicity bias.\n\nWe introduce CELEBI (Compressive-Expressive Language Emergence through a discrete Bottleneck and Iterated learning). Within this framework, we introduce three mechanisms in the learned communication protocol:\n\nProgressive Decoding, in which the receiver makes reconstruction predictions after each incoming symbol, rather than waiting until the full message is received. This biases the system towards using intermediate reasoning steps, thereby imposing a pressure towards lower-complexity and less holistic encodings. While this mechanism does not directly improve reconstruction accuracy, it yields more efficient and structured communication.\n\nFinal-State Imitation modifies the standard imitation phase in the iterated learning (IL) framework of cultural evolution [\\[35–](#page-12-1)[37\\]](#page-12-2). Instead of imitating the entire message, the student is trained to reproduce only the final output of the receiver, effectively reducing the information transmitted across generations. This tighter generational bottleneck increases pressure for compressibility in the emergent communication protocol [\\[64\\]](#page-14-1), thereby promoting the emergence of compositional structure as a necessary condition for successful transmission. Empirically, this leads to increased compositionality with minimal degradation in reconstruction accuracy.\n\nPairwise Distance Maximization as a regularization term, i.e., as a further pressure towards increased diversity in the emergent language, that encourages exploration during the imitation phase. This term pushes the student sender to maximize an approximate Hamming distance between messages in a given batch, finding the most \"diverse\" protocol. We prove that this regularization gives a lower bound for entropy maximization [\\[69\\]](#page-14-2), and an upper bound on the contrastive learning loss NT-Xtent [\\[11\\]](#page-10-4).\n\nThe opposing pressures induced by these three mechanisms impose a tight regularization on the complexity of the emergent language. These ingredients make explicit the pressures proposed in the cognitive science and linguistic literature to shape language evolution, thus aligning with the IL paradigm and leading to measurably higher compositionality."
      },
      {
        "heading": "2 Background",
        "text": ""
      },
      {
        "heading": "2.1 Problem setup: recovering compositional representations",
        "text": "In a formalism similar to [56], we model a dataset  $\\mathcal{D} = \\{x = \\mathsf{GenX}(\\mathbf{G}) : \\mathbf{G} \\in \\mathcal{G}\\}$ , i.e. data x are created via a deterministic function  $\\mathsf{GenX}$  from a set  $\\mathcal{G}$  of generating factors  $\\mathbf{G}$ . We have access to samples from  $\\mathcal{D}$  but not to  $\\mathsf{GenX}$  or to the structure of  $\\mathbf{G}$ , and the goal is to reproduce the set of x, i.e., generate images  $\\widehat{x}$  that approximate the distribution of x in a natural metric such as  $\\mathbb{E}_{x \\in \\mathcal{D}}[\\mathsf{MSE}(x,\\widehat{x})]$ , where MSE is the mean squared error on pixels.\n\nThe factors G are assumed to have compositional structure of the form  $G = [G_1, \\ldots, G_n]$ , in which  $G_i$  represent independent characteristics having finitely many possible values (as in the dataset of Sec. 4.1 for example). In this case, an efficient way to reproduce elements of  $\\mathcal{D}$  is to impose that  $\\widehat{x}$  is similarly generated as  $\\widehat{x} = \\operatorname{GenX'}(G')$ , with generating factors G' giving a learned encoding of G.\n\nAs  $\\mathcal{G}$  has a large number of classes (one per combination of factor values) and we have a single example per class, successful reconstruction relies on the compositional structure of  $\\mathbf{G}$ . Thus the goal is to build a framework for finding the optimized compositional encoding  $\\mathbf{G}'$  from observation of a small training set  $\\mathcal{D}_{train} \\subset \\mathcal{D}$ . The compositional nature of  $\\mathbf{G}$  is what makes reconstruction possible from a small random  $\\mathcal{D}_{train}$ , i.e. from data corresponding to a small subset of classes. This would be of course impossible for non-compositional data (see §D for a formal treatment)."
      },
      {
        "heading": "2.2 Approach: Lewis reconstruction game",
        "text": "We frame the above reconstruction problem in the form of a cooperative game between two agents: a sender S and a receiver R. The goal of S will be to build the reconstruction factors G' and the receiver R will map the factors to an image  $\\widehat{x}$ . The two agents aim to create a protocol that reconstructs x to good accuracy. This setup fits in the general class of Lewis Reconstruction Games (LRG) [58], a subclass of so-called Lewis Signaling Games (LSGs) [43].\n\nWithin the framework of signaling games, the factors  $\\mathbf{G}'$  are interpreted as a language which S uses to communicate x to R as accurately as possible. The allowed message space is finite, i.e.  $\\mathbf{G}' \\in \\mathcal{M} := V^C$ , and we take C fixed and large enough that  $|V|^C \\gg |\\mathcal{G}|$ , so that the size of the message space is not a limiting factor on the emergent communication. The following diagram summarizes our notations:\n\n$$\\mathcal{G} \\overset{\\mathsf{GenX}}{\\longrightarrow} \\mathcal{D} \\subseteq \\mathcal{X} \\overset{S}{\\longrightarrow} \\mathcal{M} = V^C \\overset{R}{\\longrightarrow} \\mathcal{X}$$\n\nOur main focus is on defining a IL process which favors the emergence of a compositional language between S and R that accurately recovers  $x \\in \\mathcal{D}$ ."
      },
      {
        "heading": "2.3 Base model architecture",
        "text": "We adopt a standard emergent communication setup as described by Xu et al. [71], see implementation details in § B.1. Sender and Receiver are implemented using the EGG framework [32]. Input images are encoded into latent representations using a pretrained VAE visual backbone. The sender encodes this latent input into a discrete message using an LSTM and then transmits it through a fixed-length communication channel. Message generation is made differentiable via a Gumbel-Softmax bottleneck [26]. The receiver takes the full message as inputs in an LSTM, and produces a latent vector, which is subsequently decoded into a reconstructed image by the VAE decoder. Reconstruction loss is computed between the original and generated images using Mean Squared Error (MSE). Both VAE encoder and decoder remain frozen during training."
      },
      {
        "heading": "3 Methods",
        "text": "This section describes our proposed improvements to the EL framework [71] (cf. Figure 1a). Intuitively, our additions attempt to increase the language drift between iterations of speakers, in order to thoroughly explore the landscape of possible languages, while maintaining efficient and useful communication. For the latter, we introduce **Progressive Decoding (PD)**, to serve as an anchor for the emergent language during interaction, and for the former we introduce **Final-State Imitation** (**FiSI**) and **Parwise Distance Maximization** (**PDM**), which aim to incentivize exploration during the\n\nimitation phase. We expect the combination of these factors to show the strongest impact towards compositionality in the learned language, more so than the factors taken separately."
      },
      {
        "heading": "3.1 Progressive Decoding (PD)",
        "text": "Our first proposed enhancement to the baseline communication protocol aims to improve the efficiency of the emergent language determined by the Sender and Receiver, by condensing information in fewer message tokens. This type of efficiency has been argued to be necessary for the emergence of natural language properties [\\[29,](#page-11-2) [49\\]](#page-13-4).\n\nStandard reconstruction games typically optimize a reconstruction loss computed only at the end of the communication phase, after the receiver has observed the full message [\\[58\\]](#page-13-2), and as shown by Rita et al. [\\[57\\]](#page-13-5), without an incentive to efficiently use the information received in the message, the receiver only updates its internal state after the full message has been received. To improve communication efficiency, we propose the following *Progressive Decoding (PD)* objective: the receiver generates a prediction after each received symbol, and our interaction phase loss explicitly weights the reconstruction error of each sub-message, as follows.\n\n\n$$\\mathcal{L}_{\\omega,\\phi}^{\\text{int}} := \\mathbb{E}_x \\left[ \\frac{1}{C} \\sum_{i=1}^C \\lambda^i \\text{ MSE} \\left( x, R_{\\omega}(S_{\\phi}(x)_{[i]}) \\right) \\right], \\tag{1}$$\n\nwhere Sϕ(x)[i] is the prefix of length i of the sender's message, and λ ≥ 1 is an expressivity hyperparameter that increases the weight of later reconstructions. This loss has the following effects:\n\nEfficiency pressure: Loss [\\(1\\)](#page-3-0) rewards accurate reconstructions made as early as possible, favoring messages with shorter useful length.\n\nInterpretable sub-messages: The model is encouraged to structure messages such that an interpretation by R<sup>ω</sup> is available for sub-messages, making each symbol accountable for partial reconstruction. This echoes findings in prior theoretical and empirical work on chain-of-thought and compositionality [\\[66,](#page-14-4) [28,](#page-11-3) [10,](#page-10-5) [52,](#page-13-6) [68,](#page-14-5) [54\\]](#page-13-7), which show that forcing intermediate semantic consistency or intermediate reasoning steps encourages models to show increased compositional behavior.\n\nTuning the efficiency pressure: Small λ yields fast but potentially coarse reconstructions, while larger values favor detailed outputs at the cost of longer, possibly redundant messages, and in the limit λ → ∞ [\\(1\\)](#page-3-0) becomes equivalent to using just the last term in brackets, i.e., the full-length message reconstruction. In our experiments (see Section [5.2\\)](#page-6-0), we explore this trade-off empirically and show that λ ≡ 1.5 achieves the best performance across generalization, communication efficiency metrics, and compositionality."
      },
      {
        "heading": "3.2 Imitation Phase",
        "text": "Iterated learning is known to add compressibility pressure to emergent communication schemes [\\[34\\]](#page-12-0), resulting in languages that are \"easy to learn\", thus favoring simple communication schemes that can be compressed: this is known as a *communication (or generational) bottleneck*. It is argued [\\[34\\]](#page-12-0) that languages that remain relatively stable even when a learner only observes a small subset of the language of the previous generation need to be compositional.\n\nOur case (and in fact, most deep learning applications of IL) differ from the original IL formulation [\\[34\\]](#page-12-0), in that the transmission bottleneck does not constrict the amount of examples presented to the student, but rather constricts the information obtainable from these examples in order to perfectly reconstruct the language. This paradigm shift for transmission bottlenecks is at the heart of discrete bottlenecks [\\[55,](#page-13-0) [58,](#page-13-2) [57\\]](#page-13-5) and noisy bottlenecks [\\[56\\]](#page-13-3).\n\nWe next pass to describe our proposed imitation scheme and its motivations compared to previous methods."
      },
      {
        "heading": "4 Experimental setup",
        "text": ""
      },
      {
        "heading": "4.1 Datasets",
        "text": "Shapes3D We tested our framework using the Shapes3D [\\[50\\]](#page-13-8) dataset, which consists of colored images of 3D geometric shapes, with 6 underlying generating factors G: floor hue, wall hue, object hue, shape, scale, and orientation. The total amount of attribute-value combinations is 480, 000.\n\nMPI3D We also evaluated using the compositional split of the MPI3D dataset [\\[23\\]](#page-11-4). This dataset consists of colored images of a robot arm interacting with objects, rendered in controlled 3D scenes with 7 underlying generative factors G: object color, object shape, object size, camera height, background color, horizontal arm position, and vertical arm position. The dataset comprises 1, 036, 800 unique combinations of these factor values.\n\nFor both datasets we use the compositional split from Schott et al. [\\[62\\]](#page-14-6), which ensures all attribute values appear in training, yet some combinations are reserved for the testing set (See [§D](#page-24-0) for a proof that this situation would anyways hold for random train/test splittings with high probability)."
      },
      {
        "heading": "4.2 Evaluation Metrics",
        "text": "Following Chaabouni et al. [\\[9\\]](#page-10-6), we assess compositionality using *Topographic Similarity* (TopSim) [\\[5\\]](#page-10-7), a widely used proxy for compositionality. TopSim measures the correlation between pairwise Hamming distances in message space and the generating factor space, capturing the extent to which semantically similar inputs yield similar messages under a structured encoding.\n\nTo evaluate communication efficiency, we define the *useful length* ˆℓϵ(x) , which estimates the minimal prefix of a message necessary to achieve near-maximal reconstruction quality. Formally:\n\n$$\\hat{\\ell}_{\\epsilon}(x) := \\min \\left\\{ i \\in \\{1, \\dots, C\\} : \\mathsf{MSE}\\left(x, R_{\\omega}(S_{\\phi}(x)_{[i]})\\right) \\le \\epsilon \\right\\},\\,$$\n\nwhere C is the maximum message length and ℓϵ(x) = C if the threshold is unmet.\n\nWe choose ϵ by viewing the loss distributions on both tested datasets and estimating a common plateau point for each. The full position-wise loss values can be found in the supplementary material.\n\nFinally, to approximate the expressivity of the communication protocol, we evaluate reconstruction quality using the MSE between the generated image and the original input.\n\nWe discuss the use of additional language metrics in [§I.](#page-38-0)"
      },
      {
        "heading": "5 Results",
        "text": "For all experiments, we report the mean and standard error of 10 random seeds. To assess the robustness of our findings, we also perform permutation tests to evaluate the statistical significance of\n\n<sup>3</sup> For one-hot encoded messages, this formulation is equivalent to maximizing the Hamming distance.\n\nTable 1: Performance comparison across all experiments on the SHAPES3D and MPI3D datasets. We report Topographic Similarity (TopSim  $\\uparrow$ ), Useful Length ( $\\hat{\\ell}_{\\epsilon} \\downarrow$ ), and Last Symbol MSE ( $\\downarrow$ ) for each ablation. The results are grouped by the components of our proposed framework: **Interaction**, **Imitation**, and **Regularization**. The synergetic mixture of our proposed methods (PD+FiSI+PDM) consistently improves compositionality and message efficiency over the baseline and prior variants.\n\n|                |                                                                                      | TopSim ↑                                                    | $\\hat{\\ell}_{2\\times 10^{-1}}\\downarrow$         | Last symbol MSE ↓                                                 |\n|----------------|--------------------------------------------------------------------------------------|-------------------------------------------------------------|--------------------------------------------------|-------------------------------------------------------------------|\n| Interaction    | Full message reconstruction, no IL (Baseline)<br>Progressive Decoding(PD, ours)      | $0.244 \\pm 0.002$<br>$0.270 \\pm 0.001$                      | $10.0 \\pm 0.0 \\\\ 7.5 \\pm 0.215$                  | $\\begin{array}{c} 0.212 \\pm 0.003 \\\\ 0.238 \\pm 0.007 \\end{array}$ |\n| Imitation      | Message imitation (baseline) Full state imitation Final-State Imitation (FiSI, ours) | $0.257 \\pm 0.005$<br>$0.256 \\pm 0.003$<br>$0.283 \\pm 0.003$ | $9.9 \\pm 0.3$<br>$9.9 \\pm 0.3$<br>$10.0 \\pm 0.0$ | $0.200 \\pm 0.007$<br>$0.179 \\pm 0.003$<br>$0.176 \\pm 0.002$       |\n| Regularization | PD+FiSI+KoLeo $\\lambda=1.5$ PD+FiSI+PDM (ours) $\\lambda=1.5$                         | $0.256 \\pm 0.002 \\\\ 0.292 \\pm 0.002$                        | $8.555 \\pm 0.167$<br>$7.0 \\pm 0.155$             | $\\begin{array}{c} 0.179 \\pm 0.003 \\\\ 0.194 \\pm 0.005 \\end{array}$ |\n\n(a) Shapes3D\n\n|                |                                                                                      | TopSim ↑                                                                                               | $\\hat{\\ell}_{1.95\\times10^{-2}}\\downarrow$                                         | Last symbol MSE ↓                                          |\n|----------------|--------------------------------------------------------------------------------------|--------------------------------------------------------------------------------------------------------|------------------------------------------------------------------------------------|------------------------------------------------------------|\n| Interaction    | Full message reconstruction, no IL (Baseline)<br>Progressive Decoding(PD, ours)      | $\\begin{array}{c} 0.133 \\pm 0.001 \\\\ 0.137 \\pm 0.001 \\end{array}$                                      | $9.3 \\pm 0.002$<br>$6.6 \\pm 0.341$                                                 | $egin{array}{l} 0.015 \\pm 0.0 \\ 0.015 \\pm 0.0 \\end{array}$ |\n| Imitation      | Message imitation (baseline) Full state imitation Final-State Imitation (FiSI, ours) | $\\begin{array}{c} 0.135 \\pm 0.001 \\\\ 0.137 \\pm 0.001 \\\\ \\textbf{0.156} \\pm \\textbf{0.001} \\end{array}$ | $\\begin{array}{c} 9.733 \\pm 0.029 \\\\ 9.923 \\pm 0.020 \\\\ 9.7 \\pm 0.046 \\end{array}$ | $0.016 \\pm 0.0$<br>$0.018 \\pm 0.0$<br>$0.02 \\pm 0.0$       |\n| Regularization | PD+FiSI+KoLeo $\\lambda=1.5$ PD+FiSI+PDM (ours) $\\lambda=1.5$                         | $\\begin{array}{c} 0.147 \\pm 0.002 \\\\ 0.153 \\pm 0.001 \\end{array}$                                      | $8.9 \\pm 0.221$<br>$9.0 \\pm 0.167$                                                 | $0.02 \\pm 0.0$<br>$0.02 \\pm 0.0$                           |\n\n(b) MPI3D\n\nthe observed differences (see §J.1). Additionally, we include qualitative reconstruction experiments in §H, where we visually compare the outputs of all evaluated methods across progressive decoding steps. Further implementation details are provided in §B."
      },
      {
        "heading": "5.1 Progressive Decoding reduces the message's useful length",
        "text": "We begin by evaluating the effect of incorporating PD during the interactive phase of training. As shown in the first two rows of Table 1, this modification leads to a 25-29% reduction in the useful message length, indicating more efficient communication. These gains are achieved without compromising expressivity on MPI3D and with only a slight compromise on Shapes3D, as indicated by stable reconstruction quality in the former and a minor degradation in the latter.\n\nTo further promote efficient and structured communication, we introduce a geometric penalty term  $\\lambda$  that penalizes reconstruction error more heavily when longer messages are used. As shown in Figure 2, increasing  $\\lambda$  up to values near 1.5 consistently improves reconstruction quality and useful length, indicating higher expressivity and efficiency. However, when  $\\lambda$  becomes too large, the reconstruction error incurred at the end of the message dominates the loss function, effectively nullifying PD. We found that setting  $\\lambda=1.5$  yields favorable results in efficiency and expressivity, while maintaining high compressibility."
      },
      {
        "heading": "5.2 Final State Imitation increases TopSim",
        "text": "Second, we investigate the impact of final state imitation on the structure of the emergent language.\n\nIn these experiments, we compare our approach to a baseline model without imitation and to a standard IL variant that imitates the teacher's message directly—a strategy commonly adopted in prior work for optimizing this phase [55, 56, 44].\n\nAs shown in the imitation section in Table 1, in the MPI3D dataset, we find that our *final state imitation* method consistently enhances the compositionality of the emergent messages. It outperforms the non-IL baseline and surpasses message-level imitation significantly (§ J.1).\n\n![](_page_7_Figure_0.jpeg)\n\nFigure 2: **Effect of geometric penalty**  $\\lambda$  **on emergent communication.** We introduce a geometric weighting term  $\\lambda$  that penalizes reconstruction error more strongly for longer messages. Increasing  $\\lambda$  initially improves useful length (a). However, once a certain threshold is met, useful length and reconstruction error (b) increase. Values close to 1.5 of  $\\lambda$  strike a favorable balance—achieving efficient and expressive communication.\n\nMore broadly, our results support prior findings that IL promotes greater structure in emergent communication protocols [44, 55]. They also underscore the value of shifting the learning objective from message imitation to image reconstruction, which enforces a tighter generational bottleneck by requiring the student to recover the intended output without access to the original message.\n\nMoreover, this setup increases flexibility in protocol exploration by constraining the student only to the reconstruction target, not the exact message form. Permitting generational variation in message structure while preserving semantic fidelity, promoting diversity without sacrificing expressivity.\n\nTogether, these factors exert pressure toward discovering more systematic and compositional protocols—structures that are inherently more transmissible and robust across generations."
      },
      {
        "heading": "5.3 Pairwise Distance Maximization increases compositionality and efficiency",
        "text": "We evaluate a model that combines all previously identified best-performing components—specifically,  $\\lambda=1.5$ , final-state imitation, PD and further introduce an entropy-based regularization term using PDM. We compare this with the KoLeo entropy estimator proposed by Sablayrolles et al. [61].\n\nWhen examining the effect of incorporating PDM, Table 1 shows that PDM outperforms both FiSi and PD in fostering structure in the message. On the Shapes3D dataset, PDM leads to a marked improvement in TopSim and a lower useful message length, indicating more efficient and structured communication, albeit with a slight increase in reconstruction error. For MPI3D, this configuration doesn't achieve the highest TopSim, albeit close to the best, and it increases useful length and leads to a marginally higher reconstruction loss compared to using only PD. This highlights a trade-off between expressivity and compressibility, in line with prior theoretical accounts on communication efficiency and compositionality [53, 34, 49].\n\nWhen comparing PDM to the KoLeo estimator, Regularization section in Table 1, we find that on Shapes3D, PDM achieves superior TopSim and shorter useful length, with slight reconstruction gains. On MPI3D, KoLeo leads to a lower useful length but exhibits reduced compositionality, with both regularizers showing similar reconstruction performance."
      },
      {
        "heading": "5.4 Comparison to disentangled representation learning",
        "text": "Following the comparison made by Xu et al. [71], we test our generated messages against standard self-supervised disentangled representation learning frameworks, namely  $\\beta$ -VAE and  $\\beta$ -TCVAE, as well as the baseline VAE+EL [71]. For the continuous models, we extract the first half of the latent vector (corresponding to the predicted means  $\\mu$ ) and evaluate it using the DCI disentanglement score [18]. In addition, we train a two-layer MLP to predict ground-truth generative factors, reporting RMSE for continuous factors and classification accuracy for categorical ones.\n\nFor the discrete models, we use the predicted messages for each image. We calculate the DCI disentanglement as-is, and use an embedding matrix to transform the discrete messages into the same dimension as the continuous vectors for the MLP. Training is conducted on three subsets of size 1000\n\nTable 2: Disentanglement metrics for the Shapes3D and MPI3D datasets. We report the DCI score to evaluate disentanglement quality, and the RMSE and classification accuracy of a linear probe trained on the latent representations (both message and vector embeddings) to assess their suitability for downstream tasks.\n\n| Dataset  | Model                                        | Disentanglement ↑                                                            | RMSE ↓                                                                          | Acc ↑                                                                        |\n|----------|----------------------------------------------|------------------------------------------------------------------------------|---------------------------------------------------------------------------------|------------------------------------------------------------------------------|\n| Shapes3D | β-VAE<br>β-TCVAE<br>VAE + EL<br>VAE + CELEBI | 0.045 ±<br>0.004<br>0.043 ±<br>0.005<br>0.108 ±<br>0.000<br>0.112 ±<br>0.001 | 2.460 ±<br>0.144<br>2.378 ±<br>0.123<br>3.168 ±<br>0.027<br>2.932 ±<br>0.045    | 0.702 ±<br>0.025<br>0.721 ±<br>0.028<br>0.343 ±<br>0.019<br>0.453 ±<br>0.024 |\n| MPI3D    | β-VAE<br>β-TCVAE<br>VAE + EL<br>VAE + CELEBI | 0.031 ±<br>0.001<br>0.031 ±<br>0.001<br>0.114 ±<br>0.002<br>0.137 ±<br>0.002 | 21.819 ±<br>0.111<br>21.854 ±<br>0.188<br>15.971 ±<br>0.301<br>14.82 ±<br>0.012 | 0.581 ±<br>0.006<br>0.582 ±<br>0.005<br>0.529 ±<br>0.006<br>0.542 ±<br>0.002 |\n\nof the training set and averaged. Evaluations are conducted on the test sets of the compositional splits for the Shapes3D and MPI3D datasets.\n\nAcross both datasets, our method (VAE+CELEBI) demonstrates consistent improvements in disentanglement over baseline methods. On Shapes3D, we observe a substantial increase in DCI scores compared to continuous models and the discrete baseline (see statistical significance tests in § [J.2\\)](#page-40-1). However, both discrete models fall behind the continuous baselines in downstream accuracy and RMSE, suggesting a trade-off between representation interpretability and usefulness in downstream tasks, which is consistent with previous work indicating that discrete representations may be less accessible to simple classifiers (as shown in [\\[72\\]](#page-14-8)), and that inductive biases for compositionality do not imply disentanglement [\\[51\\]](#page-13-10).\n\nOn MPI3D, our method slightly under-performs when compared to the continuous baselines in categorical accuracy, however greatly outperforming all baselines in continuous regression. We speculate that this discrepancy arises from the lower correlation between pixel-level input statistics and continuous generative factors in MPI3D as opposed to Shapes3D, which may favor communicationbased models over purely reconstructive."
      },
      {
        "heading": "6 Related Work",
        "text": "The use of language reference games (LRGs) in conjunction with iterated learning for the purpose of learning self-supervised representations remains underexplored. Xu et al. [\\[71\\]](#page-14-3) compare an emergent language autoencoder—comprising a visual backbone and an LSTM-based sender and receiver—with disentanglement frameworks such as the β-VAE and β-TCVAE. They find that the representations induced by the emergent language model generalize better in downstream tasks, highlighting the potential of symbolic communication as a compositional bottleneck.\n\nMany previous works have explored using emergent language to induce compositional behavior [\\[31,](#page-12-13) [17,](#page-11-6) [2,](#page-10-8) [16,](#page-11-7) [8\\]](#page-10-9). Several works utilize a referential LSG in conjunction with IL, using predicted messages as a generational bottleneck [\\[55,](#page-13-0) [44\\]](#page-12-11). Alternative bottlenecks for emergent language have been proposed, including simplicial embeddings [\\[56,](#page-13-3) [19\\]](#page-11-8), code-books [\\[74\\]](#page-14-9) and noisy channels [\\[65\\]](#page-14-10). Our message tokens can also be considered as roughly comparable to the slots in slot-attention architectures such as [\\[22,](#page-11-9) [24,](#page-11-10) [46,](#page-13-11) [27,](#page-11-11) [45,](#page-12-14) [21,](#page-11-12) [48,](#page-13-12) [4,](#page-10-10) [1\\]](#page-9-0), however note that among other differences, the slot-attention typically additive decoding layer [\\[7,](#page-10-11) [38\\]](#page-12-15) does not compare directly to our proposed Progressive Decoding.\n\nTo replicate the Zipfian distributions observed in natural languages [\\[76,](#page-15-0) [29\\]](#page-11-2), Rita et al. [\\[57\\]](#page-13-5) propose the LazImpa framework. The LazImpa *Impatient listener* loss is similar to our proposed Progressive Decoding, in that they both aim to induce incremental informativeness and efficiency by reconstructing the input at every timestep. However LazImpa is optimized for a referential game task (and not a reconstruction task as ours) and uses a linear length penalization in conjunction with a crossentropy loss. Our proposal instead uses the actual reconstruction loss and the length penalization is exponential and based on a tunable parameter λ."
      },
      {
        "heading": "7 Limitations and Future Work",
        "text": "Our experiments are conducted exclusively on the synthetic datasets *Shapes3D* and *MPI3D* [\\[6,](#page-10-12) [23\\]](#page-11-4), which feature clean, disentangled generative factors and lack observational noise. In future work, we plan to extend our the same principle of making explicit pressures towards complexity reduction of underlying representations to natural image datasets where factor supervision may be unavailable or weakly defined. Furthermore, we aim to formalize the notion of language compression defined in IL in terms of Kolmogorov complexity, for representing datasets with more complex compositional structures.\n\nMoreover, it is debatable whether MSE is the most appropriate choice for the self-supervised loss function, especially in the context of natural image data. While MSE is a simple choice, future work may explore reconstruction losses that better align with human visual perception, such as perceptual similarity metrics based on deep feature embeddings (e.g., LPIPS [\\[73\\]](#page-14-11)), or adversarial and contrastive losses that promote more semantically structured representations.\n\nAdditionally, we froze the visual backbone across all EL model variants trained on the same dataset. While this ensures controlled comparisons within each dataset, it may introduce an initialization bias when comparing with continuous baselines, where the encoder is jointly optimized. Although our results remain statistically significant, future work could investigate whether co-training the vision encoder yields improved alignment between symbolic and perceptual representations, or leads to new trade-offs in compression and expressivity.\n\nFinally, our experiments were restricted to compositional generalization metrics and reconstructionbased evaluation. Other facets of emergent communication, such as robustness and interpretability, are left for future work. We believe our framework offers a strong foundation for such extensions and a tractable setting to explore the interplay between compression, efficiency, and generalization."
      },
      {
        "heading": "8 Conclusion",
        "text": "We introduce the CELEBI framework with three novel mechanisms for enhancing compositional learning in IL frameworks, as well as mathematical justification for their design. First, with *Progressive Decoding* (PD) we reward informative communication at each step of the message, creating an inductive bias toward efficient and distributed representations. We show that PD promotes both message compressibility and compositional alignment.\n\nSecond, in our *Final State Imitation* (FiSI) in IL, the student is trained to reproduce the final prediction of the teacher, rather than the message itself. This shift enables greater exploration of the message space while preserving semantic consistency. We provided theoretical motivation and empirical evidence that this approach yields more expressive and compositional protocols, outperforming traditional message imitation in TopSim and reconstruction metrics.\n\nThird, our regularizer based on *Pairwise Distance Maximization* (PDM), which provably approximates entropy maximization over messages, serves as a practical inductive bias for promoting diversity and structure in emergent languages, particularly during the imitation phase.\n\nTogether, these contributions enrich the IL framework, and give new insights into how training dynamics and inductive pressures shape the emergence of language-like representations. As confirmed by our empirical findings, the proposed methods lead to more compositional and generalizable communication schemes."
      }
    ],
    "references": [
      {
        "title": "Slot-guided adaptation of pre-trained diffusion models for objectcentric learning and compositional generation",
        "author": [
          "[1] Kaan Akan",
          "Yucel Yemez"
        ],
        "venue": "In The Thirteenth International Conference on - Learning Representations",
        "citeRegEx": "Akan et al\\\\.,? 2025",
        "shortCiteRegEx": "Akan et al\\\\.",
        "year": 2025
      },
      {
        "title": "Defending compositionality in emergent languages",
        "author": [
          "Michal Auersperger",
          "Pavel Pecina"
        ],
        "venue": "In Daphne Ippolito, Liunian Harold Li, Maria Leonor Pacheco, Danqi Chen, and Nianwen Xue, editors, Proceedings of the",
        "citeRegEx": "Auersperger et al\\\\.,? 2022",
        "shortCiteRegEx": "Auersperger et al\\\\.",
        "year": 2022
      },
      {
        "title": "Iterated learning and the cultural ratchet",
        "author": [
          "Aaron Beppu",
          "Thomas Griffiths"
        ],
        "venue": "In Proceedings of the annual meeting of the cognitive science society, volume 31",
        "citeRegEx": "Beppu et al\\\\.,? 2009",
        "shortCiteRegEx": "Beppu et al\\\\.",
        "year": 2009
      },
      {
        "title": "Interaction asymmetry: A general principle for learning composable abstractions",
        "author": [
          "Jack Brady",
          "Julius von Kügelgen",
          "Sebastien Lachapelle",
          "Simon Buchholz",
          "Thomas Kipf",
          "Wieland Brendel"
        ],
        "venue": "In The Thirteenth International Conference on Learning Representations",
        "citeRegEx": "Brady et al\\\\.,? 2025",
        "shortCiteRegEx": "Brady et al\\\\.",
        "year": 2025
      },
      {
        "title": "Understanding linguistic evolution by visualizing the emergence of topographic mappings",
        "author": [
          "Henry Brighton",
          "Simon Kirby"
        ],
        "venue": "Artificial Life, 12:229–242",
        "citeRegEx": "Brighton et al\\\\.,? 2006",
        "shortCiteRegEx": "Brighton et al\\\\.",
        "year": 2006
      },
      {
        "title": "3d shapes dataset",
        "author": [
          "Chris Burgess",
          "Hyunjik Kim"
        ],
        "venue": "https://github.com/deepmind/3dshapesdataset/",
        "citeRegEx": "Burgess et al\\\\.,? 2018",
        "shortCiteRegEx": "Burgess et al\\\\.",
        "year": 2018
      },
      {
        "title": "Monet: Unsupervised scene decomposition and representation",
        "author": [
          "Christopher P Burgess",
          "Loic Matthey",
          "Nicholas Watters",
          "Rishabh Kabra",
          "Irina Higgins",
          "Matt Botvinick",
          "Alexander Lerchner"
        ],
        "venue": "arXiv preprint arXiv:",
        "citeRegEx": "Burgess et al\\\\.,? 1901",
        "shortCiteRegEx": "Burgess et al\\\\.",
        "year": 1901
      },
      {
        "title": "Compositionality and generalization in emergent languages",
        "author": [
          "Rahma Chaabouni",
          "Eugene Kharitonov",
          "Diane Bouchacourt",
          "Emmanuel Dupoux",
          "Marco Baroni"
        ],
        "venue": "In ACL",
        "citeRegEx": "Chaabouni et al\\\\.,? 2020",
        "shortCiteRegEx": "Chaabouni et al\\\\.",
        "year": 2020
      },
      {
        "title": "Emergent communication at scale",
        "author": [
          "Rahma Chaabouni",
          "Florian Strub",
          "Florent Altché",
          "Eugene Tarassov",
          "Corentin Tallec",
          "Elnaz Davoodi",
          "Kory Wallace Mathewson",
          "Olivier Tieleman",
          "Angeliki Lazaridou",
          "Bilal Piot"
        ],
        "venue": "In International Conference on Learning Representations",
        "citeRegEx": "Chaabouni et al\\\\.,? 2022",
        "shortCiteRegEx": "Chaabouni et al\\\\.",
        "year": 2022
      },
      {
        "title": "Systematicity emerges in transformers when abstract grammatical roles guide attention",
        "author": [
          "Ayush K Chakravarthy",
          "Jacob Labe Russin",
          "Randall O'Reilly"
        ],
        "venue": "In Proceedings of the",
        "citeRegEx": "Chakravarthy et al\\\\.,? 2022",
        "shortCiteRegEx": "Chakravarthy et al\\\\.",
        "year": 2022
      },
      {
        "title": "A simple framework for contrastive learning of visual representations, 2020",
        "author": [
          "Ting Chen",
          "Simon Kornblith",
          "Mohammad Norouzi",
          "Geoffrey Hinton"
        ],
        "venue": "URL [https://arxiv.org/abs/](https://arxiv.org/abs/",
        "citeRegEx": "Chen et al\\\\.,? 2020",
        "shortCiteRegEx": "Chen et al\\\\.",
        "year": 2020
      },
      {
        "title": "Aspects of the Theory of Syntax, volume 11",
        "author": [
          "Noam Chomsky"
        ],
        "venue": "MIT press",
        "citeRegEx": "Chomsky et al\\\\.,? 2014",
        "shortCiteRegEx": "Chomsky et al\\\\.",
        "year": 2014
      },
      {
        "title": "Compositionality with variation reliably emerges in neural networks",
        "author": [
          "Henry Conklin",
          "Kenny Smith"
        ],
        "venue": "In The Eleventh International Conference on Learning Representations",
        "citeRegEx": "Conklin et al\\\\.,? 2023",
        "shortCiteRegEx": "Conklin et al\\\\.",
        "year": 2023
      },
      {
        "title": "Meta-learning to compositionally generalize",
        "author": [
          "Henry Conklin",
          "Bailin Wang",
          "Kenny Smith",
          "Ivan Titov"
        ],
        "venue": "In Proceedings of the 59th Annual Meeting of the Association for Computational Linguistics and the 11th International Joint Conference on Natural Language Processing (Volume 1: Long Papers), pages 3322–3335",
        "citeRegEx": "Conklin et al\\\\.,? 2021",
        "shortCiteRegEx": "Conklin et al\\\\.",
        "year": 2021
      },
      {
        "title": "Data distributional properties as inductive bias for systematic generalization",
        "author": [
          "Felipe del Río",
          "Alain Raymond-Sáez",
          "Daniel Florea",
          "Rodrigo Toro Icarte",
          "Julio Hurtado",
          "Cristián Buc Calderón",
          "Álvaro Soto"
        ],
        "venue": "arXiv preprint arXiv:2502.",
        "citeRegEx": "Río et al\\\\.,? 2049",
        "shortCiteRegEx": "Río et al\\\\.",
        "year": 2049
      },
      {
        "title": "On (emergent) systematic generalisation and compositionality in visual referential games with straight-through gumbel-softmax estimator",
        "author": [
          "Kevin Denamganaï",
          "James Alfred Walker"
        ],
        "venue": "CoRR, abs/",
        "citeRegEx": "Denamganaï et al\\\\.,? 2012",
        "shortCiteRegEx": "Denamganaï et al\\\\.",
        "year": 2012
      },
      {
        "title": "Interpretable agent communication from scratch(with a generic visual processor emerging on the side)",
        "author": [
          "Roberto Dessì",
          "Eugene Kharitonov",
          "Marco Baroni"
        ],
        "venue": "In Neural Information Processing Systems",
        "citeRegEx": "Dessì et al\\\\.,? 2021",
        "shortCiteRegEx": "Dessì et al\\\\.",
        "year": 2021
      },
      {
        "title": "A framework for the quantitative evaluation of disentangled representations",
        "author": [
          "Cian Eastwood",
          "Christopher K I Williams"
        ],
        "venue": "In Sixth International Conference on Learning Representations (ICLR",
        "citeRegEx": "Eastwood et al\\\\.,? 2018",
        "shortCiteRegEx": "Eastwood et al\\\\.",
        "year": 2018
      },
      {
        "title": "Long tail image generation through feature space augmentation and iterated learning",
        "author": [
          "Rafael Elberg",
          "Denis Parra",
          "Mircea Petrache"
        ],
        "venue": "In LatinX in AI at Computer Vision and Pattern Recognition Conference",
        "citeRegEx": "Elberg et al\\\\.,? 2024",
        "shortCiteRegEx": "Elberg et al\\\\.",
        "year": 2024
      },
      {
        "title": "A complexitybased theory of compositionality, 2024",
        "author": [
          "Eric Elmoznino",
          "Thomas Jiralerspong",
          "Yoshua Bengio",
          "Guillaume Lajoie"
        ],
        "venue": "URL .",
        "citeRegEx": "Elmoznino et al\\\\.,? 2024",
        "shortCiteRegEx": "Elmoznino et al\\\\.",
        "year": 2024
      },
      {
        "title": "Kosiorek, Oiwi Parker Jones, and Ingmar Posner",
        "author": [
          "Martin Engelcke",
          "Adam R"
        ],
        "venue": "Genesis: Generative scene inference and sampling with object-centric latent representations. In International Conference on Learning Representations",
        "citeRegEx": "Engelcke et al\\\\.,? 2020",
        "shortCiteRegEx": "Engelcke et al\\\\.",
        "year": 2020
      },
      {
        "title": "Attend, infer, repeat: Fast scene understanding with generative models",
        "author": [
          "SM Eslami",
          "Nicolas Heess",
          "Theophane Weber",
          "Yuval Tassa",
          "David Szepesvari",
          "Geoffrey E Hinton",
          "et al"
        ],
        "venue": "Advances in neural information processing systems, 29",
        "citeRegEx": "Eslami et al\\\\.,? 2016",
        "shortCiteRegEx": "Eslami et al\\\\.",
        "year": 2016
      },
      {
        "title": "On the transfer of inductive bias from simulation to the real world: a new disentanglement dataset",
        "author": [
          "Muhammad Waleed Gondal",
          "Manuel Wuthrich",
          "Djordje Miladinovic",
          "Francesco Locatello",
          "Martin Breidt",
          "Valentin Volchkov",
          "Joel Akpo",
          "Olivier Bachem",
          "Bernhard Schölkopf",
          "Stefan Bauer"
        ],
        "venue": "In H. Wallach, H. Larochelle, A. Beygelzimer, F. d'Alché-Buc, E. Fox, and R. Garnett, editors, Advances in Neural Information Processing Systems, volume 32. Curran Associates, Inc.",
        "citeRegEx": "Gondal et al\\\\.,? 2019",
        "shortCiteRegEx": "Gondal et al\\\\.",
        "year": 2019
      },
      {
        "title": "Multi-object representation learning with iterative variational inference",
        "author": [
          "Klaus Greff",
          "Raphaël Lopez Kaufman",
          "Rishabh Kabra",
          "Nick Watters",
          "Christopher Burgess",
          "Daniel Zoran",
          "Loic Matthey",
          "Matthew Botvinick",
          "Alexander Lerchner"
        ],
        "venue": "In International conference on machine learning, pages 2424–2433. PMLR",
        "citeRegEx": "Greff et al\\\\.,? 2019",
        "shortCiteRegEx": "Greff et al\\\\.",
        "year": 2019
      },
      {
        "title": "Emergence of language with multi-agent games: Learning to communicate with sequences of symbols",
        "author": [
          "Serhii Havrylov",
          "Ivan Titov"
        ],
        "venue": "Advances in neural information processing systems, 30",
        "citeRegEx": "Havrylov et al\\\\.,? 2017",
        "shortCiteRegEx": "Havrylov et al\\\\.",
        "year": 2017
      },
      {
        "title": "Categorical reparameterization with gumbel-softmax, 2017",
        "author": [
          "Eric Jang",
          "Shixiang Gu",
          "Ben Poole"
        ],
        "venue": "URL .",
        "citeRegEx": "Jang et al\\\\.,? 2017",
        "shortCiteRegEx": "Jang et al\\\\.",
        "year": 2017
      },
      {
        "title": "Scalor: Generative world models with scalable object representations",
        "author": [
          "Jindong Jiang",
          "Sepehr Janghorbani",
          "Gerard De Melo",
          "Sungjin Ahn"
        ],
        "venue": "In International Conference on Learning Representations.",
        "citeRegEx": "",
        "shortCiteRegEx": "Jiang et al\\\\.",
        "year": null
      },
      {
        "title": "Inducing transformer's compositional generalization ability via auxiliary sequence prediction tasks",
        "author": [
          "Yichen Jiang",
          "Mohit Bansal"
        ],
        "venue": "In Proceedings of the",
        "citeRegEx": "Jiang et al\\\\.,? 2021",
        "shortCiteRegEx": "Jiang et al\\\\.",
        "year": 2021
      },
      {
        "title": "Zipf's law of abbreviation and the principle of least effort: Language users optimise a miniature lexicon for efficient communication",
        "author": [
          "Jasmeen Kanwal",
          "Kenny Smith",
          "Jennifer Culbertson",
          "Simon Kirby"
        ],
        "venue": "Cognition, 165:45–52, May",
        "citeRegEx": "Kanwal et al\\\\.,? 2017",
        "shortCiteRegEx": "Kanwal et al\\\\.",
        "year": 2017
      },
      {
        "title": "Measuring compositional generalization: A comprehensive method on realistic data",
        "author": [
          "Daniel Keysers",
          "Nathanael Schärli",
          "Nathan Scales",
          "Hylke Buisman",
          "Daniel Furrer",
          "Sergii Kashubin",
          "Nikola Momchev",
          "Danila Sinopalnikov",
          "Lukasz Stafiniak",
          "Tibor Tihon",
          "et al"
        ],
        "venue": "In International Conference on Learning Representations",
        "citeRegEx": "Keysers et al\\\\.,? 2019",
        "shortCiteRegEx": "Keysers et al\\\\.",
        "year": 2019
      },
      {
        "title": "Entropy minimization in emergent languages",
        "author": [
          "Eugene Kharitonov",
          "Rahma Chaabouni",
          "Diane Bouchacourt",
          "Marco Baroni"
        ],
        "venue": "In International Conference on Machine Learning, pages 5220–5230. PMLR",
        "citeRegEx": "Kharitonov et al\\\\.,? 2020",
        "shortCiteRegEx": "Kharitonov et al\\\\.",
        "year": 2020
      },
      {
        "title": "EGG: a toolkit for research on Emergence of lanGuage in Games",
        "author": [
          "Eugene Kharitonov",
          "Roberto Dessì",
          "Rahma Chaabouni",
          "Diane Bouchacourt",
          "Marco Baroni"
        ],
        "venue": "[https://github.com/](https://github.com/facebookresearch/EGG) [facebookresearch/EGG](https://github.com/facebookresearch/EGG)",
        "citeRegEx": "Kharitonov et al\\\\.,? 2021",
        "shortCiteRegEx": "Kharitonov et al\\\\.",
        "year": 2021
      },
      {
        "title": "Cogs: A compositional generalization challenge based on semantic interpretation",
        "author": [
          "Najoung Kim",
          "Tal Linzen"
        ],
        "venue": "In Proceedings of the",
        "citeRegEx": "Kim et al\\\\.,? 2020",
        "shortCiteRegEx": "Kim et al\\\\.",
        "year": 2020
      },
      {
        "title": "Kirby",
        "author": [
          "S"
        ],
        "venue": "Spontaneous evolution of linguistic structure - an iterated learning model of the emergence of regularity and irregularity. Evolutionary Computation, IEEE Transactions on, 5: 102 – 110, 05",
        "citeRegEx": "S et al\\\\.,? 2001",
        "shortCiteRegEx": "S et al\\\\.",
        "year": 2001
      },
      {
        "title": "Hurford",
        "author": [
          "Simon Kirby",
          "James R"
        ],
        "venue": "The Emergence of Linguistic Structure: An Overview of the Iterated Learning Model, pages 121–147. Springer London, London",
        "citeRegEx": "Kirby et al\\\\.,? 2002",
        "shortCiteRegEx": "Kirby et al\\\\.",
        "year": 2002
      },
      {
        "title": "Iterated learning and the evolution of language",
        "author": [
          "Simon Kirby",
          "Tom Griffiths",
          "Kenny Smith"
        ],
        "venue": "Current opinion in neurobiology, 28:108–114",
        "citeRegEx": "Kirby et al\\\\.,? 2014",
        "shortCiteRegEx": "Kirby et al\\\\.",
        "year": 2014
      },
      {
        "title": "Compression and communication in the cultural evolution of linguistic structure",
        "author": [
          "Simon Kirby",
          "Monica Tamariz",
          "Hannah Cornish",
          "Kenny Smith"
        ],
        "venue": "Cognition, 141:87–102",
        "citeRegEx": "Kirby et al\\\\.,? 2015",
        "shortCiteRegEx": "Kirby et al\\\\.",
        "year": 2015
      },
      {
        "title": "Additive decoders for latent variables identification and cartesian-product extrapolation",
        "author": [
          "Sébastien Lachapelle",
          "Divyat Mahajan",
          "Ioannis Mitliagkas",
          "Simon Lacoste-Julien"
        ],
        "venue": "Advances in Neural Information Processing Systems, 36:25112–25150",
        "citeRegEx": "Lachapelle et al\\\\.,? 2023",
        "shortCiteRegEx": "Lachapelle et al\\\\.",
        "year": 2023
      },
      {
        "title": "Generalization without systematicity: On the compositional skills of sequence-to-sequence recurrent networks",
        "author": [
          "Brenden Lake",
          "Marco Baroni"
        ],
        "venue": "In International conference on machine learning, pages 2873–2882. PMLR",
        "citeRegEx": "Lake et al\\\\.,? 2018",
        "shortCiteRegEx": "Lake et al\\\\.",
        "year": 2018
      },
      {
        "title": "Compositional generalization through meta sequence-to-sequence learning",
        "author": [
          "Brenden M Lake"
        ],
        "venue": "In H. Wallach, H. Larochelle, A. Beygelzimer, F. d'Alché-Buc, E. Fox, and R. Garnett, editors, Advances in Neural Information Processing Systems 32, pages 9791–9801. Curran Associates, Inc.",
        "citeRegEx": "Lake et al\\\\.,? 2019",
        "shortCiteRegEx": "Lake et al\\\\.",
        "year": 2019
      },
      {
        "title": "Human-like systematic generalization through a metalearning neural network",
        "author": [
          "Brenden M Lake",
          "Marco Baroni"
        ],
        "venue": "Nature, 623(7985):115–121",
        "citeRegEx": "Lake et al\\\\.,? 2023",
        "shortCiteRegEx": "Lake et al\\\\.",
        "year": 2023
      },
      {
        "title": "Building machines that learn and think like people",
        "author": [
          "Brenden M Lake",
          "Tomer D Ullman",
          "Joshua B Tenenbaum",
          "Samuel J Gershman"
        ],
        "venue": "Behavioral and brain sciences, 40:e253",
        "citeRegEx": "Lake et al\\\\.,? 2017",
        "shortCiteRegEx": "Lake et al\\\\.",
        "year": 2017
      },
      {
        "title": "Convention: A philosophical study",
        "author": [
          "David Kellogg Lewis"
        ],
        "venue": "",
        "citeRegEx": "Lewis et al\\\\.,? 1969",
        "shortCiteRegEx": "Lewis et al\\\\.",
        "year": 1969
      },
      {
        "title": "Ease-of-teaching and language structure from emergent communication, 2019",
        "author": [
          "Fushan Li",
          "Michael Bowling"
        ],
        "venue": "URL .",
        "citeRegEx": "Li et al\\\\.,? 2019",
        "shortCiteRegEx": "Li et al\\\\.",
        "year": 2019
      },
      {
        "title": "Improving generative imagination in object-centric world models",
        "author": [
          "Zhixuan Lin",
          "Yi-Fu Wu",
          "Skand Peri",
          "Bofeng Fu",
          "Jindong Jiang",
          "Sungjin Ahn"
        ],
        "venue": "In International conference on machine learning, pages 6140–6149. PMLR",
        "citeRegEx": "Lin et al\\\\.,? 2020",
        "shortCiteRegEx": "Lin et al\\\\.",
        "year": 2020
      },
      {
        "title": "Space: Unsupervised object-oriented scene representation via spatial attention and decomposition",
        "author": [
          "Zhixuan Lin",
          "Yi-Fu Wu",
          "Skand Vishwanath Peri",
          "Weihao Sun",
          "Gautam Singh",
          "Fei Deng",
          "Jindong Jiang",
          "Sungjin Ahn"
        ],
        "venue": "In International Conference on Learning Representations",
        "citeRegEx": "Lin et al\\\\.,? 2020",
        "shortCiteRegEx": "Lin et al\\\\.",
        "year": 2020
      },
      {
        "title": "Challenging common assumptions in the unsupervised learning of disentangled representations",
        "author": [
          "Francesco Locatello",
          "Stefan Bauer",
          "Mario Lucic",
          "Gunnar Raetsch",
          "Sylvain Gelly",
          "Bernhard Schölkopf",
          "Olivier Bachem"
        ],
        "venue": "In International Conference on Machine Learning, pages 4114–4124",
        "citeRegEx": "Locatello et al\\\\.,? 2019",
        "shortCiteRegEx": "Locatello et al\\\\.",
        "year": 2019
      },
      {
        "title": "Object-centric learning with slot attention",
        "author": [
          "Francesco Locatello",
          "Dirk Weissenborn",
          "Thomas Unterthiner",
          "Aravindh Mahendran",
          "Georg Heigold",
          "Jakob Uszkoreit",
          "Alexey Dosovitskiy",
          "Thomas Kipf"
        ],
        "venue": "Advances in neural information processing systems, 33:11525–11538",
        "citeRegEx": "Locatello et al\\\\.,? 2020",
        "shortCiteRegEx": "Locatello et al\\\\.",
        "year": 2020
      },
      {
        "title": "Ponti, Dieuwke Hupkes, and Elia Bruni",
        "author": [
          "Diana Rodr'iguez Luna",
          "E"
        ],
        "venue": "Internal and external pressures on language emergence: Least effort, object constancy and frequency. In Findings",
        "citeRegEx": "Luna et al\\\\.,? 2020",
        "shortCiteRegEx": "Luna et al\\\\.",
        "year": 2020
      },
      {
        "title": "dsprites: Disentanglement testing sprites dataset",
        "author": [
          "Loic Matthey",
          "Irina Higgins",
          "Demis Hassabis",
          "Alexander Lerchner"
        ],
        "venue": "https://github.com/deepmind/dsprites-dataset/",
        "citeRegEx": "Matthey et al\\\\.,? 2017",
        "shortCiteRegEx": "Matthey et al\\\\.",
        "year": 2017
      },
      {
        "title": "The role of disentanglement in generalisation",
        "author": [
          "Milton Llera Montero",
          "Casimir JH Ludwig",
          "Rui Ponte Costa",
          "Gaurav Malhotra",
          "Jeffrey Bowers"
        ],
        "venue": "In International Conference on Learning Representations",
        "citeRegEx": "Montero et al\\\\.,? 2021",
        "shortCiteRegEx": "Montero et al\\\\.",
        "year": 2021
      },
      {
        "title": "Show your work: Scratchpads for intermediate computation with language models, 2022",
        "author": [
          "Maxwell Nye",
          "Anders Johan Andreassen",
          "Guy Gur-Ari",
          "Henryk Michalewski",
          "Jacob Austin",
          "David Bieber",
          "David Dohan",
          "Aitor Lewkowycz",
          "Maarten Bosma",
          "David Luan",
          "Charles Sutton",
          "Augustus Odena"
        ],
        "venue": "URL .",
        "citeRegEx": "Nye et al\\\\.,? 2022",
        "shortCiteRegEx": "Nye et al\\\\.",
        "year": 2022
      },
      {
        "title": "Piantadosi, Harry Tily, and Edward Gibson",
        "author": [
          "Steven T"
        ],
        "venue": "The communicative function of ambiguity in language. Cognition, 122(3):280–291",
        "citeRegEx": "T et al\\\\.,? 2012",
        "shortCiteRegEx": "T et al\\\\.",
        "year": 2012
      },
      {
        "title": "Why think step by step? reasoning emerges from the locality of experience",
        "author": [
          "Ben Prystawski",
          "Michael Li",
          "Noah Goodman"
        ],
        "venue": "Advances in Neural Information Processing Systems, 36",
        "citeRegEx": "Prystawski et al\\\\.,? 2024",
        "shortCiteRegEx": "Prystawski et al\\\\.",
        "year": 2024
      },
      {
        "title": "Cohen, and Simon Kirby",
        "author": [
          "Yi Ren",
          "Shangmin Guo",
          "Matthieu Labeau",
          "Shay B"
        ],
        "venue": "Compositional languages emerge in a neural iterated learning model. In International Conference on Learning Representations",
        "citeRegEx": "Ren et al\\\\.,? 2020",
        "shortCiteRegEx": "Ren et al\\\\.",
        "year": 2020
      },
      {
        "title": "Improving compositional generalization using iterated learning and simplicial embeddings",
        "author": [
          "Yi Ren",
          "Samuel Lavoie",
          "Michael Galkin",
          "Danica J Sutherland",
          "Aaron C Courville"
        ],
        "venue": "Advances in Neural Information Processing Systems, 36",
        "citeRegEx": "Ren et al\\\\.,? 2024",
        "shortCiteRegEx": "Ren et al\\\\.",
        "year": 2024
      },
      {
        "title": "\"LazImpa\": Lazy and impatient neural agents learn to communicate efficiently",
        "author": [
          "Mathieu Rita",
          "Rahma Chaabouni",
          "Emmanuel Dupoux"
        ],
        "venue": "In Raquel Fernández and Tal Linzen, editors, Proceedings of the 24th Conference on Computational Natural Language Learning, pages 335–343, Online, November",
        "citeRegEx": "Rita et al\\\\.,? 2020",
        "shortCiteRegEx": "Rita et al\\\\.",
        "year": 2020
      },
      {
        "title": "Emergent communication: Generalization and overfitting in lewis games",
        "author": [
          "Mathieu Rita",
          "Corentin Tallec",
          "Paul Michel",
          "Jean-Bastien Grill",
          "Olivier Pietquin",
          "Emmanuel Dupoux",
          "Florian Strub"
        ],
        "venue": "In Alice H. Oh, Alekh Agarwal, Danielle Belgrave, and Kyunghyun Cho, editors, Advances in Neural Information Processing Systems",
        "citeRegEx": "Rita et al\\\\.,? 2022",
        "shortCiteRegEx": "Rita et al\\\\.",
        "year": 2022
      },
      {
        "title": "A benchmark for systematic generalization in grounded language understanding",
        "author": [
          "Laura Ruis",
          "Jacob Andreas",
          "Marco Baroni",
          "Diane Bouchacourt",
          "Brenden M Lake"
        ],
        "venue": "Advances in Neural Information Processing Systems, 33",
        "citeRegEx": "Ruis et al\\\\.,? 2020",
        "shortCiteRegEx": "Ruis et al\\\\.",
        "year": 2020
      },
      {
        "title": "Improving systematic generalization through modularity and augmentation",
        "author": [
          "LE Ruis",
          "Brenden Lake"
        ],
        "venue": "In Proceedings of the Annual Meeting of the Cognitive Science Society, volume 44",
        "citeRegEx": "Ruis et al\\\\.,? 2022",
        "shortCiteRegEx": "Ruis et al\\\\.",
        "year": 2022
      },
      {
        "title": "Spreading vectors for similarity search",
        "author": [
          "Alexandre Sablayrolles",
          "Matthijs Douze",
          "Cordelia Schmid",
          "Hervé Jégou"
        ],
        "venue": "In International Conference on Learning Representations",
        "citeRegEx": "Sablayrolles et al\\\\.,? 2019",
        "shortCiteRegEx": "Sablayrolles et al\\\\.",
        "year": 2019
      },
      {
        "title": "Visual representation learning does not generalize strongly within the same domain",
        "author": [
          "Lukas Schott",
          "Julius Von Kügelgen",
          "Frederik Träuble",
          "Peter Vincent Gehler",
          "Chris Russell",
          "Matthias Bethge",
          "Bernhard Schölkopf",
          "Francesco Locatello",
          "Wieland Brendel"
        ],
        "venue": "In International Conference on Learning Representations",
        "citeRegEx": "Schott et al\\\\.,? 2022",
        "shortCiteRegEx": "Schott et al\\\\.",
        "year": 2022
      },
      {
        "title": "Facenet: A unified embedding for face recognition and clustering",
        "author": [
          "Florian Schroff",
          "Dmitry Kalenichenko",
          "James Philbin"
        ],
        "venue": "In",
        "citeRegEx": "Schroff et al\\\\.,? 2015",
        "shortCiteRegEx": "Schroff et al\\\\.",
        "year": 2015
      },
      {
        "title": "Iterated learning: A framework for the emergence of language",
        "author": [
          "Kenny Smith",
          "Simon Kirby",
          "Henry Brighton"
        ],
        "venue": "Artificial Life, 9(4):371–386",
        "citeRegEx": "Smith et al\\\\.,? 2003",
        "shortCiteRegEx": "Smith et al\\\\.",
        "year": 2003
      },
      {
        "title": "Lewis's signaling game as beta-vae for natural word lengths and segments, 2024",
        "author": [
          "Ryo Ueda",
          "Tadahiro Taniguchi"
        ],
        "venue": "URL .",
        "citeRegEx": "Ueda et al\\\\.,? 2024",
        "shortCiteRegEx": "Ueda et al\\\\.",
        "year": 2024
      },
      {
        "title": "Neural ´ execution of graph algorithms",
        "author": [
          "Petar Velickovi ˇ c",
          "Rex Ying",
          "Matilde Padovano",
          "Raia Hadsell",
          "Charles Blundell"
        ],
        "venue": "In International Conference on Learning Representations",
        "citeRegEx": "c et al\\\\.,? 2020",
        "shortCiteRegEx": "c et al\\\\.",
        "year": 2020
      },
      {
        "title": "Oliphant, Matt Haberland, Tyler Reddy, David Cournapeau, Evgeni Burovski, Pearu Peterson, Warren Weckesser, Jonathan Bright, Stéfan J",
        "author": [
          "Pauli Virtanen",
          "Ralf Gommers",
          "Travis E"
        ],
        "venue": "van der Walt, Matthew Brett, Joshua Wilson, K. Jarrod Millman, Nikolay Mayorov, Andrew R. J. Nelson, Eric Jones, Robert Kern, Eric Larson, C J Carey, ˙Ilhan Polat, Yu Feng, Eric W. Moore, Jake VanderPlas, Denis Laxalde, Josef Perktold, Robert Cimrman, Ian Henriksen, E. A. Quintero, Charles R. Harris, Anne M. Archibald, Antônio H. Ribeiro, Fabian Pedregosa, Paul van Mulbregt, and SciPy 1.0 Contributors. SciPy 1.0: Fundamental Algorithms for Scientific Computing in Python. Nature Methods, 17:261–272",
        "citeRegEx": "Virtanen et al\\\\.,? 2020",
        "shortCiteRegEx": "Virtanen et al\\\\.",
        "year": 2020
      },
      {
        "title": "Chain-of-thought prompting elicits reasoning in large language models",
        "author": [
          "Jason Wei",
          "Xuezhi Wang",
          "Dale Schuurmans",
          "Maarten Bosma",
          "Fei Xia",
          "Ed Chi",
          "Quoc V Le",
          "Denny Zhou",
          "et al"
        ],
        "venue": "Advances in neural information processing systems, 35:24824–24837",
        "citeRegEx": "Wei et al\\\\.,? 2022",
        "shortCiteRegEx": "Wei et al\\\\.",
        "year": 2022
      },
      {
        "title": "Function optimization using connectionist reinforcement learning algorithms",
        "author": [
          "Ronald Williams",
          "Jing Peng"
        ],
        "venue": "Connection Science, 3:241–, 09",
        "citeRegEx": "Williams et al\\\\.,? 1991",
        "shortCiteRegEx": "Williams et al\\\\.",
        "year": 1991
      },
      {
        "title": "Simple statistical gradient-following algorithms for connectionist reinforcement learning",
        "author": [
          "Ronald J Williams"
        ],
        "venue": "Machine learning, 8:229–256",
        "citeRegEx": "Williams et al\\\\.,? 1992",
        "shortCiteRegEx": "Williams et al\\\\.",
        "year": 1992
      },
      {
        "title": "Compositional generalization in unsupervised compositional representation learning: A study on disentanglement and emergent language, 2022",
        "author": [
          "Zhenlin Xu",
          "Marc Niethammer",
          "Colin Raffel"
        ],
        "venue": "URL .",
        "citeRegEx": "Xu et al\\\\.,? 2022",
        "shortCiteRegEx": "Xu et al\\\\.",
        "year": 2022
      },
      {
        "title": "Compositional generalization in unsupervised compositional representation learning: A study on disentanglement and emergent language",
        "author": [
          "Zhenlin Xu",
          "Marc Niethammer",
          "Colin A Raffel"
        ],
        "venue": "Advances in Neural Information Processing Systems, 35:25074–25087",
        "citeRegEx": "Xu et al\\\\.,? 2022",
        "shortCiteRegEx": "Xu et al\\\\.",
        "year": 2022
      },
      {
        "title": "Efros, Eli Shechtman, and Oliver Wang",
        "author": [
          "Richard Zhang",
          "Phillip Isola",
          "Alexei A"
        ],
        "venue": "The unreasonable effectiveness of deep features as a perceptual metric. In",
        "citeRegEx": "Zhang et al\\\\.,? 2018",
        "shortCiteRegEx": "Zhang et al\\\\.",
        "year": 2018
      },
      {
        "title": "Iterated learning improves compositionality in large vision-language models",
        "author": [
          "Chenhao Zheng",
          "Jieyu Zhang",
          "Aniruddha Kembhavi",
          "Ranjay Krishna"
        ],
        "venue": "In Proceedings of the IEEE/CVF Conference on Computer Vision and Pattern Recognition, pages 13785–13795",
        "citeRegEx": "Zheng et al\\\\.,? 2024",
        "shortCiteRegEx": "Zheng et al\\\\.",
        "year": 2024
      },
      {
        "title": "Fortuitous forgetting in connectionist networks, 2022",
        "author": [
          "Hattie Zhou",
          "Ankit Vani",
          "Hugo Larochelle",
          "Aaron Courville"
        ],
        "venue": "URL .",
        "citeRegEx": "Zhou et al\\\\.,? 2022",
        "shortCiteRegEx": "Zhou et al\\\\.",
        "year": 2022
      },
      {
        "title": "Zipf",
        "author": [
          "George K"
        ],
        "venue": "Human Behaviour and the Principle of Least Effort. Addison-Wesley",
        "citeRegEx": "K et al\\\\.,? 1949",
        "shortCiteRegEx": "K et al\\\\.",
        "year": 1949
      }
    ]
  }
}