{
  "forum_id": "0IStUxUDGJ",
  "metadata": {
    "source": "NeurIPS",
    "year": 2025,
    "title": "Sculpting Features from Noise: Reward-Guided Hierarchical Diffusion for Task-Optimal Feature Transformation",
    "abstractText": "Feature Transformation (FT) crafts new features from original ones via mathematical operations to enhance dataset expressiveness for downstream models. However, existing FT methods exhibit critical limitations: discrete search struggles with enormous combinatorial spaces, impeding practical use; and continuous search, being highly sensitive to initialization and step sizes, often becomes trapped in local optima, restricting global exploration. To overcome these limitations, DIFFT redefines FT as a reward-guided generative task. It first learns a compact and expressive latent space for feature sets using a Variational Auto-Encoder (VAE). A Latent Diffusion Model (LDM) then navigates this space to generate high-quality feature embeddings, its trajectory guided by a performance evaluator towards task-specific optima. This synthesis of global distribution learning (from LDM) and targeted optimization (reward guidance) produces potent embeddings, which a novel semi-autoregressive decoder efficiently converts into structured, discrete features, preserving intra-feature dependencies while allowing parallel inter-feature generation. Extensive experiments on 14 benchmark datasets show DIFFT consistently outperforms state-of-the-art baselines in predictive accuracy and robustness, with significantly lower training and inference times. Our code and data are publicly available at https://github.com/NanxuGong/DIFFT",
    "sections": [
      {
        "heading": "1 Introduction",
        "text": "In real-world practices, raw data features often contain imperfections and complex interdependencies that hinder model performance. To address the challenges, Feature Transformation (FT) has been widely used, because it can reconstruct distance measures, reshape discriminative patterns, and enhance data AI readiness (structural, predictive, interaction, and expression levels). Given a raw feature set  $\\mathcal{F}_{\\text{raw}} = [f_1, f_2, \\ldots, f_n]$  and an operator set  $\\mathcal{O}$  (e.g.,  $\\log, +, *$ ), feature transformation aims to apply mathematical operations to original features and construct a better feature set, for instance,  $[f_1 * f_2, \\log f_3, f_4 + f_5]$ . In this paper, we study the FT problem that aims to apply mathematical operations to cross original features and create a better feature set.\n\nIn prior literature, manual transformation heavily relies on domain knowledge with limited generalization. Discrete search methods explore feature-operator combinations using reinforcement learning, evolutionary algorithms, and genetic programming [6, 29, 26, 7]. However, these approaches suffer\n\n<sup>\\*</sup>Equal contribution\n\n<sup>†</sup>Corresponding author\n\n![](_page_1_Figure_0.jpeg)\n\nFigure 1: Motivation example. Discrete search methods explore various feature combinations directly, but are often challenged by the sheer scale of the resulting combinatorial space. Continuous search methods, on the other hand, iteratively refine solutions from initial or current points, yet frequently converge to local optima. In contrast, our proposed reward-guided generation paradigm, by leveraging the global sampling ability of diffusion models, aims to discover solutions closer to the global optimum.\n\nfrom the large combinatorial discrete search space. With the rise of GenAI and the concept of any modality as language tokens, researchers see feature sets as token sequences. For instance, a transformed feature set [f<sup>1</sup> ∗ f2, log f3, f<sup>4</sup> +f5] can be represented by a postfix expression: \"f<sup>1</sup> f<sup>2</sup> ∗, f<sup>3</sup> log, f<sup>4</sup> f<sup>5</sup> +\" to reduce sequence length and ambiguity. FT therefore is reduced into a GenAI task: learning to generate a task-optimal feature token sequence given tasking data. Existing solutions follow an embedding-search-generation paradigm [\\[27,](#page-11-2) [31,](#page-11-3) [28\\]](#page-11-4): i) learning feature token sequence embeddings; ii) gradient ascent of optimal feature set embeddings; iii) autoregressive decoding of identified embeddings into transformed tables. The key idea is gradient search of optimal feature set embedding in a continuous embedding space, instead of search in the large discrete space.\n\nAlthough the continuous search paradigm of generative FT introduces computational benefits, there are two major challenges. First, the continuous gradient search can get stuck in a local optima and is sensitive to initialization and search boundaries, leading to low robustness. A question that triggers our curiosity is: how can we better learn a generalized representation space describing all high or low-performance feature transformations on tasking data? Second, autoregressive decoding assumes that two consecutive features in a sequence are dependent, and, thus, considers redundant contexts and long attentions and is time-costly. For instance, while the tokens in one transformed feature f<sup>1</sup> ∗ f<sup>3</sup> are interdependent, f<sup>1</sup> ∗ f<sup>3</sup> is not dependent on another transformed feature log(f3). Another interesting question is: how can we enhance generative efficiency without compromising feature transformation embedding decoding quality? Thus, we need a new learning paradigm that goes beyond the continuous search paradigm in a static embedding space.\n\nThe Opportunity. As one of the generative frameworks, diffusion models learn the data distribution by training on a forward noising process that incrementally adds noise to input data and a reverse denoising process that reconstructs the data step-by-step, in order to capture the probability landscape of the data. Once trained, the reverse diffusion process can be guided—either conditionally or through optimization cues—to sample the most probable or desirable data points from the learned distribution in a generative fashion. This offers a compelling alternative to continuous gradient search.\n\nOur Insights: an integrated reward-guided diffusion and hierarchical decoding paradigm. We formulate generative FT as a diffusion generation task, instead of a gradient search task. To overcome the limitations of gradient search, our first insight is optimization as reward-guided diffusion generation. The idea is to leverage forward diffusion and reverse diffusion to learn the global and generalizable distribution of feature set embedding space, then leverage reward (gradient from a performance evaluator) to guide the feature set embedding generation towards performance maximization. The reward guidance is interpreted as aligning diffusion trajectories with reward optimization paths to combine global distribution with local refinement. To overcome the limitations of autoregressive decoding, we propose a hierarchical semi-autoregressive decoding method. We divide a feature token sequence into multiple chunks (e.g., \"f<sup>1</sup> f<sup>2</sup> ∗, f<sup>3</sup> log, f<sup>4</sup> f<sup>5</sup> +\" has 3 chunks), each of which is one transformed feature (e.g., \"f<sup>1</sup> f<sup>2</sup> ∗\" is one feature). We adopt a hierarchical strategy to firstly predict how many feature chunks to generate and then autoregress the token sequence of each chunk. This can enable parallel decoding to improve efficiency of decoding a feature token sequence for transformation. Collectively, these insights allow us to frame FT not as a search problem within a discrete or continuous space, but as a guided generative task. Figure [1](#page-1-0) visually encapsulates this paradigm shift. It contrasts our diffusion-based generation approach with prior discrete and continuous search methodologies, highlighting how leveraging the global sampling\n\n![](_page_2_Figure_0.jpeg)\n\nFigure 2: Framework overview. The framework consists of three key components: 1) a VAE that encodes feature sequences into latent embeddings via a semi-autoregressive decoder; 2) a LDM trained to model the distribution of effective embeddings conditioned on tabular semantics; and 3) a reward-guided sampling process that leverages gradients from a performance evaluator to steer the generation of high-quality feature embeddings, which are then decoded into final feature sets.\n\ncapabilities of diffusion and reward guidance can overcome the inherent limitations of large search spaces and local optima that challenged previous techniques.\n\nSummary of Proposed Approach. Inspired by these insights, we propose a Reward-Guided Diffusion Framework for Semi-Autoregressive Generative FT (DIFFT). Our method includes a Variational Auto-Encoder (VAE) that learns compact embeddings of feature token sequences, an evaluator network that guides the sampling process during inference in reverse diffusion, and a Latent Diffusion Model (LDM) that generates task-optimal feature set embeddings within the learned latent space. In particular, given tasking data, we explore and collect the performance of different transformed feature sets (represented by feature token sequences) as training data. The VAE encoder is trained to encode these feature token sequences into embedding vectors, while the VAE decoder predicts the number of features in the output feature token sequence, then autoregresses each transformed feature in a step-by-step manner. After training the VAE, the feature token sequence embedding vectors of training data are exploited to learn the LDM as a denoising generative model in the embedding space. After training the LDM, we extract gradient information from the evaluator that estimates the performance of feature set sequence embeddings to guide the reverse denoising diffusion to generate (a.k.a, sample) task-optimal feature token sequence embeddings. Finally, we use the VAE decoder to decode the task-optimal embedding into a transformed feature set to augment input data.\n\nOur Contributions. 1) We tackle FT as a GenAI task and develop an integrated reward-guided diffusion and hierarchical decoding paradigm. 2) We convert task-optimal FT search as evaluator-steered reverse diffusion, in which diffusion models learn feature set embedding distribution, then conduct generative sampling of the desirable embedding. 3) We design a semi-autoregressive decoding strategy (i.e., predicting feature number then generating token sequence of each feature) to parallelize decoding and advance efficiency."
      },
      {
        "heading": "2 Diffusion Feature Transformation",
        "text": ""
      },
      {
        "heading": "2.1 Framework Overview",
        "text": "Figure 2 shows that our method has three core components: (1) a Variational Auto-Encoder for feature knowledge learning; (2) a Latent Diffusion Model for embedding generation; and (3) a reward-guided sampling mechanism for performance-aware feature transformation. In step 1, we construct a VAE with an encoder that maps discrete feature sequences into a compact latent space, and a semi-autoregressive decoder that reconstructs each feature sequence by first predicting the number of features and then generating each feature autoregressively. Additionally, we train a performance evaluator to predict the utility of latent embeddings for downstream tasks. In step 2, we use the VAE encoder to obtain latent representations of training feature sets and train an LDM as a denoising generative model to capture the distribution of effective embeddings. In step 3, during inference, we incorporate the evaluator's gradients into the denoising process, guiding the diffusion model to generate embeddings that are optimized for downstream performance. The generated embeddings are\n\nthen decoded via the semi-autoregressive decoder to produce high-quality feature sets. We provide more information on important concepts in Appendix A."
      },
      {
        "heading": "2.2 Embedding: Learning the Embedding Space of Feature Sets on Tasking Data",
        "text": "We construct a representation learning model (i.e., a variational probabilistic autoencoder structure) to encode discrete feature token sequences into embedding vectors in a compact and informative embedding space, and a feature utility evaluator to predict the performance of a feature set given the corresponding feature token sequence embedding. Figure 2(A) shows our model includes an encoder, an evaluator, and a decoder.\n\nStep 1: Transformer-based Seq2Vec Encoder. Given a discrete feature token sequence  $\\mathcal{F} = \\{f_1, f_2, \\dots, f_T\\}$ , the encoder  $E_{\\phi}(\\cdot)$  encodes the feature sequence into a latent vector  $\\mathbf{z}$ , which is sampled from a latent distribution  $q_{\\phi}(\\mathbf{z}|\\mathcal{F}) = \\mathcal{N}(\\mu, \\sigma^2)$ . To reshape the distribution of the latent space into Gaussian, we impose a KL divergence to measure and minimize the distance between the embedding space posterior distribution and a standard Gaussian prior:\n\n$$\\mathcal{L}_{KL} = KL(q_{\\phi}(\\mathbf{z}|\\mathcal{F})||p(\\mathbf{z})). \\tag{1}$$\n\nStep 2: Hierarchical Decoder with Position Embedding. The decoder is to generate a feature sequence from a given latent vector  $\\mathbf{z}$ . When the decoder's input is the decoder's output embedding, the task is reduced to reconstruct the original feature set. Unlike natural languages, a feature set, although tokenized as a feature token sequence, has no current-past feature dependencies. For instance, in the feature sequence  $f_1 + f_2, f_2/f_3$ , the second feature token segmentation  $f_2/f_3$  is not dependent on the first feature token segmentation  $f_1 + f_2$ . Only the token sequence within a single feature segmentation (e.g.,  $f_1 + f_2$ ) exhibits sequential dependencies. We name a tokenized feature set as a compositional sequence.\n\nTo model the compositional sequence structure, we propose a hierarchical decoder that adopts a two-level (inter-feature and intra-feature) generation strategy. Specifically, at the inter-feature level, the decoder predicts how many features we should generate as a feature set, which is modeled as a categorical distribution using the embedding of the feature set. Formally, let T be the number of features,  $p_{\\theta}$  denote the decoder's conditional probability distribution parameterized by  $\\theta$ , the feature size prediction is trained by minimizing a standard cross-entropy loss:\n\n$$\\mathcal{L}_{cot} = -\\log p_{\\theta}(T|\\mathbf{z}). \\tag{2}$$\n\nAfter predicting the size of the feature set to decode, the decoder independently generates each feature in parallel. At the intra-feature level, the decoder autoregressively generates each feature token segmentation starting with a special token of \"BOS\". Formally, let  $f_t^{(k)}$  be the k-th token of the t-th feature,  $L_t$  is the total token number of  $f_t$ . The feature token sequence reconstruction is learned by optimizing a token-level cross-entropy loss over all the predicted features:\n\n$$\\mathcal{L}_{rec} = -\\sum_{t=1}^{T} \\sum_{k=1}^{L_t} \\log p_{\\theta}(f_t^{(k)} | f_t^{(< k)}, \\mathbf{z}).$$\n (3)\n\nStep 3: Incorporating The Evaluator. To incorporate performance guidance, we construct a lightweight regression evaluator to predict the downstream task performance of a feature set, based on the feature set's embedding. Formally,  $R_{\\psi}(\\cdot)$  is a regression function, y is the real downstream task performance of a feature set. The evaluator is trained by minimizing a mean squared error loss:\n\n$$\\mathcal{L}_{eva} = \\left\\| R_{\\psi}(\\mathbf{z}) - y \\right\\|^2,\\tag{4}$$\n\n**Solving the Optimization Problem.** The encoder-decoder-evaluator structure is trained end-to-end by jointly optimizing the losses of Gaussian regularization, feature set size prediction, feature set reconstruction, and feature set performance evaluation:\n\n$$\\mathcal{L} = \\mathcal{L}_{rec} + \\alpha \\mathcal{L}_{cot} + \\beta \\mathcal{L}_{eva} + \\gamma \\mathcal{L}_{KL}, \\tag{5}$$\n\nwhere  $\\alpha$ ,  $\\beta$ , and  $\\gamma$  are the weights of corresponding loss terms.\n\n**Finally**, after the encoder, decoder, and evaluator are trained, the encoder can create a continuous embedding space to map various transformed feature sets on a specific dataset into embedding vectors,\n\nthus laying a foundation for the diffusion model to learn and generalize the distributions from these embedding vectors; the evaluator can provide performance-optimal directions to enable diffusion models to sample (a.k.a., generate) the best transformed feature set embedding from the distribution via maximized likelihood estimation; the decoder, if well trained, can decode the best transformed feature set embedding into a feature token sequence."
      },
      {
        "heading": "2.3 Distribution: Diffusion Model of Probabilistic Feature Embedding Space",
        "text": "After completing the embedding step, we utilize the learned encoder to project various feature token sequences (i.e., potential feature transformations) into embedding vectors. The embedding vectors of potential feature transformations can be seen as samples that jointly form a distribution about how feature performances are probabilistically spread across various feature set embeddings. This provides a new probabilistic angle: if we can describe the distribution of feature set embeddings over performance, we can identify the best feature transformation plan for a dataset by generating the mean feature set embedding with the highest probability from the distribution. The Latent Diffusion Model (LDM) exhibits the ability to learn distributions from noisy and limited data in reverse diffusion and generate performant samples from the distribution. This ability provides great potential for us to derive the distribution of feature set embeddings and identify the best feature set transformation. We next introduce the feature set embedding diffusion model.\n\nLeveraging Feature Sets as Attributed Graphs and Graph Embedding for Diffusion Conditioning. To steer diffusion generation, we condition the diffusion process on an external representation that captures distributional semantics of the original raw dataset to transform. Specifically, we convert a feature token sequence into a tabular modality, by applying the feature token sequence to the raw data matrix, resulting in a transformed table. Based on the transformed table, we construct a feature-feature attributed graph, where nodes are features (columns) and edge weights are feature-feature similarities to represent tabular feature space topology, interaction, and semantics. We then exploit a Graph Convolutional Network (GCN) to learn an embedding of this graph. In this way, a feature token sequence, corresponding to its transformed table and feature-feature interaction graph, is associated with a graph embedding vector. After that, we leverage this graph embedding as a conditioning signal during both training and sampling. Such conditioning strategy allows the diffusion model to generate embedding vectors aligned with the structure, topology, and semantics of the targeted tasking dataset to transform, enabling coherent and meaningful feature generation. Appendix B provides details about the diffusion condition acquisition.\n\n**Learning Feature Transformation Diffusion Model.** Because we regard a transformed feature set as a feature token sequence, not an image, we choose a Transformer-based denoiser [33], instead of the conventional UNet architecture. Our diffusion model includes a Transformer-encoder of L blocks that apply sequentially to the current latent state  $\\mathbf{z}_t$ . For the  $\\ell$ -th block, we compute\n\n$$\\mathbf{h}^{(\\ell,1)} = \\mathrm{SA}(\\mathrm{AdaLN}_t(\\mathbf{h}^{(\\ell-1)})),\\tag{6}$$\n\n$$\\mathbf{h}^{(\\ell,2)} = \\mathrm{CA}(\\mathrm{AdaLN}_t(\\mathbf{h}^{(\\ell,1)}), \\mathbf{c}), \\tag{7}$$\n\n$$\\mathbf{h}^{(\\ell)} = \\text{FFN}(\\mathbf{h}^{(\\ell,2)}),\\tag{8}$$\n\nwhere **SA** is self-attention over latent tokens, **CA** cross-attends to the condition embedding  $\\mathbf{c}$ , and **FFN** is a two-layer feed-forward network. The timestep t enters through the AdaLayerNorm modulation [21], and the condition  $\\mathbf{c} = \\mathrm{MLP_{cond}}(\\mathbf{g})$  is obtained by passing the tabular embedding  $\\mathbf{g}$  through slight MLPs. The network predicts the noise  $\\epsilon_{\\theta}(\\mathbf{z}_t, t, \\mathbf{c})$  and is trained with the standard latent diffusion loss  $\\mathcal{L}_{\\mathrm{LDM}} = \\mathbb{E} \\big[ \\| \\boldsymbol{\\epsilon} - \\boldsymbol{\\epsilon}_{\\theta}(\\mathbf{z}_t, t, \\mathbf{c}) \\|_2^2 \\big]$ . Appendix D.4 details the training of the diffusion model."
      },
      {
        "heading": "2.4 Optimization as Generative Sampling: Reward-guided Optimal Feature Set Embedding Generation",
        "text": "Given a target reward a that indicates a high utility of features to generate, we follow the gradient-steered sampler of RCGDM [32] to consider the latent  $\\mathbf{z}$  as Gaussian and develop our reverse process. At each denoising step, we first evaluate  $\\nabla_{\\mathbf{z}} \\log p_t(y=a\\mid \\mathbf{z}) \\approx -\\frac{1}{\\sigma^2} \\nabla_{\\mathbf{z}} \\left[\\frac{1}{2} (R_{\\psi}(\\mathbf{z})-a)^2\\right]$ , where  $R_{\\psi}$  is the pretrained evaluator and  $\\sigma^2$  is a hyper-parameter. The DDIM update [22] then becomes\n\n$$\\mathbf{z}_{t-1} = \\sqrt{\\alpha_{t-1}} \\left( \\mathbf{z}_t - \\frac{1 - \\alpha_t}{\\sqrt{1 - \\bar{\\alpha}_t}} \\left[ \\boldsymbol{\\epsilon}_{\\theta}(\\mathbf{z}_t, t, \\mathbf{c}) - \\lambda \\nabla_{\\mathbf{z}} \\left( \\frac{1}{2} (R_{\\psi}(\\mathbf{z}_t) - a)^2 \\right) \\right] \\right) + \\sqrt{1 - \\alpha_{t-1}} \\, \\boldsymbol{\\eta}_t, \\quad (9)$$\n\nwith λ = 1/σ<sup>2</sup> controlling the strength of reward guidance and η<sup>t</sup> ∼ N (0, I) the optional stochasticity. Note that we do not apply classifier-free guidance [\\[10\\]](#page-10-2) in our model, since the reward guidance we employ shares the same fundamental principle as classifier-based guidance, which is approximating the conditional score ∇logpt(x<sup>t</sup> | y) [\\[5\\]](#page-10-3). Upon completion, the final latent zˆ<sup>0</sup> is decoded by the semi-autoregressive decoder to yield a feature set that is syntactically valid and empirically high-reward."
      },
      {
        "heading": "2.5 Hierarchical Decoding: Semi-autoregressive Feature Set Reconstruction from Optimal Embedding",
        "text": "After the reverse process samples or generates the optimal high-reward feature set embedding from the embedding distribution, we leverage the learned decoder to decode the optimal embedding into a feature token sequence, in order to obtain a new transformation. The hierarchical decoding includes two steps: 1) predict feature size; 2) autoregress the token sequence of each feature chunk. Formally, the decoder first predicts the number of features T:\n\n$$T \\sim p_{\\theta}(T \\mid \\hat{\\mathbf{z}}_0).$$\n\nFor each feature chunk ft, the decoder generates its token sequence in an autoregressive manner:\n\n$$f_t^{(k)} \\sim p_{\\theta}(f_t^{(k)} \\mid f_t^{(< k)}, \\hat{\\mathbf{z}}_0), \\quad k = 1, \\dots, L_t.$$\n\nThis semi-autoregressive decoding strategy enables parallel generation across feature chunks while maintaining autoregressive modeling within each feature, balancing efficiency and generation quality."
      },
      {
        "heading": "3 Experiments",
        "text": "We conduct extensive experiments on public datasets to evaluate the effectiveness, efficiency, and robustness of our method. The experiments are organized to answer the following research questions: RQ1: Does the proposed method perform better than the baselines? RQ2: Do reward-guided diffusion and semi-autoregressive generation contribute to the overall effectiveness and efficiency of the framework? RQ3: Is the proposed method efficient compared with baselines? RQ4: Is the proposed method robust when collaborating with different downstream ML models? RQ5: How does guidance strength in generation affect performance?"
      },
      {
        "heading": "3.1 Experimental Setup",
        "text": "We collect 14 public datasets from LibSVM, UCIrvine, and OpenML to conduct experiments. The datasets are classified into two predictive tasks: classification and regression. We employ random forest as the default downstream model and use F-1 score and 1- relative absolute error (RAE) to measure the performance of classification task and regression task respectively. We compare the proposed method with 10 widely-used algorithms: RDG, PCA [\\[18\\]](#page-10-4), LDA [\\[3\\]](#page-10-5), ERG, AFAT [\\[11\\]](#page-10-6), NFS [\\[4\\]](#page-10-7), TTG [\\[15\\]](#page-10-8), GRFG [\\[26\\]](#page-11-1), MOAT [\\[27\\]](#page-11-2), ELLM [\\[6\\]](#page-10-0). More details about datasets and baselines can be found in Appendix [D.](#page-21-0)\n\nTo comprehensively evaluate the effectiveness of each component, we introduce four ablation variants of DIFFT: 1) *AR* employs a fully autoregressive generation strategy in the VAE decoder, replacing our semi-autoregressive design; 2) *NAR* adopts a fully non-autoregressive decoder to assess the importance of intra-feature dependency modeling; 3) *NoR* removes reward guidance during diffusion to examine the role of performance-aware optimization; 4) *CS* eliminates the diffusion model and instead applies a conventional continuous search method in the latent space to validate the effectiveness of the diffusion model."
      },
      {
        "heading": "3.2 Overall Comparison (RQ1)",
        "text": "Table [1](#page-6-0) reports the performance across 14 benchmark datasets. DIFFT consistently achieves the best results on all datasets, demonstrating strong effectiveness and robustness across a wide range of tasks. For example, on Messidor Features, DIFFT achieves an accuracy of 0.757, substantially higher than the second-best method ELLM with 0.699. On Openml\\_618, DIFFT reaches 0.632, outperforming MOAT with 0.477 and other baselines by a significant margin. This performance\n\nTable 1: Overall comparison. We conduct experiments on 14 datasets to explore the performance of the proposed method. The best results for each dataset are highlighted in bold, and the second-best results are underlined.\n\n| Dataset           | RDG   | PCA    | LDA    | ERG   | AFAT  | NFS   | TTG   | GRFG  | MOAT  | ELLM  | DIFFT |\n|-------------------|-------|--------|--------|-------|-------|-------|-------|-------|-------|-------|-------|\n| SpectF            | 0.760 | 0.709  | 0.665  | 0.792 | 0.792 | 0.760 | 0.776 | 0.796 | 0.848 | 0.837 | 0.877 |\n| SVMGuide3         | 0.789 | 0.676  | 0.635  | 0.764 | 0.795 | 0.785 | 0.766 | 0.804 | 0.821 | 0.826 | 0.866 |\n| German Credit     | 0.657 | 0.679  | 0.597  | 0.711 | 0.639 | 0.677 | 0.680 | 0.722 | 0.738 | 0.741 | 0.747 |\n| Messidor Features | 0.686 | 0.672  | 0.463  | 0.602 | 0.634 | 0.649 | 0.626 | 0.694 | 0.644 | 0.699 | 0.757 |\n| SpamBase          | 0.921 | 0.816  | 0.885  | 0.923 | 0.920 | 0.925 | 0.921 | 0.928 | 0.930 | 0.928 | 0.931 |\n| Ap-omentum-ovary  | 0.849 | 0.736  | 0.696  | 0.830 | 0.845 | 0.845 | 0.830 | 0.830 | 0.849 | 0.849 | 0.885 |\n| Ionosphere        | 0.898 | 0.928  | 0.743  | 0.914 | 0.899 | 0.899 | 0.927 | 0.928 | 0.928 | 0.942 | 0.971 |\n| Openml_586        | 0.532 | 0.205  | 0.061  | 0.542 | 0.549 | 0.553 | 0.551 | 0.550 | 0.607 | 0.611 | 0.647 |\n| Openml_589        | 0.509 | 0.222  | 0.033  | 0.502 | 0.507 | 0.503 | 0.503 | 0.590 | 0.510 | 0.595 | 0.615 |\n| Openml_607        | 0.521 | 0.106  | -0.040 | 0.518 | 0.513 | 0.518 | 0.518 | 0.524 | 0.521 | 0.550 | 0.561 |\n| Openml_616        | 0.120 | -0.083 | -0.174 | 0.193 | 0.163 | 0.166 | 0.161 | 0.166 | 0.162 | 0.329 | 0.335 |\n| Openml_618        | 0.425 | 0.141  | 0.030  | 0.470 | 0.473 | 0.473 | 0.472 | 0.472 | 0.477 | 0.476 | 0.632 |\n| Openml_620        | 0.502 | 0.138  | -0.045 | 0.501 | 0.520 | 0.507 | 0.515 | 0.528 | 0.510 | 0.550 | 0.592 |\n| Openml_637        | 0.136 | -0.052 | -0.141 | 0.152 | 0.162 | 0.146 | 0.145 | 0.153 | 0.161 | 0.254 | 0.291 |\n\nis primarily driven by two key components: the latent diffusion model, which enables global exploration of the embedding space to discover high-quality feature representations, and the semiautoregressive decoder, which efficiently reconstructs complex feature structures with high fidelity. Compared to MOAT, the representative continuous search-based method, DIFFT offers significantly better stability and generalization. Although MOAT occasionally produces competitive results, its performance fluctuates considerably across datasets and drops sharply on more challenging tasks such as Openml\\_616, where it reaches only 0.162 compared to 0.335 achieved by DIFFT. In contrast, DIFFT performs consistently well, benefiting from its generative formulation and reward-guided sampling strategy. By avoiding local search and leveraging global, performance-aware generation, DIFFT delivers more reliable and superior feature transformations across diverse tasks."
      },
      {
        "heading": "3.3 Ablation Study (RQ2)",
        "text": "To investigate the contribution of each component in DIFFT, we design variant models: 1) *NAR* and *AR*, which examine the impact of the semi-autoregressive decoder by replacing it with fully non-autoregressive and fully autoregressive alternatives, respectively; 2) *NoR*, which removes reward guidance during the diffusion process to evaluate its effect on performance optimization; and 3) *CS*, which replaces the diffusion model with a traditional continuous search\n\nTable 2: Performance of variant models and DIFFT on 2 datasets.\n\n| Dataset    |       |       | DIFFT |       |       |\n|------------|-------|-------|-------|-------|-------|\n|            | NAR   | AR    | NoR   | CS    |       |\n| SVMGuide3  | 0.840 | 0.856 | 0.831 | 0.830 | 0.866 |\n| Openml_586 | 0.641 | 0.638 | 0.623 | 0.610 | 0.647 |\n\napproach to assess the necessity of diffusion-based generation. We conduct ablation study on two datasets to validate the effectiveness of the components. More details can be found in Appendix [D.5.](#page-22-1)\n\nReward-Guided Diffusion. As shown in Table [2,](#page-6-1) both *NoR* and *CS* suffer from significant performance drops compared to the full model. For example, on the SVMGuide3 dataset, removing reward signals (*NoR*) reduces the accuracy from 0.866 to 0.831, while replacing diffusion with continuous search (*CS*) causes an even greater decline to 0.830. This highlights the critical role of reward guidance and the diffusion mechanism in driving feature generation toward high-performing regions of the latent space. Interestingly, even without reward guidance, *NoR* still outperforms the continuous search-based variant *CS* on the two datasets. This suggests that in the absence of a carefully constructed latent space and an informative initialization, continuous search methods often fail to explore effectively and are prone to suboptimal solutions. In contrast, by modeling global structure and semantics, our diffusion model provides a more robust foundation for feature embedding generation.\n\n**Semi-Autoregressive Generation.** The results in Table 2 also demonstrate the effectiveness of the proposed semi-autoregressive (*SAR*) decoder. Compared with both *AR* and *NAR* variants, *SAR* achieves superior performance across datasets. For example, on SVMGuide3, the *SAR* decoder achieves an accuracy of 0.866, surpassing both the fully autoregressive model with 0.856 and the non-autoregressive variant with 0.840. This improvement demonstrates that *SAR* effectively balances dependency modeling and generation efficiency. By generating each feature independently while preserving intra-feature autoregression, *SAR* captures fine-grained dependencies within individual features, while avoiding redundant coupling across features that are semantically unrelated. This selective dependency modeling enables the decoder to allocate attention more efficiently, resulting in more stable and interpretable feature generation.\n\nTo further analyze efficiency, Figure 3 explores the decoding time of SAR decoders under different configurations to generate 2000 tokens. We vary the number of features and the length of each feature such that the total token count remains constant (i.e., number  $\\times$  length). The results show that SAR consistently achieves significantly lower decoding time than AR, regardless of the configuration. Although decoding time slightly increases with longer features, our method maintains high efficiency by parallelizing feature generation.\n\n![](_page_7_Figure_2.jpeg)\n\nFigure 3: Time analysis of generating 2000 tokens using different methods."
      },
      {
        "heading": "3.4 Time Complexity Analysis (RQ3)",
        "text": "Table 3: Comparison of per-epoch training time and per-inference pass time (in seconds) between DIFFT and MOAT across different datasets. DIFFT (D) and DIFFT (V) denote the per-epoch training time of the diffusion model and VAE, respectively, while inference time refers to the duration of one complete inference pass.\n\n| Dataset           | Feature # |           | <b>Inference Time (s)</b> |       |       |      |      |\n|-------------------|-----------|-----------|---------------------------|-------|-------|------|------|\n|                   |           | DIFFT (D) | DIFFT (V)                 | DIFFT | DIFFT | MOAT |      |\n| Messidor Features | 19        | 2.65      | 4.36                      | 7.01  | 83.9  | 0.16 | 0.53 |\n| Openml_589        | 25        | 2.85      | 5.02                      | 7.87  | 110.9 | 0.21 | 0.68 |\n| Ionosphere        | 34        | 3.33      | 5.35                      | 8.68  | 170.1 | 0.23 | 1.03 |\n| Openml_618        | 50        | 4.74      | 7.45                      | 12.19 | 200.9 | 0.25 | 1.18 |\n| Ap_omentum_ovary  | 10936     | 7.78      | 11.86                     | 19.64 | 524.4 | 0.43 | 2.33 |\n\nWe compare the training and inference efficiency of DIFFT and MOAT to evaluate the computational characteristics of the two generative feature transformation methods. Table 3 reports the per-epoch training time and per-instance inference time for both methods. For DIFFT, we separately record the training time of the VAE (denoted as DIFFT (V)) and the diffusion model (denoted as DIFFT (D)). DIFFT requires significantly less time to train per epoch compared to MOAT. For example, on the large-scale Ap\\_omentum\\_ovary dataset with over 10,000 features, DIFFT completes one training epoch in 19.64 seconds, while MOAT takes more than 500 seconds. This efficiency gain is largely attributed to architectural differences: DIFFT adopts a Transformer-based backbone, which supports efficient parallel computation and faster convergence, whereas MOAT relies on an LSTM-based model with sequential processing and limited scalability. Inference speed further highlights the efficiency of our approach. DIFFT generates a feature set in no more than 0.43 seconds on all datasets, whereas MOAT takes up to 2.33 seconds in some cases. This leads to a speedup of more than 5 times, mainly due to the semi-autoregressive decoding strategy that allows parallel feature-level generation while maintaining high generation quality. These results demonstrate that DIFFT offers not only strong performance but also substantial advantages in training and inference efficiency."
      },
      {
        "heading": "3.5 Robustness Check (RQ4)",
        "text": "To evaluate the robustness of DIFFT across different learning scenarios, we apply five representative downstream machine learning models on the SpectF dataset, including Decision Tree (DT), k-Nearest Neighbors (KNN), Logistic Regression (LR), Support Vector Classifier (SVC), and Random Forest (RF). Table [4](#page-8-0) reports the performance of DIFFT compared with the top three baselines. We observe that DIFFT consistently achieves the best performance across all downstream models, demonstrating strong robustness to variations in model architectures\n\nTable 4: Robustness check. We employ different downstream ML model to investiagte the robustness of our method.\n\n| Method | DT    | KNN   | LR    | SVC   | RF    |\n|--------|-------|-------|-------|-------|-------|\n| GRFG   | 0.752 | 0.764 | 0.816 | 0.813 | 0.796 |\n| MOAT   | 0.873 | 0.843 | 0.835 | 0.836 | 0.848 |\n| ELLM   | 0.865 | 0.842 | 0.846 | 0.841 | 0.837 |\n| DIFFT  | 0.894 | 0.861 | 0.864 | 0.877 | 0.877 |\n\nand learning biases. In contrast, ELLM performs reasonably well on some models but fails to achieve competitive results on RF, indicating limited generalization. Similarly, MOAT performs poorly when paired with SVC, suggesting sensitivity to the characteristics of the downstream learner. These findings highlight the robustness of DIFFT in optimizing feature transformation across diverse tasks. DIFFT generates task-specific features that align with the objective of the target model, enabling consistent improvements in predictive performance across a wide range of learning scenarios."
      },
      {
        "heading": "3.6 Guidance Strength Analysis (RQ5)",
        "text": "Table 5: Performance under different guidance strength λ settings.\n\n| Dataset    | 0     | 10    | 25    | 50    | 100   | 200   | 400   |\n|------------|-------|-------|-------|-------|-------|-------|-------|\n| SVMGuide3  | 0.831 | 0.857 | 0.867 | 0.874 | 0.871 | 0.860 | 0.860 |\n| Openml_616 | 0.237 | 0.262 | 0.232 | 0.278 | 0.324 | 0.302 | 0.170 |\n\nTo investigate the effect of the reward-guided strength λ on the generation performance, we conduct experiments on two datasets, with λ ranging from 0 to 400. The results are summarized in Table [5.](#page-8-1) For SVMGuide3, we observe a clear improvement as λ increases from 0 to 50, where the performance peaks at 0.874. This demonstrates that moderate guidance helps the diffusion process align more effectively with the reward objective. However, when λ becomes too large (e.g., ≥ 100), the performance slightly decreases, suggesting that excessive guidance may overconstrain the generation, leading to reduced sample diversity and potential overfitting to the reward signal. For Openml\\_616, the trend is less monotonic but shows a similar pattern overall. The performance improves gradually and achieves its highest value (0.324) at λ = 100, followed by a decline when λ increases further. The larger variability across λ values implies that this dataset may be more sensitive to the balance between reward alignment and generative flexibility. Overall, these results indicate that moderate guidance strength (around λ = 50–100) yields the best trade-off between reward optimization and sample diversity. Too weak guidance fails to leverage the reward signal effectively, while too strong guidance can hinder the generative capacity of the diffusion model."
      },
      {
        "heading": "4 Related Work",
        "text": ""
      },
      {
        "heading": "4.1 Feature Transformation",
        "text": "Feature transformation aims to identify a new feature space by transforming the original features using mathematical operations. The existing methods are mainly two-fold: 1) discrete space search methods. These methods aim to search for the optimal feature set in the discrete feature combination space. DFS [\\[13\\]](#page-10-9) transforms all original features and selects useful ones. Genetic programming is applied for feature transformation search [\\[24\\]](#page-11-9). GRFG [\\[26\\]](#page-11-1) develops three agents to generate features and leverages reinforcement learning to improve the search strategy. ELLM [\\[6\\]](#page-10-0) employs few-shot prompting LLM to generate new feature sets. 2) continuous space search methods. MOAT [\\[27\\]](#page-11-2) embeds feature sets into continuous space and utilizes the gradient-ascent method to explore the embedding space. NEAT [\\[30\\]](#page-11-10) extends the continuous space feature transformation search to unsupervised conditions."
      },
      {
        "heading": "4.2 Diffusion Model",
        "text": "Diffusion models have emerged as a dominant paradigm in generative modeling, offering superior sample quality and training stability compared to traditional approaches such as GANs and VAEs. Their fundamental design involves a forward noising process and a learned reverse process that enables high-fidelity generation across modalities. Conditional variants of diffusion models, which incorporate task-specific signals such as class labels, text prompts, or reward functions, have further extended their applicability to controlled generation tasks in vision, language, and reinforcement learning. Recent applications span a diverse range of domains, including text-to-image synthesis [\\[2\\]](#page-10-10), trajectory planning in reinforcement learning [\\[12,](#page-10-11) [1\\]](#page-10-12), and protein or molecule design in life sciences [\\[8\\]](#page-10-13). Beyond applications, a growing line of theoretical research has addressed key questions around score function learning, sample complexity, and optimization guarantees, especially in highdimensional and structured settings [\\[19\\]](#page-10-14). Recent works also reinterpret conditional diffusion models as flexible samplers for solving black-box optimization problems, where solution quality is guided by reward-driven conditioning [\\[17\\]](#page-10-15). Despite the growing empirical success, theoretical analysis remains an open frontier, particularly regarding guidance strength and generalization under distribution shifts."
      },
      {
        "heading": "4.3 Semi-Autoregressive Model",
        "text": "To achieve a better trade-off between decoding speed and output quality, semi-autoregressive generation (SAR) has been proposed as a hybrid decoding paradigm that blends the strengths of both autoregressive (AR) and non-autoregressive (NAR) models. Early work by Wang et al. introduced the semi-autoregressive Transformer, which generates tokens in chunks—producing multiple tokens in parallel within each group, while maintaining an autoregressive dependency across groups [\\[25\\]](#page-11-11). This design allows for partial parallelization while preserving sufficient contextual dependency to mitigate issues such as repetition or omission in NAR outputs. Building upon this, the Insertion Transformer supports flexible generation orders by allowing insertions at arbitrary positions, offering a more dynamic decoding process [\\[23\\]](#page-11-12). Other efforts, such as the DisCo Transformer [\\[14\\]](#page-10-16), further relax strict left-to-right generation by enabling token predictions conditioned on arbitrary subsets of other tokens. Additionally, RecoverSAT [\\[20\\]](#page-10-17) introduces a segment-wise decoding strategy where each segment is generated non-autoregressively, while the tokens within segments follow an autoregressive pattern. These semi-autoregressive frameworks consistently demonstrate a superior balance between latency and accuracy compared to fully NAR models, making them attractive choices in time-sensitive applications."
      },
      {
        "heading": "5 Conclusion Remarks",
        "text": "In this paper, we propose DIFFT, a novel framework that formulates feature transformation as a reward-guided generative process. Departing from traditional search-based paradigms, DIFFT integrates a latent diffusion model with a semi-autoregressive decoder to generate high-quality, task-specific feature sets in a performance-aware manner. Our hierarchical decoding strategy enables efficient and expressive feature reconstruction, while the reward-guided sampling process aligns the generative trajectory with downstream objectives. Extensive experiments on a diverse collection of tabular datasets demonstrate that DIFFT consistently outperforms existing feature transformation and selection methods in terms of predictive performance, robustness across downstream models, and computational efficiency. Our ablation studies further validate the contributions of each module, including the semi-autoregressive decoding and reward-driven diffusion. These results highlight the effectiveness and adaptability of DIFFT as a scalable solution for feature engineering in modern machine learning pipelines."
      }
    ],
    "references": [
      {
        "title": ", Du , Y",
        "author": [
          "Ajay",
          "A"
        ],
        "venue": ", Gupta , A., Tenenbaum , J., Jaakkola , T., & Agrawal , P. (",
        "citeRegEx": "Ajay et al\\\\.,? 2022",
        "shortCiteRegEx": "Ajay et al\\\\.",
        "year": 2022
      },
      {
        "title": ", Janner , M",
        "author": [
          "Black",
          "K"
        ],
        "venue": ", Du , Y., Kostrikov , I., & Levine , S. (",
        "citeRegEx": "Black et al\\\\.,? 2023",
        "shortCiteRegEx": "Black et al\\\\.",
        "year": 2023
      },
      {
        "title": "M",
        "author": [
          "Blei",
          "D"
        ],
        "venue": ", Ng , A. Y., & Jordan , M. I. (",
        "citeRegEx": "Blei et al\\\\.,? 2003",
        "shortCiteRegEx": "Blei et al\\\\.",
        "year": 2003
      },
      {
        "title": ", Lin , Q",
        "author": [
          "Chen",
          "X"
        ],
        "venue": ", Luo , C., Li , X., Zhang , H., Xu , Y., Dang , Y., Sui , K., Zhang , X., Qiao , B., & others (",
        "citeRegEx": "Chen et al\\\\.,? 2019",
        "shortCiteRegEx": "Chen et al\\\\.",
        "year": 2019
      },
      {
        "title": "& Nichol , A",
        "author": [
          "Dhariwal",
          "P"
        ],
        "venue": "(",
        "citeRegEx": "Dhariwal et al\\\\.,? 2021",
        "shortCiteRegEx": "Dhariwal et al\\\\.",
        "year": 2021
      },
      {
        "title": ", Reddy , C",
        "author": [
          "Gong",
          "N"
        ],
        "venue": "K., Ying , W., Chen , H., & Fu , Y. (",
        "citeRegEx": "Gong et al\\\\.,? 2025",
        "shortCiteRegEx": "Gong et al\\\\.",
        "year": 2025
      },
      {
        "title": ", Wang , X",
        "author": [
          "Gong",
          "N"
        ],
        "venue": ", Ying , W., Bai , H., Dong , S., Chen , H., & Fu , Y. (",
        "citeRegEx": "Gong et al\\\\.,? 2025",
        "shortCiteRegEx": "Gong et al\\\\.",
        "year": 2025
      },
      {
        "title": ", Stanton , S",
        "author": [
          "Gruver",
          "N"
        ],
        "venue": ", Frey , N., Rudner , T. G., Hotzel , I., Lafrance-Vanasse , J., Rajpal , A., Cho , K., & Wilson , A. G. (",
        "citeRegEx": "Gruver et al\\\\.,? 2023",
        "shortCiteRegEx": "Gruver et al\\\\.",
        "year": 2023
      },
      {
        "title": ", Gu , S",
        "author": [
          "Hang",
          "T"
        ],
        "venue": ", Li , C., Bao , J., Chen , D., Hu , H., Geng , X., & Guo , B. (",
        "citeRegEx": "Hang et al\\\\.,? 2023",
        "shortCiteRegEx": "Hang et al\\\\.",
        "year": 2023
      },
      {
        "title": "& Salimans , T",
        "author": [
          "Ho",
          "J"
        ],
        "venue": "(",
        "citeRegEx": "Ho et al\\\\.,? 2022",
        "shortCiteRegEx": "Ho et al\\\\.",
        "year": 2022
      },
      {
        "title": ", Pack , R",
        "author": [
          "Horn",
          "F"
        ],
        "venue": ", & Rieger , M. (",
        "citeRegEx": "Horn et al\\\\.,? 2020",
        "shortCiteRegEx": "Horn et al\\\\.",
        "year": 2020
      },
      {
        "title": ", Du , Y",
        "author": [
          "Janner",
          "M"
        ],
        "venue": ", Tenenbaum , J. B., & Levine , S. (",
        "citeRegEx": "Janner et al\\\\.,? 2022",
        "shortCiteRegEx": "Janner et al\\\\.",
        "year": 2022
      },
      {
        "title": "M",
        "author": [
          "Kanter",
          "J"
        ],
        "venue": "& Veeramachaneni , K. (",
        "citeRegEx": "Kanter et al\\\\.,? 2015",
        "shortCiteRegEx": "Kanter et al\\\\.",
        "year": 2015
      },
      {
        "title": ", Cross , J",
        "author": [
          "Kasai",
          "J"
        ],
        "venue": ", Ghazvininejad , M., & Gu , J. (",
        "citeRegEx": "Kasai et al\\\\.,? 2020",
        "shortCiteRegEx": "Kasai et al\\\\.",
        "year": 2020
      },
      {
        "title": ", Samulowitz , H",
        "author": [
          "Khurana",
          "U"
        ],
        "venue": ", & Turaga , D. (",
        "citeRegEx": "Khurana et al\\\\.,? 2018",
        "shortCiteRegEx": "Khurana et al\\\\.",
        "year": 2018
      },
      {
        "title": "N",
        "author": [
          "Kipf",
          "T"
        ],
        "venue": "& Welling , M. (",
        "citeRegEx": "Kipf et al\\\\.,? 2016",
        "shortCiteRegEx": "Kipf et al\\\\.",
        "year": 2016
      },
      {
        "title": ", Mashkaria , S",
        "author": [
          "Krishnamoorthy",
          "S"
        ],
        "venue": "M., & Grover , A. (",
        "citeRegEx": "Krishnamoorthy et al\\\\.,? 2023",
        "shortCiteRegEx": "Krishnamoorthy et al\\\\.",
        "year": 2023
      },
      {
        "title": "& Ratajczak , W",
        "author": [
          "Mackiewicz",
          "A"
        ],
        "venue": "(",
        "citeRegEx": "Mackiewicz et al\\\\.,? 1993",
        "shortCiteRegEx": "Mackiewicz et al\\\\.",
        "year": 1993
      },
      {
        "title": ", Akiyama , S",
        "author": [
          "Oko",
          "K"
        ],
        "venue": ", & Suzuki , T. (",
        "citeRegEx": "Oko et al\\\\.,? 2023",
        "shortCiteRegEx": "Oko et al\\\\.",
        "year": 2023
      },
      {
        "title": ", Lin , Y",
        "author": [
          "Ran",
          "Q"
        ],
        "venue": ", Li , P., & Zhou , J. (",
        "citeRegEx": "Ran et al\\\\.,? 2020",
        "shortCiteRegEx": "Ran et al\\\\.",
        "year": 2020
      },
      {
        "title": ", Blattmann , A",
        "author": [
          "Rombach",
          "R"
        ],
        "venue": ", Lorenz , D., Esser , P., & Ommer , B. (",
        "citeRegEx": "Rombach et al\\\\.,? 2022",
        "shortCiteRegEx": "Rombach et al\\\\.",
        "year": 2022
      },
      {
        "title": ", Meng , C",
        "author": [
          "Song",
          "J"
        ],
        "venue": ", & Ermon , S. (",
        "citeRegEx": "Song et al\\\\.,? 2020",
        "shortCiteRegEx": "Song et al\\\\.",
        "year": 2020
      },
      {
        "title": ", Chan , W",
        "author": [
          "Stern",
          "M"
        ],
        "venue": ", Kiros , J., & Uszkoreit , J. (",
        "citeRegEx": "Stern et al\\\\.,? 2019",
        "shortCiteRegEx": "Stern et al\\\\.",
        "year": 2019
      },
      {
        "title": ", Xue , B",
        "author": [
          "Tran",
          "B"
        ],
        "venue": ", & Zhang , M. (",
        "citeRegEx": "Tran et al\\\\.,? 2016",
        "shortCiteRegEx": "Tran et al\\\\.",
        "year": 2016
      },
      {
        "title": ", Zhang , J",
        "author": [
          "Wang",
          "C"
        ],
        "venue": ", & Chen , H. (",
        "citeRegEx": "Wang et al\\\\.,? 2018",
        "shortCiteRegEx": "Wang et al\\\\.",
        "year": 2018
      },
      {
        "title": ", Fu , Y",
        "author": [
          "Wang",
          "D"
        ],
        "venue": ", Liu , K., Li , X., & Solihin , Y. (",
        "citeRegEx": "Wang et al\\\\.,? 2022",
        "shortCiteRegEx": "Wang et al\\\\.",
        "year": 2022
      },
      {
        "title": ", Xiao , M",
        "author": [
          "Wang",
          "D"
        ],
        "venue": ", Wu , M., Zhou , Y., Fu , Y., & others (",
        "citeRegEx": "Wang et al\\\\.,? 2023",
        "shortCiteRegEx": "Wang et al\\\\.",
        "year": 2023
      },
      {
        "title": ", Huang , Y",
        "author": [
          "Wang",
          "D"
        ],
        "venue": ", Ying , W., Bai , H., Gong , N., Wang , X., Dong , S., Zhe , T., Liu , K., Xiao , M., & others (",
        "citeRegEx": "Wang et al\\\\.,? 2025",
        "shortCiteRegEx": "Wang et al\\\\.",
        "year": 2025
      },
      {
        "title": ", Wang , D",
        "author": [
          "Xiao",
          "M"
        ],
        "venue": ", Wu , M., Qiao , Z., Wang , P., Liu , K., Zhou , Y., & Fu , Y. (",
        "citeRegEx": "Xiao et al\\\\.,? 2023",
        "shortCiteRegEx": "Xiao et al\\\\.",
        "year": 2023
      },
      {
        "title": ", Wang , D",
        "author": [
          "Ying",
          "W"
        ],
        "venue": ", Hu , X., Zhou , Y., Aggarwal , C. C., & Fu , Y. (",
        "citeRegEx": "Ying et al\\\\.,? 2024",
        "shortCiteRegEx": "Ying et al\\\\.",
        "year": 2024
      },
      {
        "title": ", Wei , C",
        "author": [
          "Ying",
          "W"
        ],
        "venue": ", Gong , N., Wang , X., Bai , H., Malarkkan , A. V., Dong , S., Wang , D., Zhang , D., & Fu , Y. (",
        "citeRegEx": "Ying et al\\\\.,? 2025",
        "shortCiteRegEx": "Ying et al\\\\.",
        "year": 2025
      },
      {
        "title": ", Huang , K",
        "author": [
          "Yuan",
          "H"
        ],
        "venue": ", Ni , C., Chen , M., & Wang , M. (",
        "citeRegEx": "Yuan et al\\\\.,? 2023",
        "shortCiteRegEx": "Yuan et al\\\\.",
        "year": 2023
      },
      {
        "title": ", Tang , J",
        "author": [
          "Zhang",
          "B"
        ],
        "venue": ", Niessner , M., & Wonka , P. (",
        "citeRegEx": "Zhang et al\\\\.,? 2023",
        "shortCiteRegEx": "Zhang et al\\\\.",
        "year": 2023
      }
    ]
  }
}