{
  "forum_id": "0MXUkBmm09",
  "metadata": {
    "source": "NeurIPS",
    "year": 2025,
    "title": "Embodied Cognition Augmented End2End Autonomous Driving",
    "abstractText": "In recent years, vision-based end-to-end autonomous driving has emerged as a new paradigm. However, popular end-to-end approaches typically rely on visual feature extraction networks trained under label supervision. This limited supervision framework restricts the generality and applicability of driving models. In this paper, we propose a novel paradigm termed E3AD, which advocates for comparative learning between visual feature extraction networks and the general EEG large model, in order to learn latent human driving cognition for enhancing end-to-end planning. In this work, we collected a cognitive dataset for the mentioned contrastive learning process. Subsequently, we investigated the methods and potential mechanisms for enhancing end-to-end planning with human driving cognition, using popular driving models as baselines on publicly available autonomous driving datasets. Both open-loop and closed-loop tests are conducted for a comprehensive evaluation of planning performance. Experimental results demonstrate that the E<sup>3</sup>AD paradigm significantly enhances the end-to-end planning performance of baseline models. Ablation studies further validate the contribution of driving cognition and the effectiveness of comparative learning process. To the best of our knowledge, this is the first work to integrate human driving cognition for improving end-to-end autonomous driving planning. It represents an initial attempt to incorporate embodied cognitive data into end-to-end autonomous driving, providing valuable insights for future brain-inspired autonomous driving systems. Our code will be made available at <https://github.com/AIR-DISCOVER/E-cubed-AD>.\n\n<sup>∗</sup>Corresponding author",
    "sections": [
      {
        "heading": "1 INTRODUCTION",
        "text": "Autonomous driving technology is crucial for transferring driving authority from human drivers to sensors and artificial intelligence, promising to enhance efficiency and safety in transportation. In the pursuit of autonomous driving, the emergence of end-to-end autonomous driving has recently garnered increasing attention [\\[10,](#page-9-0) [12,](#page-9-1) [26,](#page-10-0) [31,](#page-10-1) [16,](#page-10-2) [14\\]](#page-9-2). However, existing end-to-end autonomous (E2E-AD) driving model frameworks often rely on sequential 3D visual representations, such as Bird's Eye View (BEV) features[\\[18,](#page-10-3) [17\\]](#page-10-4). BEV features contain rich latent information essential for autonomous driving. However, in existing end-to-end approaches, BEV feature extraction networks are typically supervised using annotated data for downstream tasks such as 3D perception, motion prediction, and semantic segmentation[\\[15,](#page-9-3) [29\\]](#page-10-5). This limited supervision framework restricts the model's ability to extract visual information.\n\nModels trained only on labeled data are limited, while the human brain uses embodied reasoning to anticipate hazards and adapt to new situations. Recently developed general-purpose EEG models (e.g., LaBraM [\\[13\\]](#page-9-4)) can extract rich cognitive features directly from EEG signals and achieve excellent performance across various general tasks. By leveraging the cognitive features provided by such universal brain-inspired models, it becomes possible to offer broader supervision to the feature extraction networks of E2E-AD models.\n\nIn this study, we first trained the \"Driving-Thinking Model,\" a spatio-temporal feature extraction network. Unlike traditional supervised approaches relying on manually annotated labels, our model was trained on a specifically collected dataset, utilizing paired video data and corresponding EEG segments. The Driving-Thinking Model is refined through contrastive learning with a large EEG model, enabling it to infer driving-related cognitive information from visual inputs. Subsequently, we explored multiple frameworks to investigate the potential of the driving cognition in enhancing mainstream end-to-end autonomous driving models.\n\nThe E3AD paradigm is the first to incorporate human driving cognition to enhance end-to-end autonomous driving models, yielding significant findings. E3AD can be directly applied to baseline end-to-end driving models, achieving substantial improvements in driving performance with only a tiny increase in computational cost, while reaching the level of state-of-the-art methods. Moreover, our study investigates the methods and underlying mechanisms by which driving cognition enhances endto-end planning, making novel contributions to the field of embodied human intelligence augmentation in AI algorithms. At the same time, Our work represents an exploration of a more end-to-end styled autonomous driving framework, enabling the model to acquire richer semantic information from raw data through implicit supervision, rather than being limited to manually annotated labels."
      },
      {
        "heading": "2 Related Work",
        "text": ""
      },
      {
        "heading": "2.1 End-to-End Planning",
        "text": "Learning-based planning, particularly reinforcement learning and imitation learning [\\[3,](#page-9-5) [4,](#page-9-6) [27\\]](#page-10-6), has emerged as a promising approach since Pomerleau's pioneering work [\\[22\\]](#page-10-7). The latest trend in this field is the end-to-end training of multiple functional modules [\\[8,](#page-9-7) [2\\]](#page-9-8). ST-P3 introduces improvements in perception, prediction, and planning modules, integrating auxiliary tasks such as depth estimation and BEV segmentation to enhance spatio-temporal features learning. UniAD [\\[10\\]](#page-9-0) integrated six subtasks (object detection, tracking, map segmentation, trajectory prediction, occupancy prediction, and planning) into a unified network. VAD [\\[12\\]](#page-9-1) uses fully vectorized representations of driving scenarios. GenAD formulates autonomous driving as a generative modeling problem, predicting the evolution of the ego vehicle and its surrounding environment based on past scenes, and employs motion and planning heads consistent with VAD. LAW enhances planning by extracting richer spatiotemporal features through a self-supervised paradigm, predicting future scene features based on current features and the ego trajectory. In contrast, our model advocates for contrastive learning between the spatio-temporal feature extraction network and the general EEG model, aiming to acquire potential human driving cognition from visual inputs to further enhance planning."
      },
      {
        "heading": "2.2 Cognitive-Enhanced AI Algorithms",
        "text": "Recent research has explored integrating human cognitive data to enhance AI models. In NLP, BrainBERT and CogBERT incorporate brain signals and eye-tracking data, respectively, improving performance [\\[24,](#page-10-8) [5\\]](#page-9-9). In autonomous driving, world models mimicking human cognitive structures show promise [\\[7\\]](#page-9-10), with models like HLTP enhancing trajectory prediction [\\[19\\]](#page-10-9). Liao et al. proposed a model integrating cognitive insights for perceived safety and dynamic decision-making [\\[20\\]](#page-10-10). However, emulating complex human driving processes requires high-quality cognitive data, such as EEG, which provides rich information about intricate cognitive processes. Currently, there is a lack of research exploring whether such high-quality cognitive data can effectively enhance complex tasks like autonomous driving. Recently, the LaBraM framework (Large Brain Model) [\\[13\\]](#page-9-4) learns universal EEG representations by self-supervised pre-training on 2,500+ hours of diverse EEG data: it splits signals into channel patches, trains a vector-quantized tokenizer [\\[28\\]](#page-10-11), and uses masked-modeling to predict masked tokens. LaBraM sets new state-of-the-art on downstream BCI tasks like anomaly detection and emotion recognition [\\[13\\]](#page-9-4). Due to the good performance of LaBraM, we use it in our work to extract rich and generalizable EEG features which will provide human cognition insights for end2end autonomous driving models."
      },
      {
        "heading": "3 METHOD",
        "text": "Given the EEG data are not included in traditional end-to-end autonomous driving training datasets [\\[25,](#page-10-12) [6,](#page-9-11) [1\\]](#page-9-12), a gap exists between the self-collected dataset and typical autonomous driving datasets. To address this challenge, we propose a two-stage training approach as shown in Fig. [A.1:](#page-12-0) EEG data are utilized only during the first stage of training, while in the second stage and during inference, only mainstream autonomous driving datasets are employed to ensure fairness.\n\n- 1. Driving-Thinking Model Training: A visual feature extraction network is trained on a selfcollected dataset and supervised using cognitive features from LaBraM [\\[13\\]](#page-9-4). Specifically, inspired by the successful paradigm of CLIP [\\[23\\]](#page-10-13), contrastive learning is employed to achieve cross-modal self-supervised learning.\n- 2. Embodied Cognition Augmented End2End Model Training: We freeze the Driving-Thinking model and integrate it into popular E2E-AD frameworks. The integrated model is then trained on large-scale driving datasets, followed by open-loop testing and closedloop simulation. To ensure fairness, only the original data is used at this stage, without introducing any additional inputs, maintaining consistency with other baseline models.\n\nIn this section, we will first describe how we train the Driving-Thinking model, followed by the process of integrating it into an end-to-end autonomous driving algorithm."
      },
      {
        "heading": "3.1 Embodied Cognitive Dataset",
        "text": "To our knowledge, few cognitive-related datasets have been collected in real-world driving scenarios. Thus, we gathered a multi-modal physiological dataset from 27 subjects driving a fixed route in complex traffic. We recorded CAN bus data, EEG, heart rate, skin conductance, and front-facing camera footage. After filtering data and controlling for variables, we selected 20 male drivers (10 experts, 10 novices).\n\nAll EEG recordings were preprocessed in EEGLAB[2](#page-2-0) by first re-referencing signals to the M1 and M2 electrodes. We then applied a 0.1–50 Hz band-pass filter to remove drift and high-frequency noise, followed by a 50 Hz notch filter to suppress power-line interference. Next, we employed Independent Component Analysis (ICA) to remove ocular, cardiac, channel, and muscle artifacts, effectively filtering out various noise sources. To match the input requirements of the Large Brain Model[\\[13\\]](#page-9-4), the data were downsampled from 1000 Hz to 200 Hz, and amplitudes (±0.1 mV) were normalized by dividing by 0.1 mV, mapping signals into [–1,1]. Finally, each driver's continuous session was manually split into 14 condition-specific segments and uniformly cut into 2 s clips (including those shorter than 2 s as individual samples).\n\n<sup>2</sup><https://eeglab.org/>\n\n![](_page_3_Figure_0.jpeg)\n\nFigure 1: The training is divided into two stages. In the first stage, contrastive learning is conducted between the Driving-Thinking Model—a pretrained spatio-temporal feature extraction network—and the large EEG model LaBraM[13] on a self-collected dataset. In the second stage training and inference processes, we use the same inputs as other driving models, without introducing EEG data. Instead, the entire Driving-Thinking Model is kept frozen. Subsequently, we design three different frameworks to investigate how the driving cognition learned by the Driving-Thinking Model enhances end-to-end planning, as well as the associated mechanisms.\n\nWe split the dataset into training set validation, and test set. The structured data was shuffled and divided into two parts with a ratio of 80:10:10. The training set comprised 1894 clips (1037 from expert drivers and 857 from novice drivers), the validation set consists of 236 clips (144 expert, and 92 novice), and the test set contained 237 clips (118 from expert drivers and 119 from novice drivers). For details regarding cognitive data collection and our data"
      },
      {
        "heading": "3.2 Driving-Thinking Model",
        "text": "Let  $\\{(v_i,e_i)\\}_{i=1}^N$  be a minibatch of paired video–EEG samples. We define\n\n$$g_v: \\mathsf{Video} o \\mathbb{R}^{d'}, \\quad h_v: \\mathbb{R}^{d'} o \\mathbb{R}^d, \\quad f_e: \\mathsf{EEG} o \\mathbb{R}^d,$$\n\nwhere  $g_v$  is implemented as a Video Swin Transformer[21],  $h_v$  is a learnable linear projection head, and  $f_e$  is the frozen Large Brain Model (LaBraM)[13]. During training only the video-branch parameters  $\\theta_v = \\{g_v, h_v\\}$  are updated, while  $f_e$  remains fixed.\n\nWe begin with feature extraction and normalization: video clips are processed by  $g_v$  and  $h_v$ , and EEG segments by  $f_e$ , then each is  $\\ell_2$ -normalized:\n\n$$z_i^v = \\frac{h_v(g_v(v_i))}{\\|h_v(g_v(v_i))\\|}, \\quad z_i^e = \\frac{f_e(e_i)}{\\|f_e(e_i)\\|}.$$\n (1)\n\nNext, we compute a similarity matrix using a learnable log-temperature  $\\beta$  (so that  $\\tau = e^{\\beta}$ ):\n\n$$s_{ij} = e^{\\beta} \\langle z_i^v, z_j^e \\rangle, \\quad S = [s_{ij}]_{i,j=1}^N.$$\n (2)\n\nThe model is trained with a symmetric InfoNCE loss:\n\n$$L_{v} = -\\frac{1}{N} \\sum_{i=1}^{N} \\log \\frac{e^{s_{ii}}}{\\sum_{j=1}^{N} e^{s_{ij}}},$$\n\n$$L_{e} = -\\frac{1}{N} \\sum_{i=1}^{N} \\log \\frac{e^{s_{ii}}}{\\sum_{j=1}^{N} e^{s_{ji}}},$$\n\n$$L = \\frac{1}{2} (L_{v} + L_{e}).$$\n(3)\n\nFinally, we update only the video-branch parameters  $\\theta_v$  by gradient descent, keeping  $f_e$  frozen:\n\n$$\\theta_v \\leftarrow \\theta_v - \\eta \\, \\nabla_{\\theta_v} L. \\tag{4}$$"
      },
      {
        "heading": "3.3 Embodied Cognition Augmented End2End Model Training",
        "text": "Perception is crucial in autonomous driving for extracting visual features from sensor data. Among methods, BEV has become popular because it effectively integrates spatial and temporal visual information. As illustrated in Fig. A.1, popular end-to-end frameworks inherit the BEV encoder architecture to produce label-supervised spatio-temporal features. These features are further interacted with ego-vehicle queries that encapsulate the historical motion of the ego vehicle, which are then processed by a planning head to generate the final predicted trajectory. It is worth noting that different end-to-end methods exhibit subtle differences in their choices of supervised spatio-temporal features. For example, some approaches[18, 10] adopt the entire BEV feature map as the visual representation. In contrast, other methods[14, 12] propose extracting a sparse features from the BEV feature map, with the aim of enhancing computational efficiency. Despite these divergent design strategies, the overarching framework adopted by mainstream end-to-end methods remains consistent.\n\nTherefore, this study focuses on how human cognition can be integrated to enhance end-to-end planning, as well as the underlying mechanisms. We designed the following three frameworks and corresponding hypotheses:\n\n- 1. **Attach to Spatio-temporal features**: We hypothesize that the Driving-Thinking model has learned human drivers' attention mechanisms toward visual features. Leveraging this driving cognition, the model can select potential visual features related to planning from raw visual inputs, thereby enhancing end-to-end planning.\n- 2. **Interact with the Ego Query**: We hypothesize that the Driving-Thinking model has acquired driving-related cognitive knowledge about visual features from LaBraM. This knowledge, when interactively embedded into the ego query, can guide the process by which the ego query interacts with visual features to generate planning features.\n- 3. **Interact with planing features**: We hypothesize that the Driving-Thinking model learns more advanced driving cognition directly related to planning tasks. We believe that such higher-level driving cognition can directly interact with the features, improving the preliminary planning results. Therefore, we directly enable its interaction with the features, which is then fed into the planning head for trajectory decoding."
      },
      {
        "heading": "3.4 Attach to Spatio-temporal features",
        "text": "BEV features contain visual information aggregated across both spatial and temporal dimensions. Therefore, by interacting the cognitive feature  $\\mathbf{V}_t$  generated by the Driving-Thinking model with  $\\mathbf{B}_t$ , we can highlight the potential brain-aware BEV feature  $\\mathbf{B}_t^{brain}$ . Considering that BEV features typically have large spatial dimensions, we employ an Attention Gate to generate an attention map based on the max-pooled features of  $\\mathbf{B}_t$  and  $\\mathbf{V}_t$ , thereby selecting  $\\mathbf{B}_t^{brain}$ .\n\n$$\\mathbf{B}_{t}^{brain} = \\mathbf{B}_{t} \\odot AttnGate(Maxpooling(\\mathbf{B}_{t}), \\mathbf{V}_{t})$$\n (5)\n\nBoth  $\\mathbf{B}_t^{brain}$  and  $\\mathbf{B}_t$  share the same spatial dimensions of  $b \\times hw \\times c$ , which is not computationally efficient. Therefore, inspired by the success of the BEV TokenLearner, we adopt adaptive spatial attention to obtain brain-aware sparse visual representations  $\\mathbf{S}_t$ . The process is as follows:\n\n$$\\mathbf{S}_{t} = \\rho(\\varpi(\\mathbf{B}_{t}^{brain})\\mathbf{B}_{t}^{brain})$$\n\n$$\\mathbf{S}_{t} = SelfAttn(\\mathbf{S}_{t})$$\n(6)\n\nwhere the spatial attention function  $\\varpi$  maps  $\\mathbf{B}_t^{brain}$  to an attention map for each sparse visual query:  $\\mathbb{R}^{b \\times hw \\times c} \\to \\mathbb{R}^{b \\times n_s \\times hw}$ , where  $n_S$  denotes the number of sparse visual queries. The average pooling function  $\\rho$  is utilized to aggregate spatial features across the  $h \\times w$  dimensions. Finally, a self-attention layer is applied to enhance the representation capability of  $\\mathbf{S}_t$ . Subsequently,  $\\mathbf{S}_t$  interacts with the ego-query  $\\mathbf{Q}_{ego}$  via a decoder-only transformer to generate brain-aware planning features. These features are concatenated with the planning features produced by the end-to-end baseline model, and the combined featuress are then fed into the planning head for trajectory decoding. For HD-map-free planning, a high-level driving command c has been demonstrated to be necessary[12, 10]. Therefore, we adopt the planning head from mainstream end-to-end approaches, and feed the updated features together with the high-level driving command as input to output the planned trajectory  $\\hat{\\mathbf{T}}_t$ . The decoding process is formulated as follows:\n\n$$\\mathbf{F}_{plan}^{b} = CrossAttn(\\mathbf{Q}_{ego}, \\mathbf{S}_{t}, \\mathbf{S}_{t})$$\n\n$$\\mathbf{F}_{plan}^{s} = CrossAttn(\\mathbf{Q}_{ego}, \\mathbf{V}_{t}^{s}, \\mathbf{V}_{t}^{s})$$\n\n$$\\mathbf{F}_{plan} = [\\mathbf{F}_{plan}^{s}, \\mathbf{F}_{plan}^{b}]$$\n\n$$\\hat{\\mathbf{T}} = PlanHead(\\mathbf{F}_{plan}, cmd = c)$$\n(7)\n\nwhere,  $\\mathbf{V}_t^s$  denotes the visual features learned by the end-to-end baseline model through supervised learning with labels.  $\\mathbf{F}_{plan}^s$  and  $\\mathbf{F}_{plan}^b$  represent the planning features obtained from  $\\mathbf{V}_t^s$  and  $\\mathbf{S}_t$ , respectively. The symbol  $[\\cdot]$  denotes the concatenation operation."
      },
      {
        "heading": "3.5 Interaction with the Ego Ouerv",
        "text": "As previously discussed,  $\\mathbf{Q}_{ego}$  contains only the historical trajectory information of the ego vehicle. According to the second framework and hypothesis described in Section 3.3, the Driving-Thinking model learns the driver's cognition of visual features from the general EEG large model. Therefore, we construct query-key pairs based on  $\\mathbf{Q}_{ego}$  and the output  $\\mathbf{V}_t$  of the Driving-Thinking model, and obtain new ego-vehicle query  $\\mathbf{Q}'_{ego}$  embedding with driving visual cognition through cross-attention. The enriched  $\\mathbf{Q}'_{ego}$  then interacts with the spatio-temporal features  $\\mathbf{V}_t^s$ , allowing the embedded driving visual cognition to inform the generation of planning feature based on visual information. Similarly, we use the planning head to decode the planned trajectory:\n\n$$\\mathbf{Q}'_{ego} = CrossAttn(\\mathbf{Q}_{ego}, \\mathbf{V}_t, \\mathbf{V}_t)$$\n\n$$\\mathbf{F}_{plan} = CrossAttn(\\mathbf{Q}'_{ego}, \\mathbf{V}_t^s, \\mathbf{V}_t^s)$$\n\n$$\\hat{\\mathbf{T}} = PlanHead(\\mathbf{F}_{plan}, cmd = c)$$\n(8)"
      },
      {
        "heading": "3.6 Interaction with planing features",
        "text": "Recent studies[13] have shown that EEG signals often exhibit changes in specific frequency bands during tasks involving decision-making, attention, and memory. Inspired by these findings, in third framework, we hypothesize that the Driving-Thinking model is capable of acquiring advanced cognitive abilities related to driving decisions and reasoning. This includes human-like reasoning and judgment for preliminary decisions, allowing the model to identify and correct mistakes already in the initial planning stage, and thereby directly influence the quality of the planning feature. To this end, we adopt a multi-layer decoder architecture, which integrates driving-related cognitive information to perform chained reasoning over the initial planning feature  $\\mathbf{F}_{plan}$ . Specifically,  $\\mathbf{F}_{plan}$  contain information about the trajectory sequence, while  $\\mathbf{V}_t^s$  is obtained from a spatio-temporal features extraction network. Therefore, we introduce learnable positional encodings to align the latent temporal dependencies present in both  $\\mathbf{F}_{plan}$  and  $\\mathbf{V}_t^s$ , ultimately producing the planning feature  $(\\mathbf{F}_{plan}^{\\prime\\prime})$  inferred through reasoning combined with human driving cognition.\n\n$$\\mathbf{F}_{plan}^{\"} = TransformerDecoder(q, k, v, q_{pos}, k_{pos})$$\n\n$$q = \\mathbf{F}_{plan}, k = v = \\mathbf{V}_{t}$$\n\n$$\\hat{\\mathbf{T}} = PlanHead(\\mathbf{F}_{plan}^{\"}, cmd = c)$$\n(9)\n\nwhere,  $q_{pos}$  and  $k_{pos}$  are learnable positional encodings."
      },
      {
        "heading": "4 EXPERIMENTS",
        "text": ""
      },
      {
        "heading": "4.1 Implementation Details",
        "text": "In our implementation, we employ the Video Swin Transformer [21] to extract spatio-temporal visual features from 2s video clips at 2 fps, and the Large Brain Model [13] to extract generic EEG embeddings. Both branches are initialized with pretrained weights, then fine-tuned via a CLIP-style contrastive objective [23]. Each branch's output passes through a two-layer MLP adapter head projecting features into a shared 200-dimensional space. We train the model on aligned 2s video–EEG segment pairs with a batch size of 16 for 120 epochs using Adam (learning rate 2e-5 on both backbones and adapters, Ir ratio 1:1), dropout of 0.01, and weight decay of 1e-5. Training on the full dataset requires approximately 12 h on a single NVIDIA A100 40 GB GPU.\n\nTable 1: Open-loop planning performance comparison of different driving models. The ego status was not used in the planning module. † indicates the FPS measured on our NVIDIA A100 GPU, while others use the reported FPS. \\* denote the best performing models.\n\n|                                |      |      |       |      |         |                |      | 1     |      | 0       |      |      |        |                |      |       |              |\n|--------------------------------|------|------|-------|------|---------|----------------|------|-------|------|---------|------|------|--------|----------------|------|-------|--------------|\n|                                |      |      |       | ST-P | 3 Metri | cs             |      |       |      |         |      | UniA | D Metr | ics            |      |       |              |\n| Method                         |      | L2   | (m) ↓ |      |         | Collision(%) ↓ |      |       |      | L2(m) ↓ |      |      |        | Collision(%) ↓ |      |       | -<br>FPS     |\n|                                | 1s   | 2s   | 3s    | Avg. | 1s      | 2s             | 3s   | Avg.  | 1s   | 2s      | 3s   | Avg. | 1s     | 2s             | 3s   | Avg.  |              |\n| ST-P3[9]                       | 1.33 | 2.11 | 2.90  | 2.11 | 0.23    | 0.62           | 1.27 | 0.71  | -    | -       | -    | -    | -      | -              | -    | -     | 1.6          |\n| VAD-Base[12]                   | 0.41 | 0.70 | 1.05  | 0.72 | 0.07    | 0.17           | 0.41 | 0.22  | -    | -       | -    | -    | -      | -              | -    | -     | 4.5          |\n| VAD-Tiny[12]                   | 0.46 | 0.76 | 1.12  | 0.78 | 0.21    | 0.35           | 0.58 | 0.38  | -    | -       | -    | -    | -      | -              | -    | -     | 16.8         |\n| UniAD[10]                      | -    | -    | -     | -    | -       | -              | -    | -     | 0.48 | 0.96    | 1.65 | 1.03 | 0.05   | 0.17           | 0.71 | 0.31  | 1.8          |\n| GenAD[31]                      | 0.28 | 0.49 | 0.78  | 0.52 | 0.08    | 0.14           | 0.34 | 0.19  | 0.36 | 0.83    | 1.55 | 0.91 | 0.06   | 0.23           | 1.00 | 0.43  | 6.7          |\n| BEV-Planner[18]                | 0.28 | 0.42 | 0.68  | 0.46 | 0.04    | 0.37           | 1.07 | 0.49  | -    | -       | -    | -    | -      | -              | -    | -     | _            |\n| LAW[16]                        | 0.26 | 0.57 | 1.01  | 0.61 | 0.14    | 0.21           | 0.54 | 0.30  | -    | -       | -    | -    | -      | -              | -    | -     | 19.5         |\n| VAD-Tiny[12]                   | 0.46 | 0.76 | 1.12  | 0.78 | 0.21    | 0.35           | 0.58 | 0.38  | -    | -       | -    | -    | -      | -              | -    | -     | 9.8†         |\n| $E^3AD(VAD-Tiny)$              | 0.40 | 0.66 | 0.98  | 0.68 | 0.18    | 0.33           | 0.55 | 0.35  | -    | -       | -    | -    | -      | -              | -    | -     | 8.8†         |\n| VAD-Base[12]                   | 0.41 | 0.70 | 1.05  | 0.72 | 0.07    | 0.17           | 0.41 | 0.22  | -    | -       | -    | -    | -      | -              | -    | -     | 3.8†         |\n| $E^3AD(VAD\\text{-}Base)$       | 0.35 | 0.62 | 0.96  | 0.64 | 0.06    | 0.13           | 0.36 | 0.18* | -    | -       | -    | -    | -      | -              | -    | -     | 3.7†         |\n| UniAD[10]                      | -    | -    | -     | -    | -       | -              | -    | -     | 0.48 | 0.96    | 1.65 | 1.03 | 0.05   | 0.17           | 0.71 | 0.31  | 1.4†         |\n| $E^3AD(UniAD)$                 | -    | -    | -     | -    | -       | -              | -    | -     | 0.48 | 0.96    | 1.64 | 1.03 | 0.07   | 0.10           | 0.52 | 0.23* | $1.4\\dagger$ |\n| GenAD(official checkpoint)[31] | 0.25 | 0.46 | 0.76  | 0.49 | 0.11    | 0.21           | 0.45 | 0.26  | 0.33 | 0.81    | 1.58 | 0.91 | 0.06   | 0.43           | 1.19 | 0.56  | 6.7†         |\n| GenAD(Reproduce)               | 0.25 | 0.46 | 0.76  | 0.49 | 0.14    | 0.26           | 0.50 | 0.30  | 0.33 | 0.79    | 1.58 | 0.90 | 0.17   | 0.49           | 1.15 | 0.60  | 6.7†         |\n| $E^3AD(GenAD)$                 | 0.24 | 0.44 | 0.74  | 0.47 | 0.10    | 0.21           | 0.42 | 0.24  | 0.32 | 0.78    | 1.52 | 0.87 | 0.15   | 0.35           | 1.09 | 0.53  | 6.6†         |\n| LAW[16]                        | 0.26 | 0.57 | 1.01  | 0.61 | 0.14    | 0.21           | 0.54 | 0.30  | -    | -       | -    | -    | -      | -              | -    | -     | 16.5†        |\n| $E^3AD(LAW)$                   | 0.28 | 0.57 | 0.98  | 0.61 | 0.11    | 0.13           | 0.42 | 0.22  | -    | -       | -    | -    | -      | -              | -    | -     | 16.1†        |\n\nTable 2: Open-loop and Closed-loop Results of E2E-AD Methods in Bench2Drive under base training set.\n\n| Method                     | Open-loop Metric | Closed- | loop Metric |\n|----------------------------|------------------|---------|-------------|\n| 1/10/11/04                 | Avg.L2(m) ↓      | DS ↑    | SR(%)↑      |\n| AD-MLP                     | 3.64             | 18.05   | 0.00        |\n| UniAD-Tiny                 | 0.80             | 40.73   | 13.18       |\n| UniAD-Base                 | 0.73             | 45.81   | 16.36       |\n| VAD                        | 0.91             | 42.35   | 15.00       |\n| $E^3AD(UniAD\\text{-}Base)$ | 0.69             | 50.07   | 20.12       |\n| $E^3AD(VAD)$               | 0.86             | 47.63   | 19.54       |\n\nTable 3: Ablation study on the impact of the Driving-Thinking model on driving models is conducted, using the  $E^3AD(VAD-Base)$  as the experimental baseline.\n\n| Contrasti    | ve Learning  | Freeze        | L2(m) ↓ |      |      |      |      | Collision(%) $\\downarrow$ |      |      |  |  |\n|--------------|--------------|---------------|---------|------|------|------|------|---------------------------|------|------|--|--|\n| Expert       | Novice       | Video Encoder | 1s      | 2s   | 3s   | Avg. | 1s   | 2s                        | 3s   | Avg. |  |  |\n| -            | -            | ✓             | 0.39    | 0.68 | 1.02 | 0.70 | 0.13 | 0.21                      | 0.40 | 0.25 |  |  |\n| $\\checkmark$ | $\\checkmark$ | -             | 0.40    | 0.64 | 1.04 | 0.69 | 0.15 | 0.18                      | 0.42 | 0.25 |  |  |\n| $\\checkmark$ | -            | $\\checkmark$  | 0.33    | 0.59 | 0.92 | 0.61 | 0.05 | 0.18                      | 0.40 | 0.21 |  |  |\n| -            | $\\checkmark$ | $\\checkmark$  | 0.38    | 0.65 | 0.99 | 0.67 | 0.07 | 0.18                      | 0.38 | 0.21 |  |  |\n| $\\checkmark$ | $\\checkmark$ | ✓             | 0.35    | 0.62 | 0.96 | 0.64 | 0.06 | 0.13                      | 0.36 | 0.18 |  |  |\n\nTable 4: Comparison of different Frameworks, using the E3AD(V AD − Base) as the baseline.\n\n|                                          |      |      | L2(m) ↓ |      |      | Collision(%)↓ |      |      |  |  |\n|------------------------------------------|------|------|---------|------|------|---------------|------|------|--|--|\n| Framework                                | 1s   | 2s   | 3s      | Avg. | 1s   | 2s            | 3s   | Avg. |  |  |\n| Attach to Spatio-temporal features       | 0.38 | 0.67 | 1.02    | 0.69 | 0.09 | 0.17          | 0.39 | 0.22 |  |  |\n| Interact with the Ego Query              | 0.37 | 0.66 | 1.04    | 0.69 | 0.06 | 0.14          | 0.41 | 0.20 |  |  |\n| Interact with the Planning Features 0.35 |      | 0.62 | 0.96    | 0.64 | 0.06 | 0.13          | 0.36 | 0.18 |  |  |"
      },
      {
        "heading": "4.2 Dataset and Metrics of E3AD",
        "text": "We conducted experiments on the publicly available nuScenes dataset [\\[1\\]](#page-9-12), which provides 1,000 urban driving scenes under diverse weather conditions. The dataset includes 700 training, 150 validation, and 150 test scenes, each lasting about 20 s with keyframes annotated at 2 Hz. It offers multi-sensor inputs, including six cameras with 360◦ horizontal FOV, a LiDAR, radar, and IMUs. Following established end-to-end model testing methodologies [\\[9,](#page-9-13) [10,](#page-9-0) [12\\]](#page-9-1), we employ l<sup>2</sup> displacement errors and collision rates as metrics to evaluate the quality of the planning process. For closed-loop evaluation, we use Bench2Drive[\\[11\\]](#page-9-14), which under CARLA Leaderboard 2.0 for end-to-end autonomous driving. It provides an official training set, where we use the base set (1000 clips) for fair comparison with all the other baselines. We use the official 220 routes for evaluation."
      },
      {
        "heading": "4.3 Main Result",
        "text": "Open-Loop Evaluation Our method achieves outstanding performance on the NuScenes dataset, as shown in Tab. [1.](#page-6-0) In line with recent studies, we recognize that the L2 error primarily reflects model convergence, yet we report it for completeness. According to the experimental results, after applying the E3AD method, the average collision rates of UniAD and VAD-Base decreased by 0.08% (25.8% relatively) and 0.04% (18.2% relatively), respectively, even surpassing the recent state-of-the-art methods. In addition, the convergence L2 errors were reduced by 0.08 m (11.1% relatively) and 0.05 m (6.7% relatively), respectively. Moreover, the E3AD method is also applicable to the lightweight VAD-Tiny model, where the average collision rate and the L2 error was significantly discreased. It is worth noting that, beyond the aforementioned autoregressive trajectory generation framework, our approach generalizes well to other paradigms, including GenAD, which employs a VAE-based trajectory generation mechanism, and LAW, which leverages world model theory for self-supervised BEV feature learning. In both cases, our method yields consistent improvements compared to the official checkpoints and our reproduced results. Despite these improvements, our method maintains the efficient inference speed of lightweight driving models.\n\nClosed-Loop Evaluation As presented in Tab. [2.](#page-6-1) In the CARLA simulation environment, our method significantly outperforms vision-based baseline driving models on the challenging Bench2Drive benchmark in terms of route completion rate and driving score. After enhancement with our approach, the completion rates of the UniAD and VAD baselines reduced by 3.76% (23.0% relatively) and 4.54% (30.3% relatively), and the driving scores also increased by 4.26 (10.1% relatively) and 5.28 (12.5% relatively). In the supplementary material, we present several driving scenarios where the original models failed but could be completed successfully with the E<sup>3</sup>AD method, along with more detailed statistical results for further reference. These findings demonstrate the comprehensive capability and robust performance of E<sup>3</sup>AD in challenging environments."
      },
      {
        "heading": "4.4 Ablation Study and Comparison",
        "text": "In Tab. [3,](#page-6-2)we conducted ablation studies on key components of the Driving-Thinking model. When the Video Encoder was used solely as a pretrained visual feature extraction network without contrastive learning with LaBraM, experimental results showed that the additional visual features were redundant and did not yield performance improvements. Furthermore, when the Driving-Thinking model was unfrozen during the stage 2 training phase, the model tended to forget the acquired driving cognition during random training, which similarly did not lead to any improvement. These results comprehensively validate the effectiveness of the proposed contrastive learning paradigm, in which the Video Encoder learns from the features of LaBraM.\n\nIn addition, we conducted ablation studies on the sources of EEG data. Compared to novice drivers, using EEG from expert drivers significantly reduced the L2 error by bringing the model outputs closer to expert trajectories. Meanwhile, both expert and novice EEG enhanced the driving performance of the model by reducing collision rates. We also observed that, by mixing EEG data from both expert and novice drivers and training the Driving-Thinking model with a larger volume of EEG data, the driving performance of the model could be further improved.\n\nIn Tab. [4,](#page-7-0) we compared the three frameworks described in Section [3.3.](#page-4-0) Detailed experimental data on the design specifications and hyperparameter selection for each framework are provided in the supplementary material. Here, we present only the results of the optimal configurations. The first framework did not yield significant improvements, while both the second and third frameworks enhanced the model's driving ability by reducing collision rates and L2 error. Notably, the third framework achieved the greatest improvement in driving performance. These results demonstrate that the Driving-Thinking model learns high-level planning-related cognition, which can directly enhance the planning performance of driving models."
      },
      {
        "heading": "4.5 Analysis and Discussion",
        "text": "What enhances E2E-AD? Our ablation studies demonstrate that the improvements brought by E3AD to end-to-end autonomous driving baseline models do not originate from additional visual feature inputs, nor from the capacity of the Video Swin Transformer framework, but rather from the process of contrastive learning with LaBraM. LaBraM is a powerful brain-inspired large model capable of extracting general features from input EEG signals to accomplish complex and diverse downstream tasks. By learning on paired EEG and video data, the Driving-Thinking model can acquire corresponding driving cognition from the brain feature space based on visual inputs. Our experiments confirm that the information learned from the brain-inspired large model is what assists the driving model's planning, indicating that it is indeed driving cognition that benefits E2E-AD.\n\nHow driving cognition enhances E2E-AD? To investigate the mechanisms by which driving cognition enhances E2E-AD, we first formulated three hypotheses. Specifically, we hypothesized that the driving cognition learned by the Driving-Thinking model falls into three categories: visual feature attention, understanding, and decision reasoning. Each of these categories represents a hypothesis at an increasing level of cognitive difficulty and complexity. For each hypothesis, we carefully designed a corresponding framework, enabling the driving cognition associated with each hypothesis to enhance key planning features in an appropriate manner. Our experiments show that the effectiveness of the three frameworks in improving E2E-AD also increases correspondingly. This suggests that, for end-to-end driving tasks, the greatest improvements may result from high-level driving cognition, including knowledge related to human-like decision reasoning."
      },
      {
        "heading": "5 Contributions and Limitations",
        "text": "The E<sup>3</sup>AD paradigm is the first to incorporate human driving cognition to enhance end-to-end autonomous driving models. It can be directly applied to baseline models, achieving substantial improvements in driving performance with small computational cost, while reaching the level of state-of-the-art methods. Moreover, this study making novel contributions to the field of embodied human intelligence augmentation in AI algorithms. However, due to the cost and time of EEG acquisition and processing, the paired EEG–video dataset is relatively small. In addition, the precise mechanisms by which EEG alignment enhances planning have not been fully explored. To address these limitations, we commit to publicly releasing the dataset and data collection procedures soon to facilitate data expansion. Furthermore, our future work will investigate the models' underlying mechanisms."
      }
    ],
    "references": [
      {
        "title": "nuscenes: A multimodal dataset for autonomous driving",
        "author": [
          "Holger Caesar",
          "Varun Bankiti",
          "Alex H Lang",
          "Sourabh Vora",
          "Venice Erin Liong",
          "Qiang Xu",
          "Anush Krishnan",
          "Yu Pan",
          "Giancarlo Baldan",
          "Oscar Beijbom"
        ],
        "venue": "In Proceedings of the IEEE/CVF conference on computer vision and pattern recognition, pages 11621–11631",
        "citeRegEx": "Caesar et al\\\\.,? 2020",
        "shortCiteRegEx": "Caesar et al\\\\.",
        "year": 2020
      },
      {
        "title": "Mp3: A unified model to map, perceive, predict and plan",
        "author": [
          "Sergio Casas",
          "Abbas Sadat",
          "Raquel Urtasun"
        ],
        "venue": "In Proceedings of the IEEE/CVF Conference on Computer Vision and Pattern Recognition, pages 14403–14412",
        "citeRegEx": "Casas et al\\\\.,? 2021",
        "shortCiteRegEx": "Casas et al\\\\.",
        "year": 2021
      },
      {
        "title": "Gri: General reinforced imitation and its application to vision-based autonomous driving",
        "author": [
          "Raphael Chekroun",
          "Marin Toromanoff",
          "Sascha Hornauer",
          "Fabien Moutarde"
        ],
        "venue": "Robotics, 12(5):127",
        "citeRegEx": "Chekroun et al\\\\.,? 2023",
        "shortCiteRegEx": "Chekroun et al\\\\.",
        "year": 2023
      },
      {
        "title": "Learning to drive from a world on rails",
        "author": [
          "Dian Chen",
          "Vladlen Koltun",
          "Philipp Krähenbühl"
        ],
        "venue": "In Proceedings of the IEEE/CVF International Conference on Computer Vision, pages 15590–15599",
        "citeRegEx": "Chen et al\\\\.,? 2021",
        "shortCiteRegEx": "Chen et al\\\\.",
        "year": 2021
      },
      {
        "title": "Cogbert: Cognition-guided pretrained language models",
        "author": [
          "Xiao Ding",
          "Bowen Chen",
          "Li Du",
          "Bing Qin",
          "Ting Liu"
        ],
        "venue": "In Proceedings of the 29th International Conference on Computational Linguistics, pages 3210–3225",
        "citeRegEx": "Ding et al\\\\.,? 2022",
        "shortCiteRegEx": "Ding et al\\\\.",
        "year": 2022
      },
      {
        "title": "Large scale interactive motion forecasting for autonomous driving: The waymo open motion dataset",
        "author": [
          "Scott Ettinger",
          "Shuyang Cheng",
          "Benjamin Caine",
          "Chenxi Liu",
          "Hang Zhao",
          "Sabeek Pradhan",
          "Yuning Chai",
          "Ben Sapp",
          "Charles R Qi",
          "Yin Zhou",
          "et al"
        ],
        "venue": "In Proceedings of the IEEE/CVF International Conference on Computer Vision, pages 9710–9719",
        "citeRegEx": "Ettinger et al\\\\.,? 2021",
        "shortCiteRegEx": "Ettinger et al\\\\.",
        "year": 2021
      },
      {
        "title": "World models for autonomous driving: An initial survey",
        "author": [
          "Yanchen Guan",
          "Haicheng Liao",
          "Zhenning Li",
          "Jia Hu",
          "Runze Yuan",
          "Yunjian Li",
          "Guohui Zhang",
          "Chengzhong Xu"
        ],
        "venue": "IEEE Transactions on Intelligent Vehicles",
        "citeRegEx": "Guan et al\\\\.,? 2024",
        "shortCiteRegEx": "Guan et al\\\\.",
        "year": 2024
      },
      {
        "title": "Safe local motion planning with self-supervised freespace forecasting",
        "author": [
          "Peiyun Hu",
          "Aaron Huang",
          "John Dolan",
          "David Held",
          "Deva Ramanan"
        ],
        "venue": "In Proceedings of the IEEE/CVF Conference on Computer Vision and Pattern Recognition, pages 12732–12741",
        "citeRegEx": "Hu et al\\\\.,? 2021",
        "shortCiteRegEx": "Hu et al\\\\.",
        "year": 2021
      },
      {
        "title": "St-p3: End-to-end vision-based autonomous driving via spatial-temporal feature learning",
        "author": [
          "Shengchao Hu",
          "Li Chen",
          "Penghao Wu",
          "Hongyang Li",
          "Junchi Yan",
          "Dacheng Tao"
        ],
        "venue": "In European Conference on Computer Vision, pages 533–549. Springer",
        "citeRegEx": "Hu et al\\\\.,? 2022",
        "shortCiteRegEx": "Hu et al\\\\.",
        "year": 2022
      },
      {
        "title": "Planning-oriented autonomous driving",
        "author": [
          "Yihan Hu",
          "Jiazhi Yang",
          "Li Chen",
          "Keyu Li",
          "Chonghao Sima",
          "Xizhou Zhu",
          "Siqi Chai",
          "Senyao Du",
          "Tianwei Lin",
          "Wenhai Wang",
          "et al"
        ],
        "venue": "In Proceedings of the IEEE/CVF Conference on Computer Vision and Pattern Recognition, pages 17853–17862",
        "citeRegEx": "Hu et al\\\\.,? 2023",
        "shortCiteRegEx": "Hu et al\\\\.",
        "year": 2023
      },
      {
        "title": "Bench2drive: Towards multi-ability benchmarking of closed-loop end-to-end autonomous driving",
        "author": [
          "Xiaosong Jia",
          "Zhenjie Yang",
          "Qifeng Li",
          "Zhiyuan Zhang",
          "Junchi Yan"
        ],
        "venue": "arXiv preprint arXiv:2406.03877",
        "citeRegEx": "Jia et al\\\\.,? 2024",
        "shortCiteRegEx": "Jia et al\\\\.",
        "year": 2024
      },
      {
        "title": "Vad: Vectorized scene representation for efficient autonomous driving",
        "author": [
          "Bo Jiang",
          "Shaoyu Chen",
          "Qing Xu",
          "Bencheng Liao",
          "Jiajie Chen",
          "Helong Zhou",
          "Qian Zhang",
          "Wenyu Liu",
          "Chang Huang",
          "Xinggang Wang"
        ],
        "venue": "In Proceedings of the IEEE/CVF International Conference on Computer Vision, pages 8340–8350",
        "citeRegEx": "Jiang et al\\\\.,? 2023",
        "shortCiteRegEx": "Jiang et al\\\\.",
        "year": 2023
      },
      {
        "title": "Large brain model for learning generic representations with tremendous eeg data in bci",
        "author": [
          "Wei-Bang Jiang",
          "Li-Ming Zhao",
          "Bao-Liang Lu"
        ],
        "venue": "arXiv preprint arXiv:2405.18765",
        "citeRegEx": "Jiang et al\\\\.,? 2024",
        "shortCiteRegEx": "Jiang et al\\\\.",
        "year": 2024
      },
      {
        "title": "Navigation-guided sparse scene representation for end-to-end autonomous driving",
        "author": [
          "Peidong Li",
          "Dixiao Cui"
        ],
        "venue": "In The Thirteenth International Conference on Learning Representations.",
        "citeRegEx": "",
        "shortCiteRegEx": "Li et al\\\\.",
        "year": null
      },
      {
        "title": "Deepfusion: Lidar-camera deep fusion for multi-modal 3d object detection",
        "author": [
          "Yingwei Li",
          "Adams Wei Yu",
          "Tianjian Meng",
          "Ben Caine",
          "Jiquan Ngiam",
          "Daiyi Peng",
          "Junyang Shen",
          "Yifeng Lu",
          "Denny Zhou",
          "Quoc V Le",
          "et al"
        ],
        "venue": "In Proceedings of the IEEE/CVF conference on computer vision and pattern recognition, pages 17182–17191",
        "citeRegEx": "Li et al\\\\.,? 2022",
        "shortCiteRegEx": "Li et al\\\\.",
        "year": 2022
      },
      {
        "title": "Enhancing end-to-end autonomous driving with latent world model",
        "author": [
          "Yingyan Li",
          "Lue Fan",
          "Jiawei He",
          "Yuqi Wang",
          "Yuntao Chen",
          "Zhaoxiang Zhang",
          "Tieniu Tan"
        ],
        "venue": "arXiv preprint arXiv:2406.08481",
        "citeRegEx": "Li et al\\\\.,? 2024",
        "shortCiteRegEx": "Li et al\\\\.",
        "year": 2024
      },
      {
        "title": "Bevformer: Learning bird's-eye-view representation from multi-camera images via spatiotemporal transformers",
        "author": [
          "Zhiqi Li",
          "Wenhai Wang",
          "Hongyang Li",
          "Enze Xie",
          "Chonghao Sima",
          "Tong Lu",
          "Yu Qiao",
          "Jifeng Dai"
        ],
        "venue": "In European conference on computer vision, pages 1–18. Springer",
        "citeRegEx": "Li et al\\\\.,? 2022",
        "shortCiteRegEx": "Li et al\\\\.",
        "year": 2022
      },
      {
        "title": "Is ego status all you need for open-loop end-to-end autonomous driving? In Proceedings of the IEEE/CVF Conference on Computer Vision and Pattern Recognition, pages 14864–14873, 2024",
        "author": [
          "Zhiqi Li",
          "Zhiding Yu",
          "Shiyi Lan",
          "Jiahan Li",
          "Jan Kautz",
          "Tong Lu",
          "Jose M Alvarez"
        ],
        "venue": "",
        "citeRegEx": "Li et al\\\\.,? 2024",
        "shortCiteRegEx": "Li et al\\\\.",
        "year": 2024
      },
      {
        "title": "A cognitive-based trajectory prediction approach for autonomous driving",
        "author": [
          "Haicheng Liao",
          "Yongkang Li",
          "Zhenning Li",
          "Chengyue Wang",
          "Zhiyong Cui",
          "Shengbo Eben Li",
          "Chengzhong Xu"
        ],
        "venue": "IEEE Transactions on Intelligent Vehicles",
        "citeRegEx": "Liao et al\\\\.,? 2024",
        "shortCiteRegEx": "Liao et al\\\\.",
        "year": 2024
      },
      {
        "title": "A cognitive-driven trajectory prediction model for autonomous driving in mixed autonomy environment",
        "author": [
          "Haicheng Liao",
          "Zhenning Li",
          "Chengyue Wang",
          "Bonan Wang",
          "Hanlin Kong",
          "Yanchen Guan",
          "Guofa Li",
          "Zhiyong Cui",
          "Chengzhong Xu"
        ],
        "venue": "arXiv preprint arXiv:2404.17520",
        "citeRegEx": "Liao et al\\\\.,? 2024",
        "shortCiteRegEx": "Liao et al\\\\.",
        "year": 2024
      },
      {
        "title": "Video swin transformer",
        "author": [
          "Ze Liu",
          "Jia Ning",
          "Yue Cao",
          "Yixuan Wei",
          "Zheng Zhang",
          "Stephen Lin",
          "Han Hu"
        ],
        "venue": "In Proceedings of the IEEE/CVF conference on computer vision and pattern recognition, pages 3202–3211",
        "citeRegEx": "Liu et al\\\\.,? 2022",
        "shortCiteRegEx": "Liu et al\\\\.",
        "year": 2022
      },
      {
        "title": "Alvinn: An autonomous land vehicle in a neural network",
        "author": [
          "Dean A Pomerleau"
        ],
        "venue": "Advances in neural information processing systems, 1",
        "citeRegEx": "Pomerleau et al\\\\.,? 1988",
        "shortCiteRegEx": "Pomerleau et al\\\\.",
        "year": 1988
      },
      {
        "title": "Learning transferable visual models from natural language supervision",
        "author": [
          "Alec Radford",
          "Jong Wook Kim",
          "Chris Hallacy",
          "Aditya Ramesh",
          "Gabriel Goh",
          "Sandhini Agarwal",
          "Girish Sastry",
          "Amanda Askell",
          "Pamela Mishkin",
          "Jack Clark",
          "et al"
        ],
        "venue": "In International conference on machine learning, pages 8748–8763. PmLR",
        "citeRegEx": "Radford et al\\\\.,? 2021",
        "shortCiteRegEx": "Radford et al\\\\.",
        "year": 2021
      },
      {
        "title": "Inducing brain-relevant bias in natural language processing models",
        "author": [
          "Dan Schwartz",
          "Mariya Toneva",
          "Leila Wehbe"
        ],
        "venue": "Advances in neural information processing systems, 32",
        "citeRegEx": "Schwartz et al\\\\.,? 2019",
        "shortCiteRegEx": "Schwartz et al\\\\.",
        "year": 2019
      },
      {
        "title": "Scalability in perception for autonomous driving: Waymo open dataset",
        "author": [
          "Pei Sun",
          "Henrik Kretzschmar",
          "Xerxes Dotiwalla",
          "Aurelien Chouard",
          "Vijaysai Patnaik",
          "Paul Tsui",
          "James Guo",
          "Yin Zhou",
          "Yuning Chai",
          "Benjamin Caine",
          "et al"
        ],
        "venue": "In Proceedings of the IEEE/CVF conference on computer vision and pattern recognition, pages 2446–2454",
        "citeRegEx": "Sun et al\\\\.,? 2020",
        "shortCiteRegEx": "Sun et al\\\\.",
        "year": 2020
      },
      {
        "title": "A survey of end-to-end driving: Architectures and training methods",
        "author": [
          "Ardi Tampuu",
          "Tambet Matiisen",
          "Maksym Semikin",
          "Dmytro Fishman",
          "Naveed Muhammad"
        ],
        "venue": "IEEE Transactions on Neural Networks and Learning Systems, 33(4):1364–1384",
        "citeRegEx": "Tampuu et al\\\\.,? 2020",
        "shortCiteRegEx": "Tampuu et al\\\\.",
        "year": 2020
      },
      {
        "title": "End-to-end model-free reinforcement learning for urban driving using implicit affordances",
        "author": [
          "Marin Toromanoff",
          "Emilie Wirbel",
          "Fabien Moutarde"
        ],
        "venue": "In Proceedings of the IEEE/CVF conference on computer vision and pattern recognition, pages 7153–7162",
        "citeRegEx": "Toromanoff et al\\\\.,? 2020",
        "shortCiteRegEx": "Toromanoff et al\\\\.",
        "year": 2020
      },
      {
        "title": "Neural discrete representation learning",
        "author": [
          "Aaron Van Den Oord",
          "Oriol Vinyals",
          "et al"
        ],
        "venue": "Advances in neural information processing systems, 30",
        "citeRegEx": "Oord et al\\\\.,? 2017",
        "shortCiteRegEx": "Oord et al\\\\.",
        "year": 2017
      },
      {
        "title": "Unitr: A unified and efficient multi-modal transformer for bird's-eye-view representation",
        "author": [
          "Haiyang Wang",
          "Hao Tang",
          "Shaoshuai Shi",
          "Aoxue Li",
          "Zhenguo Li",
          "Bernt Schiele",
          "Liwei Wang"
        ],
        "venue": "In Proceedings of the IEEE/CVF international conference on computer vision, pages 6792–6802",
        "citeRegEx": "Wang et al\\\\.,? 2023",
        "shortCiteRegEx": "Wang et al\\\\.",
        "year": 2023
      },
      {
        "title": "Rethinking the open-loop evaluation of end-to-end autonomous driving in nuscenes",
        "author": [
          "Jiang-Tian Zhai",
          "Ze Feng",
          "Jinhao Du",
          "Yongqiang Mao",
          "Jiang-Jiang Liu",
          "Zichang Tan",
          "Yifu Zhang",
          "Xiaoqing Ye",
          "Jingdong Wang"
        ],
        "venue": "arXiv preprint arXiv:2305.10430",
        "citeRegEx": "Zhai et al\\\\.,? 2023",
        "shortCiteRegEx": "Zhai et al\\\\.",
        "year": 2023
      },
      {
        "title": "Genad: Generative end-to-end autonomous driving",
        "author": [
          "Wenzhao Zheng",
          "Ruiqi Song",
          "Xianda Guo",
          "Chenming Zhang",
          "Long Chen"
        ],
        "venue": "In European Conference on Computer Vision, pages 87–104. Springer",
        "citeRegEx": "Zheng et al\\\\.,? 2024",
        "shortCiteRegEx": "Zheng et al\\\\.",
        "year": 2024
      }
    ]
  }
}