{
  "forum_id": "0vJJdEiXOb",
  "metadata": {
    "source": "NeurIPS",
    "year": 2025,
    "title": "Reconstruction and Secrecy under Approximate Distance Queries",
    "abstractText": "Consider the task of locating an unknown target point using approximate distance queries: in each round, a reconstructor selects a reference point and receives a noisy version of its distance to the target. This problem arises naturally in various contexts—ranging from localization in GPS and sensor networks to privacy-aware data access—and spans a wide variety of metric spaces. It is relevant from the perspective of both the reconstructor (seeking accurate recovery) and the responder (aiming to limit information disclosure, e.g., for privacy or security reasons). We study this reconstruction game through a learning-theoretic lens, focusing on the rate and limits of the best possible reconstruction error. Our first result provides a tight geometric characterization of the optimal error in terms of the Chebyshev radius, a classical concept from geometry. This characterization applies to all compact metric spaces (in fact, even to all totally bounded spaces) and yields explicit formulas for natural metric spaces. Our second result addresses the asymptotic behavior of reconstruction, distinguishing between pseudo-finite spaces—where the optimal error is attained after finitely many queries—and spaces where the approximation curve exhibits a nontrivial decay. We characterize pseudo-finiteness for convex Euclidean spaces.",
    "sections": [
      {
        "heading": "1 Introduction",
        "text": "In the *reconstruction game*, a reconstructor seeks to locate an unknown point  $x^\\star$  in a metric space  $(X, \\operatorname{dist}_X)$  using a sequence of approximate distance queries. In each round, the reconstructor selects a query point  $q_t \\in X$  and receives a response  $\\hat{d}_t$  that approximates the true distance  $\\operatorname{dist}_X(q_t, x^\\star)$ . The approximation is controlled by two error parameters:  $\\epsilon \\geq 0$ , which bounds the multiplicative error, and  $\\delta \\geq 0$ , which bounds the additive error. Specifically, the response satisfies  $\\hat{d}_t = \\epsilon, \\delta \\operatorname{dist}_X(q_t, x^\\star)$ , where\n\n$$x = \\epsilon, \\delta y$$\n means that  $x \\le (1 + \\epsilon)y + \\delta$  and  $y \\le (1 + \\epsilon)x + \\delta$ .\n\nAfter a bounded number of such queries, the reconstructor outputs a guess  $\\hat{x} \\in X$  and aims to minimize the reconstruction error  $\\mathrm{dist}_X(\\hat{x}, x^*)$ .\n\nThis simple game arises in a wide range of natural scenarios. In *privacy-preserving data analysis*, it models the trade-off between utility and privacy: a responder must answer queries while protecting sensitive data, as in the foundational work of [Dinur and Nissim, 2003] that initiated the study of differential privacy<sup>1</sup>. In *computational geometry*, related questions arise when inferring geometric structures from noisy measurements [Disser and Skiena, 2017]. In *remote sensing*, satellites and sensors reconstruct physical information—such as terrain or atmospheric properties—from indirect and error-prone signals [Twomey, 1977]. Similar structures also appear in *learning theory*: for instance, hypothesis selection and distribution learning via statistical queries can be framed as reconstruction problems over suitable metric spaces.\n\n<sup>&</sup>lt;sup>1</sup>The reconstruction model studied by Dinur and Nissim uses counting (or linear) queries, but it is essentially equivalent to our model with distance queries. We elaborate on this connection at Example 1.\n\nThe reconstruction game captures a natural tension between two objectives: recovering hidden information and limiting what can be revealed. From the reconstructor's perspective, the task is to approximate an unknown point from noisy distance measurements. This challenge arises in a variety of applications, including navigation, search-and-rescue, and remote sensing, where inference must be made under uncertainty. On the other side, the responder may wish to share useful information while restricting what can be inferred—whether for reasons of privacy, security, or resource constraints. This interplay between noisy access and limited disclosure makes the model relevant across several domains.\n\nWhile this framework treats the reconstructor and the responder symmetrically, assigning equal roles to both players, our technical results are directed toward understanding the limits of what the reconstructor can achieve. We present two main contributions:\n\n**Limit of optimal reconstruction (Theorem 2).** We characterize the optimal approximation error that the reconstructor can guarantee in the limit, as the number of queries tends to infinity. This error depends on the metric space and the approximation parameters  $\\epsilon$  and  $\\delta$ , and our characterization applies to all totally bounded metric spaces. The result is expressed in terms of a classical geometric quantity: the Chebyshev radius. This limiting error plays a role analogous to the Bayes optimal error in statistical learning: it captures the best achievable performance in the presence of noise, regardless of the specific strategy or number of queries. Our result provides a geometric characterization and interpretation of this optimum in the context of the reconstruction game.\n\n**Pseudo-finite Spaces (Theorem 6).** Beyond the limiting error, a central question concerns the rate at which this optimum is approached as a function of the number of queries. This question is inherently rich and depends delicately on the geometry of the space. It is analogous to the study of *learning curves* in statistical learning theory, which quantify how the performance of a learner improves with more data. We initiate the study of this question in our setting by identifying and analyzing a fundamental distinction between *pseudo-finite* spaces—where finitely many queries suffice to reach the optimum—and spaces where convergence is gradual. We show that this notion is already subtle and nontrivial, and we provide a characterization of pseudo-finiteness for convex Euclidean spaces."
      },
      {
        "heading": "1.1 Problem Setup and Main Results",
        "text": "We now define the *reconstruction game*, a formal interaction between two players: a *reconstructor* (RC) and a *responder* (RSP). The game takes place in a metric space  $(X, \\operatorname{dist}_X)$ , where X is the domain and  $\\operatorname{dist}_X: X \\times X \\to \\mathbb{R}_{\\geq 0}$  is a distance function. The interaction is governed by two error parameters:  $\\epsilon \\geq 0$ , controlling multiplicative distortion, and  $\\delta \\geq 0$ , controlling additive distortion."
      },
      {
        "heading": "1.2 Optimal Reconstruction Distance",
        "text": "At each point in the game, the sequence of query–response pairs received so far determines a *feasible region*—the set of points in X that are consistent with all previous answers under the error model. The size and geometry of this region reflect the remaining uncertainty about the secret point. From the reconstructor's perspective, the goal is to make this region as small as possible, ideally identifying a point that is close to every element in it. We measure the performance of a reconstruction strategy by the worst-case distance between the output xˆ<sup>T</sup> and any point in the feasible region. The key quantity we study is the optimal worst-case guarantee achievable by the reconstructor after T queries, denoted by\n\n\n$$OPT_X(T, \\epsilon, \\delta) := \\inf_{RC} \\sup_{RSP} \\sup_{x \\in \\Phi_T} \\operatorname{dist}_X(\\hat{x}_T, x). \\tag{1}$$\n\nHere, Φ<sup>T</sup> ⊆ X is the *feasible region*—the set of points that remain consistent with the transcript (i.e., the sequence of queries and responses) {(qt, ˆdt)} T t=1\n\n\n$$\\Phi(\\{q_i, r_i\\}_{i=1}^T) := \\{x \\in X \\mid \\text{ for all } 1 \\le i \\le T : \\text{ dist}_X(x, q_i) =_{\\epsilon, \\delta} r_i \\}.$$\n (2)\n\nThe infimum ranges over all strategies employed by the reconstructor, and each such strategy is evaluated in the worst case: against the most adversarial responder strategy (subject to consistency), and with respect to the most distant feasible point. For randomized reconstructors, we interpret Equation [\\(1\\)](#page-2-1) by replacing distX(ˆx<sup>T</sup> , x) with E[distX(ˆx<sup>T</sup> , x)], where the expectation is over the\n\n<sup>2</sup>The static metric dimension is the minimum number of reference points needed to uniquely determine any point in the space based on its distances to those references. It corresponds to the non-adaptive variant of our setting, where all queries are fixed in advance.\n\ninternal randomness of the reconstructor. For simplicity of presentation, we assume the reconstructor is deterministic; however, all of our results and proofs extend to the randomized setting.\n\nMuch of our focus will be on understanding how this function behaves as  $T \\to \\infty$ , and how it depends on the geometry of the underlying metric space X. Our first main result concerns the asymptotic quantity\n\n$$\\mathrm{OPT}_X(\\epsilon, \\delta) := \\lim_{T \\to \\infty} \\mathrm{OPT}_X(T, \\epsilon, \\delta),$$\n\nwhich captures the best reconstruction error the reconstructor can guarantee in the limit, as the number of queries grows<sup>3</sup>.\n\nChebyshev Radius. To characterize  $\\mathrm{OPT}_X(\\epsilon, \\delta)$ , we rely on a classical geometric quantity called the *Chebyshev radius*, which captures how well a set can be enclosed by a ball. Let  $(X, \\mathrm{dist}_X)$  be a metric space, and let  $\\alpha > 0$  be a parameter. For any subset  $S \\subseteq X$ , we denote its diameter by  $\\mathrm{diam}(S) := \\sup_{x, y \\in S} \\mathrm{dist}_X(x, y)$ . The *Chebyshev radius* of S, denoted r(S), is defined as\n\n$$r(S) := \\inf_{x \\in X} \\sup_{y \\in S} \\left[ \\operatorname{dist}_X(x, y) \\right],$$\n\nthat is, the smallest radius for which some ball centered in X contains all of S.\n\nWe will also rely on the following quantity that captures the worst-case relationship between sets of diameter at most  $\\alpha$  and the radius of their smallest enclosing ball:\n\n$$\\mathbf{e}_X(\\alpha) := \\sup_{S: \\operatorname{diam}(S) \\le \\alpha} r(S).$$\n\nFor example, in Euclidean space  $(\\mathbb{R}^n, \\ell_2)$ , it is known that for all  $\\alpha > 0$ ,  $e_X(\\alpha) = \\sqrt{\\frac{n}{2(n+1)}} \\cdot \\alpha$ , as shown, for instance, in Blumenthal [1970]'s monograph.\n\nBefore stating our first main result, we recall a standard notion from metric geometry. A metric space  $(X,\\operatorname{dist}_X)$  is said to be *totally bounded* if for every r>0, there exists a finite cover of X by balls of radius r. This is a common weakening of compactness that still ensures many desirable finiteness properties. As we will see in Section 2, this assumption is necessary for the theorem's conclusion; without it, the game can trivialize, allowing the responder to force an approximation error equal to the space's diameter."
      },
      {
        "heading": "1.3 Excess Reconstruction Error",
        "text": "From a learning-theoretic perspective, the limiting error  $\\mathrm{OPT}_X(\\epsilon,\\delta)$  plays a role analogous to the *Bayes optimal* error in statistical learning: it represents the best achievable performance under the constraints of the model. This motivates the study of the *excess reconstruction error*—the difference between the error achieved after T queries and this asymptotic optimum:  $\\mathrm{OPT}_X(T,\\epsilon,\\delta)$  —  $\\mathrm{OPT}_X(\\epsilon,\\delta)$ . Understanding the rate at which this quantity decays as  $T\\to\\infty$  is a natural next step. This question is generally quite challenging and depends intricately on the geometry of the underlying space. As a first step in this direction, our second main result focuses on a basic dichotomy: between spaces where convergence to the optimal error is trivial—i.e., achieved after finitely many queries—and all others. We formalize this notion through the following definition:\n\n**Definition 4** (Pseudo-finite Spaces). A metric space  $(X, \\operatorname{dist}_X)$  is said to be  $(\\epsilon, \\delta)$ -pseudo-finite if there exists a finite constant  $T_{X,\\epsilon,\\delta} < \\infty$  such that\n\n$$\\mathrm{OPT}_X(T, \\epsilon, \\delta) = \\mathrm{OPT}_X(\\epsilon, \\delta)$$\n for all  $T \\geq T_{X,\\epsilon,\\delta}$ .\n\nIt is easy to see that any finite metric space is  $(\\epsilon, \\delta)$ -pseudo-finite for all values of  $\\epsilon, \\delta \\geq 0$ : the reconstructor can simply query every point in the space; and no additional information can be obtained once all points have been queried. Another example of pseudo-finiteness is provided by finite-dimensional Euclidean spaces. The space  $\\mathbb{R}^n$  is (0,0)-pseudo-finite<sup>4</sup> since the reconstructor can determine the exact location of the secret by querying n+1 affinely independent points (see, e.g.[Tillquist et al., 2023]). In contrast, we will see in the next section an example of a totally bounded metric space that is not (0,0)-pseudo-finite.\n\nWe now turn our attention to Euclidean spaces. Naturally, we begin with the simplest case: the real line. Despite its simplicity, the real line exhibits a nuanced pseudo-finiteness behavior that depends on the error parameters. In particular, pseudo-finiteness holds when there is no multiplicative noise, but breaks down as soon as any multiplicative distortion is allowed:\n\n**Proposition 5** (Pseudo-finiteness of the real line). Let  $X = [0,1] \\subseteq \\mathbb{R}$  equipped with the standard Euclidean metric. Then: (i) For every  $\\delta \\geq 0$ , the space X is  $(0,\\delta)$ -pseudo-finite. (ii) For every  $\\epsilon > 0$  and every  $\\delta \\geq 0$ , the space X is not  $(\\epsilon,\\delta)$ -pseudo-finite.\n\nThis proposition follows from our general result below (Theorem 6), but can also be derived more directly in this special case. When  $\\epsilon=0$ , the reconstructor can query one of the endpoints  $q_1\\in\\{0,1\\}$ ; the response confines the secret to an interval of length  $2\\delta$ , and outputting its midpoint yields an error of at most  $\\delta$ , which is optimal<sup>5</sup>. When  $\\epsilon>0$ , the responder can use a binary-search-like strategy to ensure that the feasible region always contains an interval of length strictly greater than  $(2+\\epsilon)\\delta$ , thereby preventing the reconstructor from reaching the optimum in finitely many steps.\n\nHow about higher-dimensional Euclidean spaces—do they exhibit the same behavior as the real line with respect to pseudo-finiteness? Our second main result addresses this question for the class of convex subsets of Euclidean space. To state it, we recall that the *dimension* of a convex set  $X \\subseteq \\mathbb{R}^n$  refers to the dimension of its affine span, i.e., the smallest affine subspace containing X. In higher dimensions, this nuanced behavior disappears: convex subsets of  $\\mathbb{R}^n$  with dimension at least two are never pseudo-finite, regardless of the values of  $\\epsilon$  and  $\\delta$ , as long as they are sufficiently small compared to the diameter."
      },
      {
        "heading": "2 Examples",
        "text": "This section presents illustrative examples of the reconstruction game in a variety of metric spaces. These examples shed light on different aspects of the problem, including the necessity of the assumptions in our main theorems and the range of geometric behaviors that can arise. They also help clarify the role of total boundedness in Theorem [2,](#page-3-0) and lead naturally to an open question about pseudo-finite totally bounded spaces. In contrast to the following sections—which focus more heavily on Euclidean metric spaces in the context of Theorem [6—](#page-4-0)this section is technically lighter and features some more \"exotic\" spaces. Full proofs of the examples discussed here appear in Appendix [F.3.](#page-34-0)"
      },
      {
        "heading": "2.1 Total Boundedness in Theorem [2](#page-3-0)",
        "text": "The first main result (Theorem [2\\)](#page-3-0) characterizes the limiting reconstruction error in terms of the Chebyshev radius function eX(·), assuming that the metric space X is totally bounded. The following examples illustrate that this assumption is essential: if total boundedness is lifted, even seemingly natural spaces allow the responder to prevent the reconstructor from obtaining any meaningful approximation—specifically, an error bounded away from zero, or even infinite.\n\nExample 7 (Unbounded Space: The Real Line). *We begin with a simple case:* R *with its standard Euclidean metric. This space is not bounded (and hence not totally bounded), and the responder can exploit its unboundedness to maintain extremely large feasible regions throughout the game. A formal proof is given in Appendix [F.3.](#page-34-0)*\n\nThe previous example showed that in some unbounded metric spaces, such as R, the responder can force the reconstruction error to be arbitrarily large. This naturally raises the question: could boundedness alone suffice for the conclusion of Theorem [2?](#page-3-0) That is, can we strengthen the theorem by replacing total boundedness with the weaker assumption of boundedness? The answer is negative:\n\nExample 8 (Bounded but Not Totally Bounded: Discrete Countable Space). *Consider the space* X = N*, the set of natural numbers equipped with the discrete metric:* distX(i, j) = 0 *if* i = j*, and* distX(i, j) = 1 *otherwise. This space is bounded (diameter 1) but not totally bounded.*\n\n*Now, note that even if the responder must be fully honest (i.e.,* ϵ = δ = 0*), it can always answer* ˆd<sup>t</sup> = 1*. This ensures that the feasible region after every round remains an infinite subset of* X *in which all*\n\npoints are pairwise at distance 1. Consequently, the responder can choose a consistent point of distance 1 from the point guessed by the reconstructor, yielding an approximation error equal to the diameter of the space."
      },
      {
        "heading": "2.2 Pseudo-Finiteness",
        "text": "Although our main result about pseudo-finiteness focuses on convex Euclidean spaces, the phenomenon is more subtle in general metric spaces. In this section, we present three infinite metric spaces. Two of these spaces are  $(\\epsilon, \\delta)$ -pseudo-finite for all values of  $\\epsilon, \\delta \\geq 0$ , while the third is not even (0,0)-pseudo-finite. These examples highlight the diversity of possible behaviors in general metric spaces and motivate an open question concerning the structural nature of pseudo-finiteness in totally bounded spaces.\n\n**Example 9** (Sparse Subsets of the Real Line). Let  $X = \\{0\\} \\cup \\{2^{2^n} : n \\in \\mathbb{N}\\} \\subset \\mathbb{R}$  with the standard Euclidean metric. Then X is  $(\\epsilon, \\delta)$ -pseudo-finite for every  $\\epsilon, \\delta \\geq 0$ .\n\nTo see this, let the reconstructor begin by querying the point  $q_1=0$ . The response  $\\hat{d}_1$  yields a feasible region consisting of a finite subset of X, whose size is bounded by a constant  $N(\\epsilon, \\delta)$  that depends only on the noise parameters (and not on the specific value of  $\\hat{d}_1$ ). This is because the set X, when viewed as a monotone sequence, grows asymptotically faster than any geometric progression. After this initial step, the reconstructor continues to query all points in the feasible region to identify an optimal approximation.\n\nThe above example is unbounded. This raises the question of whether there exist bounded infinite spaces that are  $(\\epsilon, \\delta)$ -pseudo-finite for all  $\\epsilon, \\delta$ . The next example shows that the answer is yes.\n\n**Example 10** (Countable Discrete Metric Space Revisited). Recall the space  $X = \\mathbb{N}$  with the discrete metric:  $\\operatorname{dist}_X(x,y) = 0$  if x = y, and I otherwise. This space is bounded, with diameter I. As previously discussed (see Example 8), we have  $\\operatorname{OPT}_X(\\epsilon,\\delta) = 1$  for all  $\\epsilon,\\delta \\geq 0$ . Therefore, the reconstructor can achieve optimal performance without submitting any queries, simply by outputting any fixed point in the space. Thus, X is  $(\\epsilon,\\delta)$ -pseudo-finite for all  $\\epsilon,\\delta \\geq 0$ .\n\nThese two examples motivate the following open question: can similar behavior occur in totally bounded spaces?:\n\n**Open Question 11.** Let X be a totally bounded metric space. Are the following two statements equivalent? (i) X is finite. (ii) X is  $(\\epsilon, \\delta)$ -pseudo-finite for all  $\\epsilon, \\delta \\geq 0$ .\n\nWe conclude this section by presenting a totally bounded metric space that is not (0,0)-pseudo-finite: **Example 12** (Infinite binary strings). Let  $X = \\{0,1\\}^{\\mathbb{N}}$  be the space of infinite binary sequences, equipped with the standard ultrametric,  $^6$  defined by  $d(\\alpha,\\beta) = 2^{-j}$ , where j is the first index at which  $\\alpha_j \\neq \\beta_j$ . Then X is a compact metric space that is **not** (0,0)-pseudo-finite. The proof appears in Example 28."
      },
      {
        "heading": "3 Technical Overview",
        "text": "In this section, we outline the key ideas behind the proofs of Theorem 2 and Theorem 6; complete proofs are deferred to Appendices C and E. To keep the exposition focused on the central arguments, we omit technical complications arising from cases where suprema or infima are not attained. These can be handled with standard limiting arguments but would introduce additional notation and obscure the main ideas."
      },
      {
        "heading": "3.1 Proof of Theorem 2",
        "text": "We begin by recalling the core assertion of Theorem 2. It characterizes the optimal reconstruction error  $\\mathrm{OPT}_X(\\epsilon,\\delta)$  in terms of the geometry of the metric space and the noise parameters  $\\epsilon$  and  $\\delta$ . Specifically, it asserts that  $\\mathrm{OPT}_X(\\epsilon,\\delta)$  equals the maximum Chebyshev radius among all subsets of X with diameter at most  $(2+\\epsilon)\\delta$ :\n\n$$OPT_X(\\epsilon, \\delta) = e_X((2 + \\epsilon)\\delta).$$\n\n<sup>&</sup>lt;sup>6</sup>This metric satisfies the *ultrametric inequality*:  $d(x,z) \\le \\max\\{d(x,y),d(y,z)\\}$ , which is stronger than the standard triangle inequality. It implies, for instance, that all triangles are isosceles with the two longer sides equal.\n\nTo prove this, we begin by analyzing an idealized setting in which the reconstructor is allowed to query all points in the space. Of course, this is unrealistic in infinite spaces—but it serves as a useful thought experiment for understanding the limits of reconstruction.\n\nEach query-answer pair (q,r) determines a feasible region  $\\Phi(\\{q,r\\})$ , which consists of all points whose noisy distances to q are  $(\\epsilon,\\delta)$ -indistinguishable from r. The intersection of all these regions gives the overall feasible region of the interaction, denoted by  $\\Phi:=\\Phi(\\{q,r_q\\}_{q\\in X})$ .\n\n**Upper Bound.** In the idealized case where *all* points in the space are queried, a simple yet insightful argument shows that the diameter of the feasible region  $\\Phi$  is at most  $(2 + \\epsilon)\\delta$ . Indeed, for any two points  $A, B \\in \\Phi$ , since B was queried and A remained feasible, the reported noisy distance must not exceed  $\\delta$ , and therefore the true distance  $\\mathrm{dist}_X(A, B)$  cannot exceed  $(2 + \\epsilon)\\delta$ . By letting the reconstructor output the Chebyshev center of  $\\Phi$ , the reconstruction error is at most  $\\mathbf{e}_X$   $((2 + \\epsilon)\\delta)$ .\n\nWhen only finitely many queries are allowed, however, the reconstruction error can be significantly larger than in the idealized case; as shown in Section 2.1, there exist spaces in which this discrepancy is arbitrarily large.\n\nNevertheless, if the metric space X is  $totally\\ bounded$ , the reconstructor can approximate the idealized strategy arbitrarily well: by querying all points in a sufficiently dense finite cover, one ensures that the feasible region has diameter arbitrarily close to  $(2+\\epsilon)\\delta$ . Such a finite cover exists by definition: a metric space is totally bounded if, for every  $\\alpha>0$ , it admits a finite  $\\alpha$ -cover—that is, a finite subset such that every point in the space lies within distance  $\\alpha$  of some point in the cover. Denote by  $N_{\\alpha}$  the number of points in an  $\\alpha$ -cover of the metric space X. As illustrated in Figure 2, after  $N_{\\alpha}$  queries the reconstructor can guarantee that the diameter of the feasible region is less than  $(2+\\epsilon)\\delta+\\alpha'$ , where  $\\alpha'=((1+\\epsilon)^2+1)\\alpha$ . Hence, by outputting the Chebyshev center of the feasible region, the reconstructor ensures that the worst-case error after  $N_{\\alpha}$  queries is at most  $ext{e}_{X}((2+\\epsilon)\\delta+\\alpha')$ , by the definition of  $ext{e}_{X}(\\beta)$  as the maximum Chebyshev radius over all subsets of X with diameter at most  $\\beta$ .\n\nIt might be tempting to conclude that we are done, since the function  $e_X$  appears to be continuous. However, this inference is, in general, false: for arbitrary metric spaces,  $e_X$  need not be continuous. For instance, in finite metric spaces the function  $e_X$  is *not* continuous.\n\nOn the other hand, it can be shown that for totally bounded metric spaces the function  $e_X$  is right-continuous, which is sufficient for establishing the desired upper bounds. Nevertheless, proving right-continuity remains nontrivial in general: there exists a non-totally bounded metric space for which the corresponding function  $e_X$  fails to be right-continuous (see Example 29 in Appendix F.3).\n\nWe prove that the function  $e_X$  is right-continuous for totally bounded metric spaces using the theory of *hyperspaces*. Namely, given a metric space X, one considers the space of (nonempty) *compact* subsets of X, denoted K(X), equipped with metrics induced by the metric on X. The most standard choice is the *Hausdorff metric*: for subsets  $S_1, S_2 \\subseteq X$ ,\n\n$$d_H(S_1, S_2) = \\max \\left\\{ \\sup_{x \\in S_1} \\inf_{y \\in S_2} \\operatorname{dist}_X(x, y), \\sup_{y \\in S_2} \\inf_{x \\in S_1} \\operatorname{dist}_X(x, y) \\right\\}.$$\n\nA variety of classical results are known for  $(\\mathcal{K}(X), d_H)$ ; for instance, when X is compact, the hyperspace  $\\mathcal{K}(X)$  is compact as well. This is a classical fact in metric topology; see, e.g., Illanes and Jr. [1999][Theorem 3.5].\n\nBoth the diameter and the Chebyshev radius of a set are continuous functions on  $(\\mathcal{K}(X), d_H)$ ; this follows by bounding their variation in terms of the Hausdorff distance (see the detailed argument in Appendix F.1). Together with the compactness of  $(\\mathcal{K}(X), d_H)$ , this yields, via a compactness argument, that  $\\mathbf{e}_X$  is right-continuous for compact metric spaces. For a totally bounded metric space X, in turn, one can show that  $\\mathbf{e}_X = \\mathbf{e}_{\\hat{X}}$ , where  $\\hat{X}$  denotes the completion of X. Since the completion of a totally bounded metric space is compact by the classical Heine–Borel characterization for metric spaces (compact  $\\Leftrightarrow$  complete and totally bounded), it follows that  $\\mathbf{e}_X$  is right-continuous for totally bounded metric spaces as well. All techniques and formal proofs for the right-continuity of  $\\mathbf{e}_X$  are presented in Appendix F.1. The full proof of the upper bound appears in Appendix C.2.\n\n**Lower Bound.** The crucial observation is that at the beginning of the game, the responder may select *any* subset  $S \\subset X$  of diameter at most  $(2 + \\epsilon)\\delta$ , and maintain the invariant  $S \\subseteq \\Phi$  throughout\n\nthe interaction: In response to each query q, the responder identifies a point  $S_{\\min} \\in S$  that minimizes the distance to q, and returns the perturbed value\n\n$$r := (1 + \\epsilon) \\cdot \\operatorname{dist}_X(q, S_{\\min}) + \\delta.$$\n\nA simple calculation, which relies only on the triangle inequality, shows that every  $s \\in S$  satisfies  $\\operatorname{dist}_X(q,s) =_{\\epsilon,\\delta} r$ , and hence S remains feasible.\n\nAfter the interaction concludes, given the reconstructor's final guess, the responder can choose a secret point at distance no less than r(S) inside  $S \\subseteq \\Phi$ . This ensures that no reconstructor can guarantee an error smaller than  $\\mathbf{e}_X$   $((2+\\epsilon)\\delta)$ . A precise description of the responder strategy that preserves an extremal set is presented in Appendix C.1.\n\n![](_page_8_Figure_4.jpeg)\n\n![](_page_8_Figure_5.jpeg)\n\nFigure 1: Feasible region  $\\Phi$  (blue) of the idealized case\n\nFigure 2: Feasible region  $\\Phi$  (blue) of the finite interaction"
      },
      {
        "heading": "3.2 Proof of Theorem 6",
        "text": "We now turn to the proof of Theorem 6, which establishes a dichotomy for pseudo-finiteness in bounded convex subsets of Euclidean space. Specifically, the theorem states that a bounded convex set  $X \\subset \\mathbb{R}^n$  is  $(\\epsilon, \\delta)$ -pseudo-finite if and only if  $\\dim(X) = 1$  and  $\\epsilon = 0$ . In all other cases—namely, when  $\\dim(X) > 1$  or  $\\epsilon > 0$ —the reconstruction error cannot reach its optimal value in finitely many steps.\n\nOne might hope to prove non-pseudo-finiteness by designing a responder strategy that gradually shrinks the feasible region—e.g., by adding uniform random noise to the true distance in each response. However, this naive approach fails to guarantee the desired behavior: in particular, it does not ensure that the reconstruction error remains strictly greater than the optimum  $\\mathrm{OPT}(\\epsilon,\\delta)$  at all finite T. In fact, such strategies may lead to convergence toward a strictly smaller value, and are therefore not optimal for the responder.\n\nTo overcome this, our proof explicitly constructs a responder strategy that, at every round, ensures the feasible region contains a subset guaranteeing that the reconstruction error remains strictly larger than the optimum  $OPT(\\epsilon, \\delta) + \\alpha_T$ , where  $\\alpha_T > 0$  depends only on the number of rounds.\n\nThis mirrors the lower-bound strategy used in Theorem 2, where the responder preserved an extremal set to ensure the Chebyshev radius never fell below  $\\mathrm{OPT}(\\epsilon,\\delta)$ . However, to prove non-pseudo-finiteness, it is not sufficient to preserve a region whose radius merely equals the optimum. Instead, we must ensure that the feasible region's Chebyshev radius remains *strictly greater* than the limiting value for all finite T.\n\nTo accomplish this, our strategy preserves an  $\\alpha$ -neighborhood of the vertices  $\\{x_i\\}_{i=0}^n$  of some regular simplex  $\\Delta^7$ , denoted  $\\Delta_{\\alpha}$ , where  $\\alpha>0$  depends only on the number of rounds T. Formally, the  $\\alpha$ -neighborhood of the simplex  $\\Delta$  with vertices  $\\{x_i\\}_{i=0}^n$  is defined as\n\n\n$$\\Delta_{\\alpha} := \\bigcup_{i=0}^{n} B(x_i, \\alpha), \\qquad B(x_i, \\alpha)$$\n denotes the Euclidean ball of radius  $\\alpha$  centered at  $x_i$ . (3)\n\nThis ensures that the feasible region contains a regular simplex of diameter  $(2+\\epsilon)\\delta + \\sqrt{\\frac{2(n+1)}{n}}\\alpha$ , which in turn implies that its Chebyshev radius is at least  $OPT(\\epsilon, \\delta) + \\alpha$ .\n\nOur strategy proceeds as follows. Assume that at round t the feasible region already contains an  $\\alpha_t$ -neighbourhood of a regular simplex  $\\Delta$ . Upon receiving the next query  $q_t$ , we pick a radius  $\\alpha_{t+1}$ \n\n<sup>&</sup>lt;sup>7</sup>Throughout this work, by a \"simplex\" we usually mean the set of its vertices—that is, n + 1 affinely independent points in the Euclidean space X of dimension n.\n\ndetermined solely by  $t+1, \\epsilon, \\delta$ ; then we reply with an appropriate noisy distance  $r_t$  and, if necessary, replace  $\\Delta$  by a new extremal simplex  $\\Delta'$  so that\n\n$$(\\Delta')_{\\alpha_{t+1}} \\subset (\\Delta)_{\\alpha_t}$$\n and  $(\\Delta')_{\\alpha_{t+1}} \\subset (\\text{updated feasible region}).$ \n\nThis step is then repeated indefinitely, keeping the Chebyshev radius strictly above OPT. Consequently, X is not pseudo-finite.\n\nThe main challenge is to provide a *uniform* lower bound on  $\\alpha_t$  that depends only on the round t, and not on the specific query  $q_t$ . We note in passing that it is relatively easy to give a bound on  $\\alpha_{t+1}$  that depends on both t and the query  $q_t$ ; however, such a bound is insufficient for our purposes, as it does not yield a general lower bound on  $\\mathrm{OPT}_T$  valid for all reconstructor strategies, which is essential for ruling out pseudo-finiteness.\n\nOn the other hand, finding the uniform bound requires handling each query type with care, since for some queries it is easy to obtain a sufficiently large neighborhood of some simplex  $\\Delta'$  contained within the neighborhood of the previous one, while for others it requires a more delicate geometric argument.\n\n**Determining the Maximal Surviving Neighborhood.** To address the challenges above, we ask: under what conditions does there exist an answer that the responder can give to the query q such that the  $\\alpha$ -neighborhood (see Eq. (3)) of  $\\Delta$  remains entirely within the feasible region?\n\nThe answer is as follows: there exists such a response if and only if  $r_q^{\\min}(\\Delta_{\\alpha}) \\leq r_q^{\\max}(\\Delta_{\\alpha})$ , where  $r_q^{\\min}$  places the farthest point of  $\\Delta_{\\alpha}$  on the outer boundary of the feasible region, and  $r_q^{\\max}$  places the nearest point on the inner boundary (see Fig. 4, Fig. 3).\n\n![](_page_9_Picture_7.jpeg)\n\nFigure 3:  $\\Phi(q, r^{\\min})$  (blue)\n\n![](_page_9_Picture_9.jpeg)\n\nFigure 4:  $\\Phi(q, r^{\\max})$  (orange)\n\nThe larger the radius  $\\alpha$  of the neighborhood  $\\Delta_{\\alpha}$ , the smaller the gap  $r^{\\max} - r^{\\min}$  becomes. Solving the equation  $r^{\\max}(\\Delta_{\\alpha}) - r^{\\min}(\\Delta_{\\alpha}) = 0$  for  $\\alpha$  yields the exact value  $\\alpha^{\\star}(\\Delta,q)$  of the largest surviving neighborhood upon querying q. It is useful to view the quantity  $\\alpha^{\\star}(*,q)$  as a function on the space of regular simplexes. The derivation of the exact formula for  $\\alpha^{\\star}$  is presented in Appendix D.\n\nAdditive-Only vs. Multiplicative Noise. Both responder strategies—additive-only and mixed-noise—rely on the same principle: for a fixed simplex  $\\Delta$  and a target neighborhood radius  $\\alpha_{t+1}$ , together with the neighborhood radius  $\\alpha_t > \\alpha_{t+1}$  from the previous round, we partition the space into  $(\\Delta, \\alpha_{t+1})$ -good and bad regions. A query point q is called good if there exists a response that preserves a neighborhood of radius at least  $\\alpha_{t+1}$  of  $\\Delta$  within the feasible region; equivalently, if the maximal surviving neighborhood satisfies  $\\alpha^*(\\Delta, q) \\geq \\alpha_{t+1}$ . Otherwise, q is bad.\n\nWhen q is good, the responder can maintain the  $\\alpha_{t+1}$ -neighborhood of the current simplex  $\\Delta$  inside the feasible region. The critical difference between regimes arises when q is bad. In this case we should find another regular simplex  $\\Delta'$  in the  $\\alpha_t$ -neighborhood of  $\\Delta$  such that the point q is now  $(\\Delta', \\alpha_{t+1})$ -good. In the multiplicative case  $(\\epsilon > 0)$ , the responder can *translate* the simplex  $\\Delta$  slightly away from the query point q to ensure that  $\\alpha^*(\\Delta', q) \\geq \\alpha_{t+1}$  and that  $\\Delta'_{\\alpha_{t+1}} \\subset \\Delta_{\\alpha_t}$ .\n\nIn contrast, when  $\\epsilon=0$ , translations of  $\\Delta$  within its  $\\alpha_t$ -neighborhood do not substantially change  $\\alpha^*(*,q)$ . To achieve a significant increase in  $\\alpha^*(*,q)$  in this case, we *rotate* the simplex  $\\Delta$ . To do this successfully, the rotated simplex must preserve the identity of the closest and farthest points from the query, which requires a careful geometric analysis. In Appendix F.2, we develop the tools necessary to carry out this strategy. In dimensions  $n \\geq 2$ , rotations allow us to maintain a surviving neighborhood indefinitely. In one dimension, however—where nontrivial rotations are not possible—this strategy fails for a good reason: one-dimensional intervals are pseudo-finite."
      }
    ],
    "references": [
      {
        "title": "Balle, G",
        "author": [
          "- B"
        ],
        "venue": "Cherubin, and J. Hayes. Reconstructing training data with informed adversaries. In",
        "citeRegEx": "B et al\\\\.,? 2022",
        "shortCiteRegEx": "B et al\\\\.",
        "year": 2022
      }
    ]
  }
}