{
  "forum_id": "1ajMY3nUKg",
  "metadata": {
    "source": "NeurIPS",
    "year": 2025,
    "title": "Tight Lower Bounds and Improved Convergence in Performative Prediction",
    "abstractText": "Performative prediction is a framework accounting for the shift in the data distribution induced by the prediction of a model deployed in the real world. Ensuring convergence to a stable solution—one at which the post-deployment data distribution no longer changes—is crucial in settings where model predictions can influence future data. This paper, for the first time, extends the Repeated Risk Minimization (RRM) algorithm class by utilizing historical datasets from previous retraining snapshots, yielding a class of algorithms that we call Affine Risk Minimizers that converges to a performatively stable point for a broader class of problems. We introduce a new upper bound for methods that use only the final iteration of the dataset and prove for the first time the tightness of both this new bound and the previous existing bounds within the same regime. We also prove that our new algorithm class can surpass the lower bound for standard RRM, thus breaking the prior lower bound, and empirically observe faster convergence to the stable point on various performative prediction benchmarks. We offer at the same time the first lower bound analysis for RRM within the class of Affine Risk Minimizers, quantifying the potential improvements in convergence speed that could be achieved with other variants in our scheme.",
    "sections": [
      {
        "heading": "1 Introduction",
        "text": "Decision-making systems are increasingly integral to critical judgments in sectors such as public policy [\\[Fire and Guestrin,](#page-10-0) [2019\\]](#page-10-0), healthcare [\\[Bevan and Hood,](#page-10-1) [2006\\]](#page-10-1), and education [\\[Nichols and](#page-11-0) [Berliner,](#page-11-0) [2007\\]](#page-11-0). However, as these systems become more reliant on quantitative indicators, they become vulnerable to the effects described by Goodhart's Law: \"When a measure becomes a target, it ceases to be a good measure\" [\\[Goodhart,](#page-10-2) [1984\\]](#page-10-2). This principle is particularly relevant when predictive models not only forecast outcomes but also influence the behavior of individuals and organizations, leading to performative effects that can subvert the original goals of these systems.\n\nFor example, in environmental regulation, companies might manipulate emissions data to meet regulatory targets without truly reducing pollution, thus distorting the intended environmental protection efforts [\\[Fowlie et al.,](#page-10-3) [2012\\]](#page-10-3). In healthcare, hospitals may modify patient care practices to improve performance metrics, potentially prioritizing score improvements over actual patient health outcomes [\\[Bevan and Hood,](#page-10-1) [2006\\]](#page-10-1). Similarly, in education, the emphasis on standardized test scores can lead\n\n<sup>∗</sup>Equal advising. Correspondence to Pedram Khorsandi: <pedram.khorsandi@mila.quebec>\n\nschools to focus narrowly on test preparation, compromising the broader educational experience [\\[Nichols and Berliner,](#page-11-0) [2007\\]](#page-11-0). These examples demonstrate how decision systems, when overly focused on specific indicators, can be manipulated, resulting in the corruption of the very processes they aim to enhance.\n\nGiven these challenges, it is essential to develop predictive models that are not only accurate but also robust against the performative shifts they may provoke. The work by [Perdomo et al.](#page-11-1) [\\[2020\\]](#page-11-1) addresses this challenge within the framework of *Repeated Risk Minimization (RRM)*, where they explore the dynamics of model retraining in the presence of performative feedback loops. In their approach, the authors propose an iterative method that adjusts the predictive model based on the distributional shifts caused by prior model deployments, aiming to stabilize the model performance despite the continuous evolution of the underlying data distribution. By characterizing the convergence properties of their method, they provide a theoretical guarantee for the stability of the model at a performative equilibrium.\n\nOur work extends this framework by leveraging the datasets collected at each snapshot during the retraining process, introducing a new class of algorithms called *Affine Risk Minimizers* (ARM). By utilizing historical data from previous updates, we show that it is possible to converge to a stable point for a broader class of problems that\n\n![](_page_1_Figure_3.jpeg)\n\nFigure 1: An example showing that using older snapshots (purple) speeds up convergence to the stable point (orange star) compared to only the latest snapshot (red). The implementation is provided in the code.\n\nwere previously unsolvable, extending beyond the bounds established in prior analyses [\\[Mofakhami](#page-11-2) [et al.,](#page-11-2) [2023\\]](#page-11-2). We derive a new upper bound under less restrictive assumptions than [Mofakhami et al.](#page-11-2) [\\[2023\\]](#page-11-2) and provide the first tightness analysis for the framework in [Perdomo et al.](#page-11-1) [\\[2020\\]](#page-11-1) as well as for our newly established rate. Our method, which incorporates historical datasets, demonstrates superior convergence properties both theoretically and experimentally.\n\nConverging to a stable point is essential in decision-dependent learning systems. Without stability, iterative retraining may lead to persistent fluctuations, preventing reliable long-term predictions. Prior work has examined convergence rates and the range of problem classes in which iterative schemes can achieve stability [\\[Li and Wai,](#page-11-3) [2024,](#page-11-3) [Narang et al.,](#page-11-4) [2024,](#page-11-4) [Perdomo et al.,](#page-11-1) [2020\\]](#page-11-1). This paper provides the first analytical techniques for examining the tightness of the upper bounds for these methods. In addition, we show that the ARM framework ensures convergence to a stable solution for a broader class of problems, mitigating the limitations of existing approaches.\n\nContributions. 1 We establish a new upper bound, enhancing the convergence rate of RRM under less restrictive conditions than [\\[Mofakhami et al.,](#page-11-2) [2023\\]](#page-11-2); 2 We establish the tightness of the analysis in both the framework proposed by [\\[Perdomo et al.,](#page-11-1) [2020\\]](#page-11-1) and our modification of the framework from [Mofakhami et al.](#page-11-2) [\\[2023\\]](#page-11-2); 3 We introduce a new class of algorithms, named Affine Risk Minimizers (ARM), that provides convergence for a wider class of problems by utilizing linear combinations of datasets from earlier training snapshots; 4 We provide both theoretical and experimental enhancements, showcasing scenarios where ARM improves convergence; 5 Finally, we present the first lower bound techniques for iterative retraining schemes and apply it to both [Perdomo et al.](#page-11-1) [\\[2020\\]](#page-11-1) and our modified framework to establish theoretical lower bounds for ARM, detailing the maximum potential improvement in convergence rates achievable through the use of past datasets."
      },
      {
        "heading": "2 Related Work",
        "text": "Performative prediction introduces a framework for learning under decision-dependent data [\\[Perdomo](#page-11-1) [et al.,](#page-11-1) [2020\\]](#page-11-1), and has been widely studied in various aspects, from stochastic optimization methods to find stable classifiers [\\[Li and Wai,](#page-11-5) [2022,](#page-11-5) [Mendler-Dünner et al.,](#page-11-6) [2020\\]](#page-11-6) to approaches that focus on performative optimal solutions, the minimizer of performative risk [\\[Miller et al.,](#page-11-7) [2021,](#page-11-7) [Jagadeesan](#page-10-4) [et al.,](#page-10-4) [2022,](#page-10-4) [Lin and Zrnic,](#page-11-8) [2024\\]](#page-11-8). In this work, we focus our analysis on performative stable solutions, whose deployment removes the need for repeated retraining in changing environments [\\[Perdomo](#page-11-1) [et al.,](#page-11-1) [2020,](#page-11-1) [Mendler-Dünner et al.,](#page-11-6) [2020,](#page-11-6) [Jagadeesan et al.,](#page-10-5) [2021,](#page-10-5) [Brown et al.,](#page-10-6) [2022,](#page-10-6) [Mofakhami](#page-11-2) [et al.,](#page-11-2) [2023\\]](#page-11-2).\n\nOne of the main applications of this framework is strategic classification [\\[Hardt et al.,](#page-10-7) [2016\\]](#page-10-7) which involves deploying a classifier interacting with agents who strategically adapt their features to alter the classifier's predictions and achieve their favorable outcomes. Strategic Classification has been widely used in the literature of performative prediction [\\[Perdomo et al.,](#page-11-1) [2020,](#page-11-1) [Mendler-Dünner et al.,](#page-11-6) [2020,](#page-11-6) [Miller et al.,](#page-11-7) [2021,](#page-11-7) [Hardt et al.,](#page-10-8) [2022,](#page-10-8) [Mofakhami et al.,](#page-11-2) [2023,](#page-11-2) [Narang et al.,](#page-11-4) [2024,](#page-11-4) [Góis et al.,](#page-10-9) [2025\\]](#page-10-9), and we adopt this setting in our experiments to empirically demonstrate our theoretical contributions.\n\nPrior work in performative prediction either assumes the data distribution is a function of the parameters modeled as D(θ) [\\[Perdomo et al.,](#page-11-1) [2020,](#page-11-1) [Izzo et al.,](#page-10-10) [2021,](#page-10-10) [Drusvyatskiy and Xiao,](#page-10-11) [2022,](#page-10-11) [Dong et al.,](#page-10-12) [2023\\]](#page-10-12), or more realistically dependent on the predictions as in D(fθ) [\\[Mofakhami et al.,](#page-11-2) [2023,](#page-11-2) [Mendler-Dünner et al.,](#page-11-9) [2022\\]](#page-11-9). Although existing work only assumes one of these settings, our work adheres to both, by providing a tightness analysis of the rates proposed in [Perdomo et al.](#page-11-1) [\\[2020\\]](#page-11-1) and [Mofakhami et al.](#page-11-2) [\\[2023\\]](#page-11-2) and showcasing scenarios where we can provide an improved convergence by considering the history of distributions. To the best of our knowledge, we are first to provide a lower bound on the convergence rates achievable using any such affine combination of previous snapshots.\n\nFor the assumptions, we adopt those in [Mofakhami et al.](#page-11-2) [\\[2023\\]](#page-11-2) and [Perdomo et al.](#page-11-1) [\\[2020\\]](#page-11-1). While several works pursue performatively optimal solutions by assuming convexity over the performative risk itself, recent efforts such as [Zheng et al.](#page-11-10) [\\[2024\\]](#page-11-10), [Cyffers et al.](#page-10-13) [\\[2024\\]](#page-10-13) relax these requirements by considering non-convex objectives or weaker regularity conditions. In contrast, our analysis imposes no convexity assumption on the performative risk, relying only on convexity of the loss function to establish convergence guarantees.\n\nMost related to our idea of using previous distributions are works that study gradually shifting environments considering history dependence [\\[Brown et al.,](#page-10-6) [2022,](#page-10-6) [Li and Wai,](#page-11-5) [2022,](#page-11-5) [Rank et al.,](#page-11-11) [2024\\]](#page-11-11). [Brown et al.](#page-10-6) [\\[2022\\]](#page-10-6) brought up the notion of stateful performative prediction studying problems where the distribution depends on the classifier and the previous state of the population. This is modeled by a transition function that is fixed but a priori unknown and they show that by imposing a Lipschitz continuity assumption similar to ϵ-sensitivity to the transition map, they can prove the convergence of RRM to an equilibrium distribution-classifier pair. In our work, we consider a specific dependence on history, by using an affine combination of previous distributions, and show that this can lead to an improved convergence than prior work without imposing any additional assumption."
      },
      {
        "heading": "3 Performative Stability and RRM",
        "text": "In the context of performative prediction, two primary frameworks are commonly used to address the challenge of shifting distributions due to the model's influence: Repeated Risk Minimization (RRM) and Repeated Gradient Descent (RGD). Throughout this paper, we focus on RRM.\n\nRRM iteratively retrains the model on the distribution it induces until it converges to a performatively stable classifier. Formally, consider a model f<sup>θ</sup> ∈ F with parameters θ ∈ Θ, and a distribution D(fθ) that depends on these parameters. The performative risk is defined as:\n\n\n$$PR(\\theta) = \\mathbb{E}_{z \\sim D(f_{\\theta})} \\left[ \\ell(f_{\\theta}(x), y) \\right]$$\n (1)\n\nwhere ℓ(fθ(x), y) is the loss function for a data point z = (x, y). A classifier is performatively stable if it minimizes the performative risk on the distribution it induces:\n\n$$\\theta_{PS} = \\arg\\min_{\\theta \\in \\Theta} \\mathbb{E}_{z \\sim D(f_{\\theta_{PS}})} \\left[ \\ell(f_{\\theta}(x), y) \\right]$$\n (2)\n\nThe RRM framework updates the model parameters by solving:\n\n$$\\theta^{t+1} = \\arg\\min_{\\theta \\in \\Theta} \\mathbb{E}_{z \\sim D(f_{\\theta^t})} \\left[ \\ell(f_{\\theta}(x), y) \\right]$$\n (3)\n\nuntil convergence, i.e., θ <sup>t</sup>+1 ≈ θ t ."
      },
      {
        "heading": "4 Improved Rates and Optimality of Analysis",
        "text": "Both Perdomo et al. [2020] and Mofakhami et al. [2023] derive convergence rates for RRM under distinct assumptions. The assumptions made in these studies reflect the sensitivity of the distribution map  $\\mathcal{D}(.)$  to changes in the model and the structural properties of the loss function. Specifically, Perdomo et al. [2020] focuses on Wasserstein-based sensitivity and convexity with respect to the model parameters, while Mofakhami et al. [2023] introduces a framework with Pearson  $\\chi^2$ -based sensitivity and strong convexity with respect to the predictions. Building on these foundations and motivated by Mofakhami et al. [2023], we now outline the assumptions for our framework, which departs from Mofakhami et al. [2023] only in Assumption 1 below.\n\n**Assumption 1**  $\\epsilon$ -sensitivity w.r.t. Pearson  $\\chi^2$  divergence: The distribution map  $\\mathcal{D}(f_{\\theta})$ , with pdf  $p_{f_{\\theta}}$ , maintains  $\\epsilon$ -sensitivity with respect to Pearson  $\\chi^2$  divergence. Formally, for any  $f_{\\theta}$ ,  $f_{\\theta'} \\in \\mathcal{F}$ :\n\n$$\\chi^2(\\mathcal{D}(f_{\\theta'}), \\mathcal{D}(f_{\\theta})) \\le \\epsilon \\|f_{\\theta} - f_{\\theta'}\\|_{f_{\\theta}}^2, \\tag{4}$$\n\nwhere\n\n$$||f_{\\theta} - f_{\\theta'}||_{f_{\\theta_*}}^2 := \\int ||f_{\\theta}(x) - f_{\\theta'}(x)||^2 p_{f_{\\theta_*}}(x) dx \\qquad \\forall f_{\\theta_*} \\in \\mathcal{F}, \\tag{5}$$\n\nand\n\n$$\\chi^2(\\mathcal{D}(f_{\\theta'}), \\mathcal{D}(f_{\\theta})) := \\int \\frac{\\left(p_{f_{\\theta'}}(z) - p_{f_{\\theta}}(z)\\right)^2}{p_{f_{\\theta}}(z)} dz. \\tag{6}$$\n\nThis assumption, inspired by prior work, is Lipschitz continuity on D(.), implying that if two models with similar prediction functions are deployed, the distributions they induce should also be similar.\n\n**Assumption 2** Norm equivalency: The distribution map  $\\mathcal{D}(f_{\\theta})$  satisfies norm equivalency with parameters  $C \\geq 1$  and  $c \\leq C$ . For all  $f_{\\theta}, f_{\\theta'}, f_{\\theta^*} \\in \\mathcal{F}$ :\n\n$$c\\|f_{\\theta} - f_{\\theta'}\\|_{f_{\\theta^*}}^2 \\le \\|f_{\\theta} - f_{\\theta'}\\|^2 \\le C\\|f_{\\theta} - f_{\\theta'}\\|_{f_{\\theta^*}}^2,\\tag{7}$$\n\nwhere\n\n\n$$||f_{\\theta} - f_{\\theta'}||^2 = \\int ||f_{\\theta}(x) - f_{\\theta'}(x)||^2 p(x) dx, \\tag{8}$$\n\nand p(x) is the initial distribution, referred to as the base distribution.\n\nThe base distribution p(x), following prior formulations in the literature [Perdomo et al., 2020, Mofakhami et al., 2023, Brown et al., 2022], corresponds to the pre-deployment data distribution. This interpretation of p(x) as an intervention-free or organic distribution is also consistent with other areas of the literature. Schnabel et al. [2016] demonstrate this in the context of recommender systems, where unbiased test sets like Yahoo! R3 are constructed to reflect user behavior prior to any algorithmic influence.\n\nThis assumption holds whenever the distribution map satisfies the bounded density ratio property, i.e.,  $c\\,p_{f_{\\theta}}(x) \\leq p(x) \\leq C\\,p_{f_{\\theta}}(x)$  for all  $f_{\\theta} \\in \\mathcal{F}$ . In such cases, one can define small constants  $c := \\inf_{\\theta,x} \\frac{p_{f_{\\theta}}(x)}{p(x)}$  and  $C := \\sup_{\\theta,x} \\frac{p_{f_{\\theta}}(x)}{p(x)}$ . We measure these constants in Appendix I for our experimental setup in Section 7.\n\n**Assumption 3** *Strong convexity w.r.t. predictions: The loss function*  $\\hat{y} \\mapsto \\ell(\\hat{y}, y)$  *is*  $\\gamma$ -strongly convex. For any differentiable function  $\\ell$ , and for all  $y, \\hat{y}_1, \\hat{y}_2 \\in \\mathcal{Y}$ :\n\n$$\\ell(\\hat{y}_1, y) \\ge \\ell(\\hat{y}_2, y) + (\\hat{y}_1 - \\hat{y}_2)^{\\top} \\nabla_{\\hat{y}} \\ell(\\hat{y}_2, y) + \\frac{\\gamma}{2} ||\\hat{y}_1 - \\hat{y}_2||^2$$\n\n**Assumption 4** Bounded gradient norm: The loss function  $\\ell(f_{\\theta}(x), y)$  has a bounded gradient norm, with an upper bound  $M = \\sup_{x,y,\\theta} \\|\\nabla_{\\hat{y}}\\ell(f_{\\theta}(x), y)\\|$ .\n\nBuilding upon Mofakhami et al. [2023], we introduce a new theorem that demonstrates faster linear convergence for RRM, showing that stability can be achieved under less restrictive conditions.\n\n**Theorem 1 (RRM convergence modified Mofakhami's framework)** Suppose the loss  $\\ell(f_{\\theta}(x), y)$  is  $\\gamma$ -strongly convex with respect to  $f_{\\theta}(x)$  (A3) and that the gradient norm with respect to  $f_{\\theta}(x)$  is bounded by  $M = \\sup_{x,y,\\theta} \\|\\nabla_{\\hat{y}}\\ell(f_{\\theta}(x),y)\\|$  (A4). Let the distribution map  $\\mathcal{D}(\\cdot)$  be  $\\epsilon$ -sensitive with respect to the Pearson  $\\chi^2$  divergence (A1), satisfy norm equivalency with parameters  $C \\geq 1$  and  $c \\leq C$  (A2), and the function space  $\\mathcal{F}$  be convex and compact under the norm  $\\|\\cdot\\|$ .\n\nThen, for  $G(\\theta^t) = \\arg\\min_{\\theta \\in \\Theta} \\mathbb{E}_{z \\sim \\mathcal{D}(f_{\\theta^t})} \\ell(f_{\\theta}(x), y)$ , with z = (x, y), we have<sup>2</sup>:\n\n$$||f_{G(\\theta)} - f_{G(\\theta')}||_{f_{\\theta}} \\le \\frac{\\sqrt{\\epsilon}M}{\\gamma} ||f_{\\theta} - f_{\\theta'}||_{f_{\\theta}}.$$\n\nBy the Schauder fixed-point theorem, a stable classifier  $f_{\\theta_{PS}}$  exists, and if  $\\frac{\\sqrt{\\epsilon}M}{\\gamma} < 1$ , RRM converges to a unique stable point  $f_{\\theta_{PS}}$  at a linear rate:\n\n$$\\|f_{ heta^t} - f_{ heta_{PS}}\\|_{f_{ heta_{PS}}} \\leq \\left(\nrac{\\sqrt{\\epsilon}M}{\\gamma}\night)^t \\|f_{ heta_0} - f_{ heta_{PS}}\\|_{f_{ heta_{PS}}}.$$\n\nThis shows that RRM achieves linear convergence to a stable classifier, provided that  $\\frac{\\sqrt{\\epsilon}M}{\\gamma} < 1$ , ensuring that the mapping is contractive and guarantees convergence. This result improves upon Mofakhami et al. [2023] by eliminating the constant C from the rate, as defined in Assumption 2. Additionally, this approach can achieve improved rates of convergence, as discussed in Theorem 8, where we show how the new definition of  $\\epsilon$ -sensitivity leads to faster convergence.\n\nDespite these improvements, the following theorem establishes for the first time a lower bound under the given assumptions, indicating that the convergence rate cannot be further improved without additional conditions:\n\n**Theorem 2 (Tight lower bound modified Mofakhami's framework)** Suppose that Assumptions 1-4 hold, with parameters  $\\epsilon$ , M, and  $\\gamma$  such that  $\\frac{\\sqrt{\\epsilon}M}{\\gamma} \\leq 1$ . Under these conditions, there exists a problem instance such that, utilizing RRM, the following holds:\n\n$$||f_{\\theta^t} - f_{\\theta_{PS}}||_{f_{\\theta_{PS}}} = \\Omega\\left(\\left(\\frac{\\sqrt{\\epsilon}M}{\\gamma}\\right)^t\\right). \\tag{9}$$\n\nIf instead  $\\frac{\\sqrt{\\epsilon}M}{\\gamma} > 1$ , the bound is  $\\Omega(1)$ , indicating non-convergence.\n\nThis result establishes the tightness of the convergence rate under the specific assumptions outlined earlier, demonstrating that the bound cannot be improved without imposing more restrictive assumptions. The full proof of this theorem can be found in Appendix D. A similar tightness analysis for the framework proposed by Perdomo et al. [2020] is provided in the following section, confirming that both frameworks achieve optimal convergence guarantees given their respective conditions."
      },
      {
        "heading": "4.1 Tightness Analysis in Perdomo et al. [2020]'s Framework",
        "text": "In their work, Perdomo et al. [2020] make a set of assumptions that differ from Assumption 1-4. Their  $\\epsilon$ -sensitivity assumption is with respect to the Wasserstein distance, and their strong convexity assumption is with respect to the parameters. Formally, they make the following set of assumptions to show the convergence of RRM\n\n**Assumption 5** The distribution map  $\\theta \\mapsto D(\\theta)$  is  $\\epsilon$ -sensitive w.r.t  $W_1$ :\n\n$$W_1(\\mathcal{D}(\\theta), \\mathcal{D}(\\theta')) \\le \\epsilon \\|\\theta - \\theta'\\|_2$$\n\nthe loss function  $\\theta \\mapsto \\ell(z:\\theta)$  of the performative risk (1) is  $\\gamma$ -strongly convex for any  $z \\in \\mathcal{Z}$  and  $z \\mapsto \\nabla_{\\theta} \\ell(z:\\theta)$  is  $\\beta$ -Lipschitz for any  $\\theta \\in \\Theta$ .\n\n<sup>&</sup>lt;sup>2</sup>Throughout this work, whenever we refer to  $f_{G(\\theta)}$ , it denotes  $f_{\\hat{\\theta}}$ , where  $\\hat{\\theta} \\in G(\\theta)$ .\n\nUnder these assumptions and for  $\\frac{\\beta \\epsilon}{\\gamma}$  < 1, Perdomo et al. [2020] showed that RRM does converge to a performatively stable point at a rate:<sup>3</sup>\n\n\n$$\\|\\theta^t - \\theta_{PS}\\| \\le \\left(\\frac{\\beta\\epsilon}{\\gamma}\\right)^t \\|\\theta_0 - \\theta_{PS}\\|.$$\n (10)\n\nWe note that  $\\epsilon$ -sensitivity with respect to the  $\\chi^2$  divergence (Assumption 1) is generally a stronger condition than  $\\epsilon$ -sensitivity with respect to the Wasserstein distance  $\\mathcal{W}_1$ , particularly when the input space has small diameter [Mofakhami et al., 2023]. While  $\\chi^2$  sensitivity implies tighter control over the induced distributional shifts, the two notions are not equivalent, and one does not necessarily imply the other. Hence, each framework is analyzed under its respective assumption.\n\n**Theorem 3 (Tight lower bound Perdomo's framework)** *There exists a problem instance and an initialization*  $\\theta_0$  *following Assumption* 5 *such that employing RRM, we have:* \n\n$$\\|\\theta^t - \\theta_{PS}\\| = \\Omega\\left(\\left(\\frac{\\epsilon\\beta}{\\gamma}\\right)^t \\|\\theta_0 - \\theta_{PS}\\|\\right). \\tag{11}$$\n\nThe proof uses a quadratic loss  $\\ell(z,\\theta) = \\frac{\\gamma}{2} \\|\\theta - \\frac{\\beta}{\\gamma} z\\|^2$  and a performative distribution  $z \\sim \\mathcal{N}(\\epsilon\\theta,\\sigma^2)$  satisfying  $\\epsilon$ -sensitivity under  $\\mathcal{W}_1$ . Hence, the RRM update  $\\theta^{t+1} = \\epsilon \\frac{\\beta}{\\gamma} \\theta^t$  matches the contraction factor  $(\\epsilon \\frac{\\beta}{\\gamma})^t$  in Perdomo et al. [2020], confirming the bound's tightness. More detailed proof of this result is provided in Appendix C.\n\nOur theorems show that given the assumptions in either framework, the convergence rate for RRM reaches a fundamental lower bound. This implies that further improvements in convergence speed would require either more restrictive assumptions or a novel optimization framework.\n\nIn the next section, we present, for the first time, an approach that breaks the RRM algorithm class by exploiting data from earlier training snapshots, and thereby surpasses the established lower bound, providing improved convergence guarantees."
      },
      {
        "heading": "5 Usage of Old Snapshots: Affine Risk Minimizers",
        "text": "Instead of relying solely on the current data distribution induced by  $D(f_{\\theta^t})$ , we leverage datasets from previous training snapshots  $\\{D(f_{\\theta^i})\\}_{i=0}^{t-1}$ . The new scheme optimizes model parameters over an aggregated distribution:\n\n\n$$\\theta^{t+1} = \\arg\\min_{\\theta \\in \\Theta} \\mathbb{E}_{(x,y) \\sim D_t} \\left[ \\ell(f_{\\theta}(x), y) \\right]$$\n(12)\n\nwhere  $D_t$  is an affine combination of previous distributions, formulated as:\n\n\n$$D_t = \\sum_{i=0}^{t-1} \\alpha_i^{(t)} D(f_{\\theta^i}), \\quad \\text{s.t.} \\quad \\sum_{i=0}^{t-1} \\alpha_i^{(t)} = 1$$\n (13)\n\nWe refer to this class of algorithms as *Affine Risk Minimizers*. As demonstrated in Appendix A (Lemma 9), the set of stable points for this class of algorithms coincides with those obtained through standard RRM. The following lemma formalizes the convergence of ARM under the stated assumptions, using only the average of the final two training snapshots.\n\n**Lemma 1 (2-Snapshots ARM recurrence)** Consider the class of problems for which Assumptions 1-4 are satisfied, and let the distribution map  $\\mathcal{D}(.)$  be  $\\frac{\\epsilon}{C}$ -sensitive with respect to the base distribution within the convex function space  $\\mathcal{F}$ . Formally, for any  $f_{\\theta}$ ,  $f_{\\theta'} \\in \\mathcal{F}$ ,\n\n$$\\chi^2(\\mathcal{D}(f_{\\theta'}), \\mathcal{D}(f_{\\theta})) \\le \\frac{\\epsilon}{C} ||f_{\\theta} - f_{\\theta'}||^2,$$\n\n<sup>&</sup>lt;sup>3</sup>Note that if  $\\frac{\\beta \\epsilon}{\\gamma} \\ge 1$  the convergence rate is vacuous. In that case, a performatively stable point may not even exist.\n\nwhere  $||f_{\\theta} - f_{\\theta'}||^2$  is defined in Equation 8. The distribution at iteration t is given by\n\n$$D_t = \\frac{1}{2}D(f_{\\theta^t}) + \\frac{1}{2}D(f_{\\theta^{t-1}}). \\tag{14}$$\n\nUnder these conditions, the following convergence property holds for the iterative sequence generated by Equation 12:\n\n $||f_{\\theta^{t+1}} - f_{\\theta^t}|| = \\left(\\frac{\\sqrt{3}}{2} \\frac{\\sqrt{\\epsilon}M}{\\gamma}\\right) m_t, \\tag{15}$ \n\nwhere  $m_t = \\max\\{\\|f_{\\theta^t} - f_{\\theta^{t-1}}\\|, \\|f_{\\theta^{t-1}} - f_{\\theta^{t-2}}\\|\\}.$ \n\nThe problem class defined here aligns with that in Theorem 2 for the case  $C \\approx 1$ . Now, the following theorem provides theoretical evidence of improved convergence, which will be further supported by experiments in Section 7.\n\n**Theorem 4 (2-Snapshots ARM convergence)** If  $\\left(\\frac{\\sqrt{3}}{2}\\frac{\\sqrt{\\epsilon}M}{\\gamma}\\right) < 1$ , the sequence described in Lemma 1 forms a Cauchy sequence, converging to a stable point.\n\nRelaxing the earlier condition  $\\frac{\\sqrt{\\epsilon M}}{\\gamma} \\leq 1$  to the threshold  $\\frac{2}{\\sqrt{3}} \\approx 1.155$ , this theorem demonstrates a modest but tangible improvement allowing ARM to breach the lower bound of Theorem 2 and shows that when  $\\frac{\\sqrt{\\epsilon M}}{\\gamma} < \\frac{2}{\\sqrt{3}} \\approx 1.155$  with  $C \\approx 1$ , convergence to a stable point remains possible under the same conditions, in contrast to standard RRM, which does not converge. A detailed proof of this theorem, along with Lemma 1, is provided in Appendix E, where we show that the algorithm generates a Cauchy sequence and converges to the stable point. We prove the convergence for schemes that use the average of the last n snapshots, for any n, but the best result is obtained for n=2 so far.\n\nIn the following section, we explore the lower bound for the convergence rates achievable using any affine combination of previous snapshots."
      },
      {
        "heading": "6 Lower Bounds for Affine Risk Minimizers",
        "text": "We established the potential for convergence across a wider class of problems using ARMs. This prompts the question of how much the convergence class can be improved, which we address in this section.\n\nWe propose the first distinct lower bounds for the framework described in Section 4 and that of Perdomo et al. [2020] for the class of Affine Risk Minimizers. The lower bound for our framework is presented in this section, while the corresponding result for Perdomo et al. [2020] is detailed in the following.\n\n**Theorem 5 (ARM lower bound modified Mofakhami's framework)** Suppose that Assumptions 1-4 hold. Then, there exists a problem instance in this regime, and for any algorithm in the Affine Risk Minimizers class, such that:\n\n$$||f_{\\theta^t} - f_{\\theta_{PS}}||_{f_{\\theta_{PS}}} = \\Omega\\left(\\left(\\frac{1}{\\frac{1}{e} + 2} \\frac{\\sqrt{\\epsilon}M}{\\gamma}\\right)^t\\right). \\tag{16}$$\n\nThis demonstrates that the convergence rate for the class of problems satisfying Assumptions 1-4 cannot exceed the given lower bound."
      },
      {
        "heading": "6.1 Lower Bound with Perdomo et al. [2020]'s Assumption",
        "text": "We show that the convergence rate for RRM provided in Equation 10 is optimal among the class of *Affine Risk Minimizers* up to a factor 2.\n\n**Theorem 6 (ARM lower bound Perdomo's framework)** *There exists a problem instance and an initialization*  $\\theta_0$  *following Assumption* 5 *such that for any algorithm in the Affine Risk Minimizers class, we have:* \n\n$$\\|\\theta^t - \\theta_{PS}\\| = \\Omega\\left(\\left(\\frac{\\epsilon\\beta}{2\\gamma}\\right)^t \\|\\theta_0 - \\theta_{PS}\\|\\right). \\tag{17}$$\n\n**Proof Sketch.** The proofs of Theorems 5 and 6 are inspired by the idea of introducing a new dimension at each iteration by Nesterov's lower bound for convex smooth functions [Nesterov, 2014]. We construct a problem instance satisfying Assumption 5 and derive the iteration dynamics of RRM to establish a lower bound on its convergence rate.\n\nWe introduce a structured transformation of the parameter space, different from the one introduced in Nesterov [2014], using the matrix\n\n$$A = \\begin{bmatrix} 1 & 0 & 0 & \\dots & 0 \\\\ 1 & 1 & 0 & \\dots & 0 \\\\ 0 & 1 & 1 & \\dots & 0 \\\\ \\vdots & \\vdots & \\ddots & \\ddots & \\vdots \\\\ 0 & \\dots & 0 & 1 & 1 \\end{bmatrix} \\in \\mathbb{R}^{d \\times d}.$$\n\nThis matrix ensures that if a vector v is in the span of  $\\{e_1, ..., e_i\\}$ , where  $e_i$  is the standard basis vector in  $\\mathbb{R}^d$ , then Av extends the span to include  $e_{i+1}$ . This property allows us to control the iterative exploration of dimensions in the distribution mapping.\n\nWe define the loss function as  $\\ell(f_{\\theta}(x), y) = \\frac{\\gamma}{2} \\|\\theta - \\frac{\\beta}{\\gamma} z\\|^2$ , and set the distribution map to  $D(\\theta) = \\mathcal{N}\\left(\\frac{\\epsilon}{2}A\\theta + e_1, \\sigma^2\\right)$ . This choice ensures that each RRM iteration follows the update rule\n\n$$\\theta^{t+1} = \\frac{\\beta}{\\gamma} \\left( \\frac{\\epsilon}{2} A \\theta^t + e_1 \\right).$$\n\nFrom Lemma 9 (Appendix A), we know that any Affine Risk Minimizer converges to the same set of stable points as RRM. Since the problem instance we constructed has a unique stable point, it remains to explicitly compute this point and derive a lower bound by summing the contributions from undiscovered dimensions, completing the proof. A detailed proof is provided in Appendix F.\n\nTo further illustrate this, Figure 2 provides empirical evidence supporting the theoretical lower bound derived for Perdomo et al. [2020]. The figure shows the convergence of  $\\|\\theta - \\theta_{PS}\\|$  over multiple iterations for various combinations of previous snapshots. As indicated by the dotted line, the lower bound is never violated, demonstrating that the theoretical result holds in practice. The experimental setup for these results is also detailed in Appendix F. We also extend our result to a more general case for ARM in the following theorem (with proof in Appendix F.1).\n\n**Theorem 7 (Proximal ARM lower bound)** Let Assumption 5 hold and generate the iterates via\n\n\n$$\\theta^{t+1} = \\arg\\min_{\\theta \\in \\Theta} \\mathbb{E}_{(x,y) \\sim D_t} \\left[ \\ell(f_{\\theta}(x), y) \\right] + \\frac{\\lambda}{2} \\|\\theta - \\theta^t\\|^2, \\tag{18}$$\n\nwhere  $D_t$  is any mixture distribution defined in Equation 13. Then there exists a problem instance and an initialization  $\\theta_0$  such that every algorithm in the Affine Risk Minimizers class satisfies\n\n$$\\|\\theta^t - \\theta_{PS}\\| = \\Omega\\left(\\left(\\frac{\\epsilon\\beta}{2\\gamma}\\right)^t \\|\\theta_0 - \\theta_{PS}\\|\\right). \\tag{19}$$\n\nThe proximal ARM update in Equation 18 is the ARM version of the proximal formulation of RRM introduced by Drusvyatskiy and Xiao [2022]. In fact, the lower bound of Theorem 7 continues to hold for the standard RRM method, since RRM corresponds to the special case of ARM in which the mixture distribution  $D_t$  places all its weight on the most recent iterate. Thus, this result demonstrates that the proof technique we have developed for establishing exponential lower bounds is not limited to the ARM family but extends naturally to other iterative decision-dependent optimization procedures. In the supplementary material, we also present convergence rates for Proximal RRM for the first time on the framework of Perdomo et al. [2020], filling a gap in the literature, though these rates offer no improvement over standard RRM.\n\n![](_page_8_Figure_0.jpeg)\n\n![](_page_8_Figure_1.jpeg)\n\nFigure 2: Convergence of  $\\|\\theta^t - \\theta_{\\rm PS}\\|$  over iterations t for different values of  $\\tau$ , which defines the aggregation of datasets from training snapshots:  $D_t = \\sum_{i=t-\\tau+1}^t \\frac{1}{\\tau} D(\\theta_i)$ . The dotted line shows our lower bound from Perdomo et al. [2020], with  $\\epsilon = 2.49$ ,  $\\beta = 1$ , and  $\\gamma = 5.0$ . The experiment, consistent across all methods, validates the bound by showing that  $\\|\\theta^t - \\theta_{\\rm PS}\\|$  does not drop below it, supporting our theory.\n\nFigure 3: Loss shift due to performativity for the credit-scoring environment. To accurately measure Performative Risk, we average over 500 runs per method. Increasing the aggregation window  $\\tau$  (1  $\\rightarrow$  2  $\\rightarrow$  4  $\\rightarrow$  t/2  $\\rightarrow$  all) reduces the loss shifts and, consequently, reaches the stable point faster."
      },
      {
        "heading": "7 Experiments",
        "text": "We conduct experiments in two semi-synthetic environments to evaluate whether aggregating past snapshots improves convergence to the performatively stable point. We present an empirical comparison of different averaging windows for prior snapshots. At each time step t, we form  $D_t$  by aggregating the datasets from the training snapshots as\n\n$$D_t = \\frac{1}{\\tau} \\sum_{i=t-\\tau+1}^{t} D(f_{\\theta^i}),$$\n\nwhere we compare methods using various values of  $\\tau$ , including  $\\tau=1,2,4,\\frac{t}{2}$ , and 'all' (which includes all snapshots up to time t).\n\nWe first discuss our evaluation metric, then present detailed case studies on the credit scoring environment Mofakhami et al. [2023] (Section 7.1) and the rideshare markets Narang et al. [2024] (Appendix J).\n\n**Evaluation Metric.** Throughout our experiments, we focus on changes in loss as a result of performativity. We define  $\\Delta \\mathcal{R}_t$ , i.e. the loss shift due to performativity at time t, as the absolute difference in loss observed by a model before and after the data distribution has changed due to performative effects while keeping the model's state constant.\n\n$$\\Delta \\mathcal{R}_t = \\left| \\mathbb{E}_{z \\sim \\mathcal{D}(f_{at})} \\left[ \\ell(f_{\\theta^t}(x), y) \\right] - \\mathbb{E}_{z \\sim \\mathcal{D}(f_{at-1})} \\left[ \\ell(f_{\\theta^t}(x), y) \\right] \\right| \\tag{20}$$\n\nThis metric allows for clearer comparisons between methods by minimizing overlap in the plots, unlike the performative risk (Equation 1)."
      },
      {
        "heading": "7.1 Credit Scoring",
        "text": "**Setup.** Inspired by Mofakhami et al. [2023], we use the *Resample-if-Rejected (RIR)* procedure to model distribution shifts in a controlled experimental setting. This methodology involves users strategically altering their data to influence the classification outcome.\n\nLet us consider a base distribution with probability density function p and a function  $g: f_{\\theta}(x) \\mapsto g(f_{\\theta}(x))$  indicating the probability of rejection based on the prediction  $f_{\\theta}(x) \\in \\mathbb{R}$ . The modified distribution  $p_{f_{\\theta}}$ , under the *RIR* mechanism, evolves as follows:\n\n- Sample x from p.\n- With probability  $1 g(f_{\\theta}(x))$ , accept and output x. Otherwise, resample from p.\n\nOur data comes from Kaggle's *Give Me Some Credit* dataset<sup>4</sup>, which includes features  $x \\in \\mathbb{R}^{11}$  and labels  $y \\in \\{0,1\\}$ , where y=1 indicates a defaulting applicant. We partition the features into two sets: strategic and non-strategic. We assume independence between strategic and non-strategic features. While non-strategic features remain fixed, the strategic features are resampled using the *RIR* procedure with a rejection probability  $g(f_{\\theta}(x)) = f_{\\theta}(x) + \\delta$ . We use a scaled sigmoid function after the second layer. This scales  $f_{\\theta}(x)$  to the interval  $[0,1-\\delta]$ , ensuring that  $g(f_{\\theta}(x)) \\in [\\delta,1]$  remains a valid probability. Further implementation details are available in Appendix I.\n\n**Theorem 8** Let  $f_{\\theta}(x) \\in [0, 1 - \\delta]$  for all  $\\theta \\in \\Theta$ , where  $0 < \\delta < 1$  is fixed. Then, for  $g(f_{\\theta}(x)) = f_{\\theta}(x) + \\delta$ , RIR is  $\\epsilon$ -sensitive as defined in Assumption 1 with  $\\epsilon = \\mathcal{O}(\\delta^{-\\frac{3}{2}})$ .\n\nThis result provides an example where our rate surpasses the rate previously derived in Mofakhami et al. [2023] ( $\\mathcal{O}(\\delta^{-2})$ ) within the same framework). In addition, Mofakhami et al. [2023] derived the remaining constants in the rate for this setup, and these constants remain unchanged in our result. Furthermore, for any value of M and  $\\gamma$ , our rate can guarantee convergence for a wider class of problems. The proof of this theorem, along with justifications for the improved rate, is presented in Appendix H. Mofakhami et al. [2023] derive the\n\n**Results.** The outcomes of this case study are shown in Figure 3. For larger window sizes  $(\\tau)$ , we omit the initial iterations in the figure because they follow the same update rule as smaller  $\\tau$  methods, leading to identical values. Figure 3 demonstrates the advantage of using older snapshots in the optimization process. As the window size increases from 1 to 2, we observe a near-half reduction in the loss shift, particularly in the early iterations, with the improvement persisting even after 50 iterations. While larger windows continue to reduce the loss shift, the marginal gains decrease as window size increases. This is evident from the similarity between the curves for window sizes t/2, and 'all'. The decreasing marginal gains elicit a trade-off against the time, memory, and resource consumption. As the window size increases, both time per iteration and the memory consumption increase linearly. Thus, the user has to pick the right aggregation window  $\\tau$  based on the application and the resources available to achieve the desired convergence speed while respecting the logistical constraints. The corresponding performative risk plot can also be found in Appendix I."
      },
      {
        "heading": "8 Conclusion",
        "text": "In this paper, we introduced a new class of algorithms for improved convergence in performative prediction by utilizing historical datasets from previous retraining snapshots. Our theoretical contributions include establishing a new upper bound for last-iterate methods, demonstrating the tightness of this bound, and surpassing existing lower bounds through the aggregation of historical datasets. We have also presented the first lower bound analysis for Repeated Risk Minimization (RRM) within the class of Affine Risk Minimizers. Our empirical results validate the theoretical findings, showing that using prior snapshots leads to more effective convergence to a stable point. These contributions provide new insights into performative prediction and offer an alternative approach to enhancing learning in dynamic environments."
      }
    ],
    "references": [
      {
        "title": "What's measured is what matters: Targets and gaming in the english public health care system",
        "author": [
          "- Gwyn Bevan",
          "Christopher Hood"
        ],
        "venue": "Public Administration",
        "citeRegEx": "Bevan et al\\\\.,? 2006",
        "shortCiteRegEx": "Bevan et al\\\\.",
        "year": 2006
      }
    ]
  }
}