{
  "forum_id": "2xeYuWd7WZ",
  "metadata": {
    "source": "NeurIPS",
    "year": 2025,
    "title": "Lorentz Local Canonicalization: How to Make Any Network Lorentz-Equivariant",
    "abstractText": "Lorentz-equivariant neural networks are becoming the leading architectures for high-energy physics. Current implementations rely on specialized layers, limiting architectural choices. We introduce Lorentz Local Canonicalization (LLoCa), a general framework that renders any backbone network exactly Lorentz-equivariant. Using equivariantly predicted local reference frames, we construct LLoCatransformers and graph networks. We adapt a recent approach for geometric message passing to the non-compact Lorentz group, allowing propagation of space-time tensorial features. Data augmentation emerges from LLoCa as a special choice of reference frame. Our models achieve competitive and state-of-the-art accuracy on relevant particle physics tasks, while being 4× faster and using 10× fewer FLOPs.",
    "sections": [
      {
        "heading": "1 Introduction",
        "text": "Many significant recent discoveries in the natural sciences are enhanced by Machine Learning (ML) [\\[2,](#page-10-0) [14,](#page-10-1) [23,](#page-11-0) [46\\]](#page-12-0). In particular, High Energy Physics (HEP) experiments profit from ML as a vast amount of data is available [\\[12,](#page-10-2) [22,](#page-11-1) [25\\]](#page-11-2). For instance, the Large Hadron Collider (LHC) at CERN collects data at rates which are unmatched in the natural sciences, seeking to explain the most fundamental building blocks of nature [\\[13\\]](#page-10-3).\n\nThe collision between two highly-energetic particles produces a multitude of scattered particles. The physical laws which govern the dynamics of these particles respect Lorentz symmetry, the symmetry group of special relativity. Incorporating the Lorentz symmetry in neural networks, in the form of Lorentz equivariance, has proven to be critical for physics tasks which require data efficiency and high accuracy [\\[7,](#page-10-4) [21,](#page-11-3) [39,](#page-12-1) [42\\]](#page-12-2). However, existing Lorentz-equivariant architectures often rely on task-specific building blocks which impede the general applicability of Lorentz-equivariant networks in the field. Other more versatile equivariant architectures impose prohibitive computational costs, limiting usability at scale, and increasing the energy footprint from training. In this work, we address these limitations by introducing a method that guarantees exact, but also partial and approximate, Lorentz equivariance with minimal additional computational costs. Our approach is agnostic to the architecture of the model, enabling the adaptation of existing graph neural networks (GNNs) and transformers to Lorentz-equivariant neural networks. We make the following contributions:\n\n<sup>∗</sup>Equal contribution\n\n![](_page_1_Figure_0.jpeg)\n\nFigure 1: Lorentz Local Canonicalization (LLoCa) for making any architecture Lorentz-equivariant. The input consists of a set of particles each associated with an energy and momentum (and possibly other particle features). The particle features are transformed into learned local reference frames, turning them into Lorentz-invariant local features. The local features can then be processed by any backbone architecture to produce exactly Lorentz-equivariant outputs for a variety of possible tasks. Without including additional domain-specific priors, our approach elevates the performance of domain-agnostic models, such as a vanilla transformer, to the SOTA in the field (see e.g. Fig. 3).\n\n- To the best of our knowledge, we introduce the first (local) canonicalization framework for Lorentz-equivariant deep learning, a novel approach that does not rely on specialized layers to achieve internal representations of space-time tensors. We present a novel approach for Lorentz-equivariant prediction of local reference frames and adapt a recently proposed approach [30] for geometric message passing to the non-compact Lorentz group. In particular, we propose a variant of scaled dot-product attention based on the Minkowski product that leverages efficient off-the-shelf attention implementations.\n- Our framework is readily applicable to any non-equivariant backbone architectures. It is\n  easy to integrate and can significantly improve the training and inference times over Lorentzequivariant architectures that use specialized layers.\n- In several experiments, we demonstrate the efficacy of exact Lorentz equivariance by achieving state-of-the-art or competitive results using a powerful Lorentz-equivariant transformer and by making several domain-specific networks Lorentz-equivariant.\n- Our framework allows for a fair comparison between data augmentation and exact Lorentz equivariance. Our experiments support the superiority of Lorentz-equivariant models when ample training data is available in HEP, while data-augmentation achieves competitive accuracy when training data is scarce.\n- Unlike prior equivariant models, our approach incurs only a moderate computational overhead, with a 10–50% increase in FLOPs and a 60–100% increase in training time compared to non-equivariant baselines. Compared to other SOTA Lorentz-equivariant architectures, our models train 4× faster and use 10× fewer FLOPs. Our implementation of LLoCa is publicly available on https://github.com/heidelberg-hepml/lloca, and experiments can be reproduced with https://github.com/heidelberg-hepml/lloca-experiments."
      },
      {
        "heading": "2 Background",
        "text": "**Lorentz group.** The theory of special relativity [19, 35] is built on two postulates: (i) the laws of physics take the same form in every inertial reference frame, and (ii) the speed of light c is identical for all observers. Together they imply that every inertial observer must agree on a single scalar quantity, the spacetime interval  $\\Delta s^2 = c^2 \\Delta t^2 - \\Delta \\vec{x}^2$ . Adopting natural units (c=1), we formalize it with the Minkowski product\n\n\n$$\\langle x, y \\rangle = x^0 y^0 - x^1 y^1 - x^2 y^2 - x^3 y^3$$\n (1)\n\nThe Minkowski product acts on column four-vectors  $x=(x^0,\\vec{x})^T\\in\\mathbb{R}^4$ , which can be decomposed into a temporal part  $x^0$  and a spatial part  $\\vec{x}=(x^1,x^2,x^3)^T$ . Equation (1) can be compactly written as  $x^Tgy$  using the Minkowski metric  $g=\\mathrm{diag}(1,-1,-1,-1)$  [34]. Hence, frame-to-frame transformations can be represented as matrices  $\\Lambda\\in\\mathbb{R}^{4\\times 4}$  that preserve the Minkowski product, i.e. that fulfill  $\\Lambda^Tg\\Lambda=g$ . The inverse transformation is given by  $\\Lambda^{-1}=g\\Lambda^Tg$ . Lorentz transformations  $\\Lambda$  act on four-vectors x as  $x\\to x'=\\Lambda x$ . The collection of all Lorentz transformations constitutes the Lorentz group  $\\mathrm{O}(1,3)$ . In the following we will focus on the special orthochronous Lorentz\n\ngroup  $SO^+(1,3)$ , which emerges as a subgroup from the constraints that  $\\det \\Lambda = 1$  and  $\\Lambda_{00} > 0$ .\n\nA convenient parametrization of a Lorentz transformation  $\\Lambda \\in SO^+(1,3)$  is obtained via polar decomposition,<sup>3</sup> which factors the transformation into a purely spatial rotation R and a boost B\n\n\n$$\\Lambda = RB = \\begin{pmatrix} 1 & \\vec{0}^T \\\\ \\vec{0} & \\tilde{R} \\end{pmatrix} \\begin{pmatrix} \\gamma & -\\gamma \\vec{\\beta}^T \\\\ -\\gamma \\vec{\\beta} & I_3 + (\\gamma - 1) \\frac{\\vec{\\beta} \\vec{\\beta}^T}{\\vec{\\beta}^2} \\end{pmatrix}, \\qquad \\gamma = (1 - \\vec{\\beta}^2)^{-1/2}.$$\n (2)\n\nIn this decomposition, R leaves the time component of a four-vector untouched while the submatrix  $\\tilde{R} \\in \\mathbb{R}^{3 \\times 3}$  rotates its spatial coordinates. Meanwhile, B performs a hyperbolic \"rotation\" that mixes time with a chosen spatial direction determined by the dimensionless velocity vector  $\\vec{\\beta}$ . The Lorentz factor  $\\gamma = (1 - \\vec{\\beta}^2)^{-1/2}$  encodes the amount of time-dilation and length-contraction introduced by the boost. Every four-vector  $p = (p^0, \\vec{p})$ , with positive norm  $m = \\|p\\| = (\\langle p, p \\rangle)^{1/2}$ , defines such a boost B(p) with velocity  $\\vec{\\beta} = \\vec{p}/p_0$ .\n\n**Group representations.** To characterize how transformations of a group G act on elements of a vector space V, we use the notion of a group representation. A group representation is a map  $\\rho$  that assigns an invertible matrix  $\\rho(g) \\in \\operatorname{GL}(V)$  to each group element such that  $\\rho(g_1g_2) = \\rho(g_1)\\rho(g_2)$  holds for any pair of group elements  $g_1, g_2 \\in G$ . In this expression,  $g_1g_2$  is the group product and  $\\rho(g_1)\\rho(g_2)$  the matrix product. For instance, four-vectors transform under the 4-dimensional vector representation of the Lorentz group,  $x' = \\Lambda x$ , or in components,  $x'^{\\mu} = \\sum_{\\nu} \\Lambda^{\\mu}{}_{\\nu} x^{\\nu}$ . Higher-order tensor representations follow the pattern\n\n\n$$f'^{\\mu_1 \\dots \\mu_n} = (\\rho(\\Lambda)f)^{\\mu_1 \\dots \\mu_n} = \\sum_{\\nu_1 \\dots \\nu_n} \\Lambda^{\\mu_1}{}_{\\nu_1} \\dots \\Lambda^{\\mu_n}{}_{\\nu_n} f^{\\nu_1 \\dots \\nu_n}.$$\n (3)\n\nA tensor with n indices is said to have order n; each index runs over four spacetime directions, so the associated representation acts on a  $4^n$ -dimensional space.\n\n**Equivariance.** Geometric deep learning takes advantage of the symmetries already present in a problem instead of forcing the model to \"rediscover\" them from data [11, 15]. An operation h is equivariant to a symmetry group G when the group action commutes with the function, i.e.  $h(g \\cdot x) = g \\cdot h(x)$  for any  $g \\in G$ . Invariance of h emerges as a special case of equivariance if the output is invariant under group actions,  $h(g \\cdot x) = h(x)$ .\n\n**High-energy physics.** In most steps of a HEP analysis pipeline, the data takes the form of a set of particles. Each particle is characterized by its discrete particle type as well as its energy E and three-momentum  $\\vec{p}$  which make up the four-momentum  $p=(E,\\vec{p})^T\\in\\mathbb{R}^4$ . Four-momenta transform in the vector representation of the Lorentz group. Examples for particle types are fundamental particles like electrons, photons, quarks and gluons as well as reconstructed objects like \"jets\" [40]. In addition to the particle mass  $m=(\\langle p,p\\rangle)^{1/2}$ , particles might be described by extra scalar information such as the electric charge depending on the application. Particle data is typically processed with permutation-equivariant architectures such as graph networks and transformers, with each particle corresponding to one node or token in a fully connected graph.\n\n**Lorentz symmetry breaking.** Although the underlying dynamics of high-energy physics respect the unbroken Lorentz group  $\\mathrm{SO}^+(1,3)$ , the experimental environment in HEP introduces explicit symmetry breaking. The proton beams as well as the detector geometry single out a preferred spatial axis, breaking the symmetry of rotations around axes orthogonal to the beam direction. Further, reconstruction algorithms use the transverse momentum  $(p_x^2 + p_y^2)^{1/2}$  to define jets, a quantity which is only invariant under rotations around the beam axis. As a result, many collider observables retain at most a residual  $\\mathrm{SO}(2)$  symmetry of rotations about the beam axis. In particular, the classification score in Sec. 5.1 is only  $\\mathrm{SO}(2)$ -equivariant, while the regression target in Sec. 5.2 is fully Lorentz-equivariant.\n\nNevertheless, Lorentz-equivariant networks outperform SO(2)-invariant networks in tasks with\n\n<sup>&</sup>lt;sup>2</sup> \"Special\" and \"orthochronous\" means that spatial and temporal reflections are not included in the group.\n\n<sup>&</sup>lt;sup>3</sup>More generally, a polar decomposition describes the factorization of a square matrix into a hermitian and a unitary part.\n\npartial Lorentz symmetry breaking [\\[7,](#page-10-4) [21,](#page-11-3) [39,](#page-12-1) [42\\]](#page-12-2). This is achieved through a flexible symmetry breaking strategy that preserves Lorentz-equivariant hidden representations. Typically, fixed reference four-vectors such as the global time direction (1, 0, 0, 0) and beam axis (0, 0, 0, 1) are provided as additional inputs, restricting equivariance to transformations that leave these vectors invariant."
      },
      {
        "heading": "3 Related work",
        "text": "Lorentz-equivariant architectures. Neural networks with exact Lorentz equivariance have emerged as a powerful tool for HEP analyses. A basic approach achieves Lorentz invariance by projecting the particle cloud onto all pairwise Minkowski inner products and processing the results with an MLP [\\[10,](#page-10-7) [42\\]](#page-12-2). The lack of permutation equivariance in this design is overcome by PELICAN [\\[7\\]](#page-10-4), which uses layers that capture all permutation-equivariant mappings on edge features. In order to predict non-scalar quantities such as four-vectors, existing architectures use internal features that transform in Lorentz group representations. LorentzNet [\\[21\\]](#page-11-3) uses scalar and vector channels, while CGENN [\\[39\\]](#page-12-1) and L-GATr [\\[9,](#page-10-8) [42\\]](#page-12-2) adopt geometric algebra representations, including antisymmetric second-order tensors. CGENN and LorentzNet use message passing, whereas L-GATr relies on selfattention. Unlike these models, LLoCa supports arbitrary representations with fewer architectural constraints and improved efficiency.\n\nEquivariance by local canonicalization. An alternative approach to achieve equivariance is to transform the input data into a canonical reference frame. An arbitrary backbone network then acts on the canonicalized input, before a final transformation back to the initial reference frame provides the equivariant output. Such canonicalization can be achieved in two different ways: a) via global canonicalization [\\[24\\]](#page-11-7), which uses a global reference frame for the whole point cloud, which is not used in our method, or b) via local canonicalization, where each point in the point cloud is equipped with its own reference frame. In contrast to global canonicalization, local canonicalization facilitates that similar local substructures will yield similar local features. Several methods have been proposed to find a global canonical orientation for 3D point cloud data [\\[6,](#page-10-9) [28,](#page-11-8) [49,](#page-12-5) [50\\]](#page-12-6), or a local canonicalization for the compact group of 3D rotations and reflections [\\[17,](#page-10-10) [31,](#page-11-9) [47\\]](#page-12-7). However, to the best of our knowledge, there exist no equivalents for the non-compact Lorentz group. As shown in [\\[30\\]](#page-11-4), properly transforming tensorial objects between different local reference frames during message passing substantially increases the expressivity of the architecture. We extend their solution to the Lorentz group. While the mentioned approaches use one global reference frame or one local reference frame per node, it is possible and in some cases advantageous to extend the framework of canonicalization to multiple different reference frames (per entity), as presented in the form of frame averaging in [\\[18,](#page-11-10) [29,](#page-11-11) [36\\]](#page-12-8). Extending these methods to our framework could be a promising direction for future research.\n\nScaling of exact equivariance vs. data augmentation. Recent work has begun to probe approximate symmetries in neural networks [\\[27\\]](#page-11-12) and to question whether exact equivariance improves data scaling laws of neural networks [\\[8,](#page-10-11) [30\\]](#page-11-4). Building on local canonicalization, our framework enables a controlled comparison: it allows us to evaluate an exactly Lorentz-equivariant model and an equally engineered, non-equivariant counterpart trained with data augmentation on equal footing. We conduct several experiments to investigate how both types of models scale with the amount of training data."
      },
      {
        "heading": "4 Methods",
        "text": "The general idea of our framework is the following (cf. Fig. [1\\)](#page-1-1): for every particle, or node, we predict a local reference frame which transforms equivariantly under general Lorentz transformations. Then, we express the particle features in the predicted local reference frames, therefore transforming them into Lorentz-invariant features which can be processed by any backbone network. In the end, we obtain a Lorentz-equivariant prediction by transforming the space-time objects back to the global reference frame. In its minimal version, only local scalar information is exchanged between nodes, a constraint that significantly limits the expressivity of the architecture. We instead propose to group particle features into tensor representations to enable the exchange of tensorial space-time messages between different reference frames, extending the method proposed by Lippmann, Gerhartz et al. [\\[20,](#page-11-13) [30\\]](#page-11-4)."
      },
      {
        "heading": "4.1 Local reference frames",
        "text": "A local reference frame L is constructed from a set of four four-vectors  $u_0, u_1, u_2, u_3$  (\"vierbein\") that form an orthonormal basis in Minkowski space, i.e. they satisfy the condition\n\n\n$$\\sum_{\\mu,\\nu} u_a{}^{\\mu} u_b{}^{\\nu} g_{\\mu\\nu} = g_{ab} \\ . \\tag{4}$$\n\nThe transformation behavior of four-vectors  $u_i \\to \\Lambda u_i$  implies that the local reference frames L transform as  $L \\to L\\Lambda^{-1}$  if constructed from row vectors in the following way<sup>4</sup>\n\n$$L = \\begin{pmatrix} \\cdots & u_0^T g & \\cdots \\\\ -u_1^T g & \\cdots \\\\ -u_2^T g & \\cdots \\\\ -u_3^T g & \\cdots \\end{pmatrix} \\quad \\stackrel{\\Lambda}{\\rightarrow} \\quad L' = \\begin{pmatrix} \\cdots & u_0^T \\Lambda^T g & \\cdots \\\\ -u_1^T \\Lambda^T g & \\cdots \\\\ -u_2^T \\Lambda^T g & \\cdots \\\\ -u_3^T \\Lambda^T g & \\cdots \\end{pmatrix} = L\\Lambda^{-1}. \\tag{5}$$\n\nIn the final step, we insert two Minkowski metrics as  $I_4=gg$ , allowing us to identify the inverse transformation  $\\Lambda^{-1}=g\\Lambda^Tg$ . With this relation, the orthonormality condition (4) becomes  $LgL^T=g$ , the defining property of Lorentz transformations. In Sec. 4.5, we explicitly construct local reference frames that satisfy both conditions introduced above. When working with sets of particles, a separate local reference frame can be assigned to each particle, see Fig. 1."
      },
      {
        "heading": "4.2 Local canonicalization",
        "text": "Local four-vectors  $x_L=Lx$  are defined by transforming global four-vectors x into the local reference frame L. Thanks to the transformation rule  $L\\to L\\Lambda^{-1}$ , these local vectors remain invariant under global Lorentz transformations  $\\Lambda$ , i.e.  $x_L=Lx\\to x_L'=L\\Lambda^{-1}\\Lambda x=Lx=x_L$ . This property readily generalizes to general Lorentz tensors f (cf. Eq. (3)), which transform as  $f\\to f'=\\rho(\\Lambda)f$ . For features in the local reference frame  $f_L=\\rho(L)f$  we find\n\n$$f_L \\xrightarrow{\\Lambda} f'_L = \\rho(L')f' = \\rho(L\\Lambda^{-1})\\rho(\\Lambda)f = \\rho(L\\Lambda^{-1}\\Lambda)f = \\rho(L)f = f_L.$$\n (6)\n\nThe local particle features  $f_L$  can be processed with any backbone architecture without violating their Lorentz invariance, cf. Fig. 1. Finally, output features y in the global reference frame are extracted using the inverse transformation  $y = \\rho(L^{-1})f_L$ . These output features y are equivariant under Lorentz transformations\n\n$$y \\xrightarrow{\\Lambda} y' = \\rho(L'^{-1})f_L' = \\rho(\\Lambda L^{-1})f_L = \\rho(\\Lambda)\\rho(L^{-1})f_L = \\rho(\\Lambda)y. \\tag{7}$$"
      },
      {
        "heading": "4.3 Tensorial messages between local reference frames",
        "text": "Consider a system of N particles, where a message is sent from particle j to particle i. The message  $m_{j,L_j}$  in the local reference frame  $L_j$  is Lorentz-invariant, as it is constructed from the invariant particle features  $f_{L_j}$ . To communicate this message to particle i in reference frame  $L_i$ , we apply the reference frame transformation matrix  $L_iL_j^{-1}$ , which gives the transformed message:\n\n$$m_{j,L_i} = \\rho(L_i L_j^{-1}) m_{j,L_j}.$$\n (8)\n\nInput  $f_j$  Output  $f_i^{\\text{upd.}}$  Output  $f_i^{\\text{upd.}}$  Output  $f_i^{\\text{upd.}}$  Output  $f_i^{\\text{upd.}}$  Output  $f_i^{\\text{upd.}}$  Output  $f_i^{\\text{upd.}}$  Output  $f_i^{\\text{upd.}}$  Output  $f_i^{\\text{upd.}}$  Output  $f_i^{\\text{upd.}}$  Output  $f_i^{\\text{upd.}}$  Output  $f_i^{\\text{upd.}}$  Output  $f_i^{\\text{upd.}}$  Output  $f_i^{\\text{upd.}}$  Output  $f_i^{\\text{upd.}}$  Output  $f_i^{\\text{upd.}}$  Output  $f_i^{\\text{upd.}}$  Output  $f_i^{\\text{upd.}}$  Output  $f_i^{\\text{upd.}}$  Output  $f_i^{\\text{upd.}}$  Output  $f_i^{\\text{upd.}}$  Output  $f_i^{\\text{upd.}}$  Output  $f_i^{\\text{upd.}}$  Output  $f_i^{\\text{upd.}}$  Output  $f_i^{\\text{upd.}}$  Output  $f_i^{\\text{upd.}}$  Output  $f_i^{\\text{upd.}}$  Output  $f_i^{\\text{upd.}}$  Output  $f_i^{\\text{upd.}}$  Output  $f_i^{\\text{upd.}}$  Output  $f_i^{\\text{upd.}}$  Output  $f_i^{\\text{upd.}}$  Output  $f_i^{\\text{upd.}}$  Output  $f_i^{\\text{upd.}}$  Output  $f_i^{\\text{upd.}}$  Output  $f_i^{\\text{upd.}}$  Output  $f_i^{\\text{upd.}}$  Output  $f_i^{\\text{upd.}}$  Output  $f_i^{\\text{upd.}}$  Output  $f_i^{\\text{upd.}}$  Output  $f_i^{\\text{upd.}}$  Output  $f_i^{\\text{upd.}}$  Output  $f_i^{\\text{upd.}}$  Output  $f_i^{\\text{upd.}}$  Output  $f_i^{\\text{upd.}}$  Output  $f_i^{\\text{upd.}}$  Output  $f_i^{\\text{upd.}}$  Output  $f_i^{\\text{upd.}}$  Output  $f_i^{\\text{upd.}}$  Output  $f_i^{\\text{upd.}}$  Output  $f_i^{\\text{upd.}}$  Output  $f_i^{\\text{upd.}}$  Output  $f_i^{\\text{upd.}}$  Output  $f_i^{\\text{upd.}}$  Output  $f_i^{\\text{upd.}}$  Output  $f_i^{\\text{upd.}}$  Output  $f_i^{\\text{upd.}}$  Output  $f_i^{\\text{upd.}}$  Output  $f_i^{\\text{upd.}}$  Output  $f_i^{\\text{upd.}}$  Output  $f_i^{\\text{upd.}}$  Output  $f_i^{\\text{upd.}}$  Output  $f_i^{\\text{upd.}}$  Output  $f_i^{\\text{upd.}}$  Output  $f_i^{\\text{upd.}}$  Output  $f_i^{\\text{upd.}}$  Output  $f_i^{\\text{upd.}}$  Output  $f_i^{\\text{upd.}}$  Output  $f_i^{\\text{upd.}}$  Output  $f_i^{\\text{upd.}}$  Output  $f_i^{\\text{upd.}}$  Output  $f_i^{\\text{upd.}}$  Output  $f_i^{\\text{upd.}}$  Output  $f_i^{\\text{upd.}}$  Output  $f_i^{\\text{upd.}}$  Output  $f_i^{\\text{upd.}}$  Output  $f_i^{\\text{upd.}}$  Output  $f_i^{\\text{upd.}}$  Output  $f_i^{\\text{upd.}}$  Output  $f_i^{\\text{upd.}}$  Output  $f_i^{\\text{upd.}}$  Output  $f_i^{\\text{upd.}}$  Output  $f_i^{\\text{upd.}}$  Output  $f_i^{\\text{upd.}}$  Output  $f_i^{\\text{upd.}}$  Output  $f_i^{\\text{upd.}}$  Output  $f_i^{\\text{upd.}}$  Output  $f_i^{\\text{upd.}}$  Output  $f_i^{\\text{upd.}}$  Output f\n\nFigure 2: **Tensorial message passing in LLoCa.** Lorentz-invariant local messages are transformed between local reference frames.\n\nThe message representation  $\\rho$  is a hyperparameter that can be chosen according to the problem. Our implementation supports general tensor representations following Eq. (3), though in practice, we find an equal mix of scalar and vector representations sufficient for our applications. Regardless of the chosen representation, the received message  $m_{j,L_i}$  remains invariant since the transformation matrix  $L_iL_j^{-1}$  is invariant:\n\n$$L_i L_j^{-1} \\xrightarrow{\\Lambda} L_i' L_j'^{-1} = L_i \\Lambda^{-1} (L_j \\Lambda^{-1})^{-1} = L_i \\Lambda^{-1} \\Lambda L_j^{-1} = L_i L_j^{-1}.$$\n (9)\n\n<sup>&</sup>lt;sup>4</sup>The object  $u^{\\flat} = u^T g$  is called the covector of the vector u, with the transformation behavior  $u'^{\\flat} = u^{\\flat} \\Lambda^{-1}$ .\n\nThis formalism can be easily integrated into any message passing paradigm. Writing  $\\phi$  and  $\\psi$  for unconstrained neural networks and  $\\bigoplus$  for a permutation-invariant aggregation operation, the updated features for particle i can be written as:\n\n\n$$f_{L_i}^{\\text{updated}} = \\psi \\left( f_{L_i}, \\bigoplus_{j=1}^N \\phi \\left( \\rho(L_i L_j^{-1}) \\ m_{j,L_j} \\right) \\right). \\tag{10}$$\n\nWe extend this framework proposed by Lippmann, Gerhartz et al. [30] to the Lorentz group, see Fig. 2.\n\n**Tensorial scaled dot-product attention.** A particularly prominent example of message passing is scaled dot-product attention [44]. We obtain scaled dot-product attention with tensorial message passing as a special case of Eq. (10)\n\n$$f_{L_i}^{\\text{updated}} = \\sum_{j=1}^{N} \\operatorname{softmax} \\left( \\frac{1}{\\sqrt{d}} \\left\\langle q_{L_i}, \\rho(L_i L_j^{-1}) k_{L_j} \\right\\rangle \\right) \\rho(L_i L_j^{-1}) v_{L_j}. \\tag{11}$$\n\nThe objects  $q_{L_i}, k_{L_j}, v_{L_j}$  are the d-dimensional queries, keys and values, each computed in the respective local reference frame from the respective local node features  $f_{L_i}, f_{L_j}$ . The softmax normalizes the attention weights over all sending nodes. The Minkowski product  $\\langle \\cdot, \\cdot \\rangle$  reduces to the Euclidean product if the queries, keys and values are assigned to scalar representations  $\\rho$ . For higher-order representations, we find that Minkowski attention outperforms Euclidean attention, see App. E. Since the Minkowski product is Lorentz-invariant,\n\n$$\\langle q_{L_i}, \\rho(L_i L_i^{-1}) k_{L_i} \\rangle = \\langle \\rho(L_i^{-1}) q_{L_i}, \\rho(L_i^{-1}) \\rho(L_i L_i^{-1}) k_{L_i} \\rangle = \\langle \\rho(L_i^{-1}) q_{L_i}, \\rho(L_i^{-1}) k_{L_i} \\rangle. \\tag{12}$$\n\nThat is, keys and queries can simply be transformed into the global frame of reference, in which all Minkowski products can be efficiently evaluated. This facilitates the use of highly optimized scaled dot-product attention implementations [16]."
      },
      {
        "heading": "4.4 Relation to data augmentation",
        "text": "Architectures with local canonicalization achieve Lorentz equivariance if the local reference frames satisfy Eq. (5), imposing strong constraints on their construction. Non-equivariant networks emerge as a special case where the local reference frames are the identity, L=1. Data augmentation also emerges as a special case, where one global reference frame is drawn from a given distribution of Lorentz transformations. Implementing non-equivariant networks and data augmentation as special cases of equivariant networks enables a fair comparison between these three choices."
      },
      {
        "heading": "4.5 Constructing local reference frames",
        "text": "We now describe how to construct local reference frames for a set of particles, the typical data type in high-energy physics. Each local reference frame L has to satisfy the Lorentz group condition  $L^T g L = g$  and transform as  $L \\to L' = L \\Lambda^{-1}$  under Lorentz transformations  $\\Lambda$ . The local reference frames are constructed in two steps: first we use a simple Lorentz-equivariant architecture to predict three four-vectors for each particle. The four-vectors are then used to construct the local reference frames L following a deterministic algorithm.\n\nIn a system of N particles, each particle is described by its four-momentum  $p_i$  and additional scalar attributes  $s_i$ , such as the particle type. For each particle i, the three four-vectors are predicted as\n\n\n$$v_{i,k} = \\sum_{j=1}^{N} \\operatorname{softmax} \\left( \\varphi_k(s_i, s_j, \\langle p_i, p_j \\rangle) \\right) \\frac{p_i + p_j}{\\|p_i + p_j\\| + \\epsilon} \\quad \\text{for } k = 0, 1, 2.$$\n (13)\n\nThis operation is Lorentz-equivariant because it constructs four-vectors as a linear combination of four-vectors with scalar coefficients [45]. The function  $\\varphi$  is an MLP with three output channels that operates on Lorentz scalars. Empirically, we find that a network  $\\varphi$  that is significantly smaller than the backbone network is already sufficient, see App. D. To ensure positive and normalized weights, a softmax is applied across the weights of all sending nodes and the four-momenta are rescaled by their norm. This constrains the resulting vectors  $v_{i,k}$  to have positive inner products  $\\langle v_{i,k}, v_{i,k} \\rangle > 0$ , given that the input particles have positive inner products and positive energy  $p_i^0 > 0$ . We observe that the softmax operation significantly improves numerical stability during the subsequent orthonormalization procedure.\n\nIndeed, large boosts B may lead to numerical instabilities. However, although the particles  $p_i$  are highly boosted, we find that the predicted vectors  $v_{i,k}$  typically are not, resulting in stable training. Appendix D.1 holds a detailed discussion on the numerical stability of the local frame prediction. In tasks where symmetry breaking effects reduce full Lorentz symmetry to a subgroup, we incorporate reference particles (cf. Sec. 2) which are needed only for the local frame prediction.\n\nFor each particle i, the local reference frame  $L_i$  is constructed from the three four-vectors  $v_{i,k}$ , k=0,1,2 using polar decomposition, cf. Eq. (2). For readability, we omit the particle index i from here on. As outlined in Alg. 1, the boost  $B(v_0)$  is built from  $v_0$ , while the rotation R is derived from  $v_1$  and  $v_2$ . These two vectors\n\n**Algorithm 1** Local reference frames via polar decomposition\n\nRequire: \n$$v_0, v_1, v_2 \\in \\mathbb{R}^4$$\n with  $v_i' = \\Lambda v_i$ ,  $\\langle v_0, v_0 \\rangle > 0$   \nEnsure:  $L^T g L = g$  and  $L \\to L' = L \\Lambda^{-1}$   \n1:  $B \\leftarrow B(v_0)$  using Eq. (2)  \n2:  $w_k \\leftarrow B v_k$  for  $k = 1, 2$   \n3:  $\\vec{u}_1, \\vec{u}_2, \\vec{u}_3 \\leftarrow \\text{GramSchmidt}(\\vec{w}_1, \\vec{w}_2)$   \n4:  $\\tilde{R} \\leftarrow (\\vec{u}_1, \\vec{u}_2, \\vec{u}_3)^T$   \n5:  $R \\leftarrow \\begin{pmatrix} 1 & \\vec{0}^T \\\\ \\vec{0} & \\tilde{R} \\end{pmatrix}$   \n6:  $L \\leftarrow RB$ \n\nare first transformed with the same boost and then orthonormalized via the Gram-Schmidt algorithm. Alg. 1 is equivalent to a Gram-Schmidt algorithm in Minkowski space; see App. C for details and a proof that L satisfies the transformation rule  $L \\to L\\Lambda^{-1}$ . The above construction contains equivariantly predicted rotations for SO(3)-equivariant architectures as a special case with  $v_0=(1,0,0,0)$ , though this restricted variant yields inferior performance, see App. E. In App. B we describe how the LLoCa framework can be extended to the Poincaré group and O(1,d).\n\n**Limitations.** The Gram-Schmidt orthogonalization requires linear independence of  $v_1$  and  $v_2$ . In practice, we find this holds reliably for systems with  $N \\geq 3$  particles as we carefully address the numerical stability of the local frames prediction (see App. D.1). For systems with N < 3 particles, it is not possible to construct equivariant local frames from the information contained in the input set of particles. We handle this very special case by sampling the missing spatial directions  $\\vec{w}_1$  and  $\\vec{w}_2$  (cf. Alg. 1), randomly from an SO(3)-invariant distribution, at the cost of formally breaking Lorentz-equivariance to SO(3) or SO(2)-equivariance. In situations with partial Lorentz symmetry breaking, see Sec. 2, the reference particles encoding the time and beam direction can lift the number of input vectors  $p_i$  to 3 or higher."
      },
      {
        "heading": "5 Experiments",
        "text": "We now demonstrate the effectiveness of Lorentz Local Canonicalization (LLoCa) for a range of different architectures on two relevant tasks in HEP. We start from the classification of jets, or \"jet tagging\". Then, we present extensive studies on QFT amplitude regression."
      },
      {
        "heading": "5.1 Jet tagging",
        "text": "Jet tagging is the identification of the mother particle which initiated the spray of hadrons, a \"jet\", from a set of reconstructed particles. This task plays a key role in HEP workflows, where even marginal gains in classification performance lead to purer datasets – ultimately saving experimental resources. For this application the big-data regime is most interesting, because simulating training data is cheap. Therefore, we use the JetClass dataset [38], a modern benchmark dataset that contains 125M jets divided into 10 classes.\n\nThe ParticleNet [37] and ParT [38] networks are established jet tagging architectures in the highenergy physics community. ParticleNet uses dynamic graph convolutions, and ParT is a transformer with class attention [43] and a learnable attention bias based on Lorentz-invariant edge attributes. We use the LLoCa framework to make both architectures Lorentz-equivariant with minimal adaptations to the official implementation, see Tab. 1. Further, we compare against a vanilla transformer and its LLoCa adaptation (cf. Sec. 4.3), see App. D for details.\n\nWithout any hyperparameter tuning, the Lorentz-equivariant models based on LLoCa consistently outperform their non-equivariant counterparts, at the cost of some extra training time and FLOPs (see Tab. 1). Interestingly, LLoCA can elevate the performance of the domain-agnostic transformer to the performance of the domain-specific ParT architecture. This indicates that LLoCa provides an effective inductive bias, without the need for specialized architectural designs.\n\nTable 1: **LLoCa consistently improves the performance of non-equivariant architectures.** For classification on the JetClass dataset we compare accuracy, area under the ROC curve (AUC) as well as training time on a H100 GPU and FLOPs for a forward pass with batch size 1 for the JetClass dataset from [38]. For our models, accuracy and AUC metrics are significant up to the last digit. LLoCa improves domain-specific architectures and elevates a vanilla transformer to competitive accuracy (\\* indicates Lorentz equivariance). For more metrics, see Tab. 5.\n\n| Model              | Accuracy (†) | AUC (†) | Time | FLOPs        |\n|--------------------|--------------|---------|------|--------------|\n| PFN [26]           | 0.772        | 0.9714  | 3h   | 3M           |\n| P-CNN [41]         | 0.809        | 0.9789  | 3h   | 12 <b>M</b>  |\n| LorentzNet [21]    | 0.847        | 0.9856  | 64h  | 676M         |\n| MIParT-L [48]      | 0.861        | 0.9878  | 43h  | 225M         |\n| L-GATr* [9]        | 0.866        | 0.9885  | 166h | 2060M        |\n| ParticleNet [37]   | 0.844        | 0.9849  | 25h  | 413M         |\n| LLoCa-ParticleNet* | <u>0.845</u> | 0.9852  | 43h  | 517 <b>M</b> |\n| ParT [38]          | 0.861        | 0.9877  | 33h  | 211M         |\n| LLoCa-ParT*        | 0.864        | 0.9882  | 66h  | 315M         |\n| Transformer        | 0.855        | 0.9867  | 15h  | 210M         |\n| LLoCa-Transformer* | 0.864        | 0.9882  | 31h  | 301M         |\n\n![](_page_7_Figure_2.jpeg)\n\n| Model             | $MSE \\times 10^{-5} (\\downarrow)$ | FLOPs  | Time  |\n|-------------------|-----------------------------------|--------|-------|\n| MLP-I [10, 42]    | $137.0\\pm~2$                      | 0.1M   | 0.4h  |\n| L-GATr [42]       | $1.8 \\pm 0.2$                     | 528.0M | 8.3h  |\n| GNN               | $10.5 \\pm~0.2$                    | 20.7M  | 0.9 h |\n| LLoCa-GNN         | $5.0 \\pm 0.2$                     | 22.3M  | 1.5h  |\n| Transformer       | $8.3 \\pm 0.3$                     | 14.9M  | 1.3h  |\n| LLoCa-Transformer | $1.2 \\pm 0.2$                     | 16.3M  | 2.1h  |\n\nFigure 3: **LLoCa surpasses SOTA performance while being**  $4 \\times$  **faster.** The collisions of two particles produces a single Z boson and n=1,2,3,4 gluons g (x-ticks Z+ng). LLoCa significantly improves the prediction of interaction amplitudes of the non-equivariant GNN and transformer. Left: Our LLoCa-Transformer achieves state-of-the-art results over all four multiplicities. Right: Accuracy and compute for Z+4g. The LLoCa-Transformer uses a tenth of the FLOPs and a fourth of the training time relative to the second most accurate model. Uncertainties are standard deviations over three runs. See App. D for more details."
      },
      {
        "heading": "5.2 QFT amplitude regression",
        "text": "In collisions of fundamental particles, the occurrence of a specific final state is governed by a probability. This probability is a function of the four-momenta of the incoming and outgoing particles, as well as their particle types. Using the framework of Quantum Field Theory (QFT), we can calculate this probability or \"amplitude\" in a perturbative expansion. Neural surrogates [3–5, 10, 32, 33, 42] can greatly speed up this process, since the factorial growth of possible interactions with increasing particle number often makes exact evaluation unfeasible. The exact Lorentz invariance of amplitudes makes them a prime candidate for a LLoCa surrogate model.\n\nWe follow [42] and benchmark our Lorentz Local Canonicalization (LLoCa) approach on the process  $q\\bar{q}\\to Z+ng$ , the production of a Z boson with  $n=1,\\ldots,4$  additional gluons from a quarkantiquark pair. The surrogates are trained for each value of n separately. We evaluate the neural surrogates in terms of the Mean Squared Error (MSE) between the predictions and the ground truth of the logarithmic amplitudes. Architectures and training details are described in App. D.\n\nLLoCa allows us to upgrade any non-equivariant baseline and directly study the benefits of built-in\n\n![](_page_8_Figure_0.jpeg)\n\n![](_page_8_Figure_1.jpeg)\n\nFigure 4: **Data efficiency of LLoCa networks.** Lorentz-equivariant amplitude regression for Z+4g production is more data efficient in the large data regime for both graph networks (left) and transformers (right). Perhaps surprisingly, data augmentation (DA) outperforms equivariance for small datasets.\n\nLorentz equivariance. To that end, we construct LLoCa adaptations of a baseline graph neural network (GNN) and a vanilla transformer as described in Sec. 4.3. For comparison, we consider a simple MLP acting on Lorentz-invariants (MLP-I) [10] and the performant L-GATr [42]. LLoCa consistently improves the accuracy of non-equivariant architectures, see Fig. 3. Crucially, without including additional domain-specific priors, our LLoCa-Transformer achieves state-of-the-art-performance, outperforming the significantly more expensive L-GATr architecture over the entire range of multiplicities.\n\nMessage representations. Beyond the improvements obtained through exact Lorentz equivariance, we have identified the tensorial message passing in LLoCa (cf. Sec. 4.3) as a crucial factor for expressive message passing based on local canonicalization. We compare the performance of the LLoCa-transformer with different message representations in the 16-dimensional attention head, see Tab. 2. We compare 16 scalars against four 4-dimensional vectors, a single 16-dimensional second-order tensor representations as well as our default of eight scalars combined with two four-vectors. All tensorial representations significantly out-\n\nTable 2: Effectiveness of tensorial messages. LLoCa-Transformer with different hidden tensor representations on Z+4g QFT amplitude regression.\n\n| Method                       | $\\mathrm{MSE}(\\times 10^{-5})$ |\n|------------------------------|--------------------------------|\n| Non-equivariant              | $8.3 \\pm 0.5$                  |\n| Global canonical.            | $4.4 \\pm 1.0$                  |\n| LLoCa (16 scalars)           | $40$ $\\pm$ $4$                 |\n| LLoCa (single 2-tensor)      | $2.0 \\pm 0.4$                  |\n| LLoCa (4 vectors)            | $1.4 \\pm 0.2$                  |\n| LLoCa (8 scalars, 2 vectors) | $1.0 \\pm 0.1$                  |\n\nperform the scalar message passing. For reference, we include the non-equivariant transformer and the same model with global canonicalization (one shared learned reference frame to every particle).\n\nLorentz equivariance at scale. Lorentz equivariance introduces a strong inductive bias in neural networks, typically at the cost of extra compute. Data augmentation provides a cheap alternative which aims at learning approximate Lorentz equivariance directly from data. LLoCa includes data augmentation as a special case, allowing us to directly compare exact Lorentz equivariance (LLoCa) with data augmentation (DA) using the same backbone architecture and training parameters. For this purpose, we focus on the most complicated process Z+4g and train surrogate models with different fractions of the training dataset, see Fig. 4. Augmented trainings outperform the non-equivariant baseline for small training datasets due to the symmetry group information encoded in data augmentations, but the two approaches agree for large dataset sizes where model expressivity becomes the limiting factor. The Lorentz-equivariant models surpass the competition in this big-data regime due to their increased expressivity at fixed parameter count. Interestingly, we observe that trainings with data augmentation outperform even the Lorentz-equivariant models for small training dataset sizes. We include extensive ablation studies on the method used for local canonicalization, tensorial message representations, and data augmentation in App. E."
      },
      {
        "heading": "5.3 Computational efficiency",
        "text": "While Lorentz-equivariant architectures offer valuable inductive biases, they often come with significant computational overhead compared to the corresponding non-equivariant architectures. To evaluate this trade-off, we report both nominal FLOPs – which capture architectural complexity – and empirical training time, which also reflects implementation efficiency, in Tab. [1](#page-7-2) and Fig. [3.](#page-7-0) Our LLoCa networks introduce a modest increase in computational cost, with FLOPs rising by 10–50% and training time by 60–100%, depending on the task and architecture. The computational overhead of LLoCa networks is split about evenly between (i) the initial prediction of local frames and (ii) the frame-to-frame transformations in tensorial message passing. A more efficient implementation is likely to further reduce both sources of training-time overhead within LLoCa networks. In contrast, the state-of-the-art L-GATr architecture [\\[42\\]](#page-12-2) incurs significantly higher costs, with a 10× increase in FLOPs and a 4× increase in training time relative to our LLoCa-Transformer, see App. [E.2.](#page-20-0)"
      },
      {
        "heading": "6 Conclusion",
        "text": "Particle physics provides ample data and studies systems that exhibit Lorentz symmetry. Neural networks that respect Lorentz symmetry have emerged as essential tools in accurately analyzing the data and modeling the underlying physics. However, existing Lorentz-equivariant architectures introduce large computational costs and rely on specialized building blocks, which limits the architectural design space and hinders the transfer of deep learning progress from other modalities. We address these issues by introducing Lorentz Local Canonicalization (LLoCa), a novel framework that can make any off-the-shelf architecture Lorentz-equivariant. In several experiments, we have demonstrated the effectiveness of LLoCa by achieving state-of-the-art results even with domain-agnostic backbone architectures. Furthermore, our approach significantly improves established domain-specific but non-equivariant architectures, without any hyperparameter tuning. While the LLoCa framework introduces a computational overhead, our LLoCa models are still significantly faster at training and inference than other SOTA Lorentz-equivariant networks. We hope that LLoCa facilitates the design of novel Lorentz-equivariant architectures and helps to bridge innovations between machine learning in particle physics and other domains."
      }
    ],
    "references": [
      {
        "title": "MadGraph 5: Going Beyond",
        "author": [
          "Johan Alwall",
          "Michel Herquet",
          "Fabio Maltoni",
          "Olivier Mattelaer",
          "Tim Stelzer"
        ],
        "venue": "JHEP, 06:128",
        "citeRegEx": "Alwall et al\\\\.,? 2011",
        "shortCiteRegEx": "Alwall et al\\\\.",
        "year": 2011
      },
      {
        "title": "Observation of a new particle in the search for the Standard Model Higgs boson with the ATLAS detector at the LHC",
        "author": [
          "ATLAS collaboration"
        ],
        "venue": "Physics Letters B, 716(1):1–29",
        "citeRegEx": "collaboration et al\\\\.,? 2012",
        "shortCiteRegEx": "collaboration et al\\\\.",
        "year": 2012
      },
      {
        "title": "Optimising simulations for diphoton production at hadron colliders using amplitude neural networks",
        "author": [
          "Joseph Aylett-Bullock",
          "Simon Badger",
          "Ryan Moodie"
        ],
        "venue": "Journal of High Energy Physics",
        "citeRegEx": "Aylett-Bullock et al\\\\.,? 2021",
        "shortCiteRegEx": "Aylett-Bullock et al\\\\.",
        "year": 2021
      },
      {
        "title": "Using neural networks for efficient evaluation of high multiplicity scattering amplitudes",
        "author": [
          "Simon Badger",
          "Joseph Bullock"
        ],
        "venue": "Journal of High Energy Physics",
        "citeRegEx": "Badger et al\\\\.,? 2020",
        "shortCiteRegEx": "Badger et al\\\\.",
        "year": 2020
      },
      {
        "title": "Loop amplitudes from precision networks",
        "author": [
          "Simon Badger",
          "Anja Butter",
          "Michel Luchmann",
          "Sebastian Pitz",
          "Tilman Plehn"
        ],
        "venue": "SciPost Physics Core, 6(2):034",
        "citeRegEx": "Badger et al\\\\.,? 2023",
        "shortCiteRegEx": "Badger et al\\\\.",
        "year": 2023
      },
      {
        "title": "An explicit frame construction for normalizing 3D point clouds",
        "author": [
          "Justin Baker",
          "Shih-Hsin Wang",
          "Tommaso de Fernex",
          "Bao Wang"
        ],
        "venue": "In Forty-first International Conference on Machine Learning",
        "citeRegEx": "Baker et al\\\\.,? 2024",
        "shortCiteRegEx": "Baker et al\\\\.",
        "year": 2024
      },
      {
        "title": "Miller, and Jan T",
        "author": [
          "Alexander Bogatskiy",
          "Timothy Hoffman",
          "David W"
        ],
        "venue": "Offermann. Pelican: Permutation equivariant and lorentz invariant or covariant aggregator network for particle physics",
        "citeRegEx": "Bogatskiy et al\\\\.,? 2022",
        "shortCiteRegEx": "Bogatskiy et al\\\\.",
        "year": 2022
      },
      {
        "title": "Does equivariance matter at scale? arXiv preprint arXiv:2410",
        "author": [
          "Johann Brehmer",
          "Sönke Behrends",
          "Pim de Haan",
          "Taco Cohen"
        ],
        "venue": "23179",
        "citeRegEx": "Brehmer et al\\\\.,? 2024",
        "shortCiteRegEx": "Brehmer et al\\\\.",
        "year": 2024
      },
      {
        "title": "A lorentz-equivariant transformer for all of the lhc",
        "author": [
          "Johann Brehmer",
          "Víctor Bresó",
          "Pim de Haan",
          "Tilman Plehn",
          "Huilin Qu",
          "Jonas Spinner",
          "Jesse Thaler"
        ],
        "venue": "arXiv preprint arXiv:2411.00446",
        "citeRegEx": "Brehmer et al\\\\.,? 2024",
        "shortCiteRegEx": "Brehmer et al\\\\.",
        "year": 2024
      },
      {
        "title": "Interpolating amplitudes, 2024",
        "author": [
          "Víctor Bresó",
          "Gudrun Heinrich",
          "Vitaly Magerya",
          "Anton Olsson"
        ],
        "venue": "URL . (Cited on pages [4,](#page-3-0) [8,](#page-7-3) and [9\\)](#page-8-2)",
        "citeRegEx": "Bresó et al\\\\.,? 2024",
        "shortCiteRegEx": "Bresó et al\\\\.",
        "year": 2024
      },
      {
        "title": "Geometric deep learning: ´ Grids, groups, graphs, geodesics, and gauges",
        "author": [
          "Michael M Bronstein",
          "Joan Bruna",
          "Taco Cohen",
          "Petar Velickovi ˇ c"
        ],
        "venue": "arXiv preprint arXiv:2104.13478",
        "citeRegEx": "Bronstein et al\\\\.,? 2021",
        "shortCiteRegEx": "Bronstein et al\\\\.",
        "year": 2021
      },
      {
        "title": "Machine learning and LHC event generation",
        "author": [
          "Anja Butter",
          "Tilman Plehn",
          "Steffen Schumann",
          "Simon Badger",
          "Sascha Caron",
          "Kyle Cranmer",
          "Francesco Armando Di Bello",
          "Etienne Dreyer",
          "Stefano Forte",
          "Sanmay Ganguly",
          "et al"
        ],
        "venue": "SciPost Physics, 14(4):079",
        "citeRegEx": "Butter et al\\\\.,? 2023",
        "shortCiteRegEx": "Butter et al\\\\.",
        "year": 2023
      },
      {
        "title": "Key facts and figures, 2021",
        "author": [
          "CERN Data Centre"
        ],
        "venue": "URL [https://information-technology.](https://information-technology.web.cern.ch/sites/default/files/CERNDataCentre_KeyInformation_Nov",
        "citeRegEx": "Centre et al\\\\.,? 2021",
        "shortCiteRegEx": "Centre et al\\\\.",
        "year": 2021
      },
      {
        "title": "Observation of a new boson at a mass of 125 GeV with the CMS experiment at the LHC",
        "author": [
          "CMS collaboration"
        ],
        "venue": "Physics Letters B, 716(1):30–61",
        "citeRegEx": "collaboration et al\\\\.,? 2012",
        "shortCiteRegEx": "collaboration et al\\\\.",
        "year": 2012
      },
      {
        "title": "Equivariant Convolutional Networks",
        "author": [
          "Taco Cohen"
        ],
        "venue": "PhD thesis, University of Amsterdam",
        "citeRegEx": "Cohen et al\\\\.,? 2021",
        "shortCiteRegEx": "Cohen et al\\\\.",
        "year": 2021
      },
      {
        "title": "FlashAttention: Fast and memory-efficient exact attention with IO-awareness",
        "author": [
          "Tri Dao",
          "Dan Fu",
          "Stefano Ermon",
          "Atri Rudra",
          "Christopher Ré"
        ],
        "venue": "Advances in Neural Information Processing Systems, 35:16344–16359",
        "citeRegEx": "Dao et al\\\\.,? 2022",
        "shortCiteRegEx": "Dao et al\\\\.",
        "year": 2022
      },
      {
        "title": "A new perspective on building efficient and expressive 3D equivariant graph neural networks",
        "author": [
          "Yuanqi Du",
          "Limei Wang",
          "Dieqiao Feng",
          "Guifeng Wang",
          "Shuiwang Ji",
          "Carla P Gomes",
          "Zhi-Ming Ma",
          "et al"
        ],
        "venue": "Advances in Neural Information Processing Systems, 36",
        "citeRegEx": "Du et al\\\\.,? 2024",
        "shortCiteRegEx": "Du et al\\\\.",
        "year": 2024
      },
      {
        "title": "Equivariant frames and the impossibility of continuous canonicalization",
        "author": [
          "Nadav Dym",
          "Hannah Lawrence",
          "Jonathan W Siegel"
        ],
        "venue": "arXiv preprint arXiv:2402.16077",
        "citeRegEx": "Dym et al\\\\.,? 2024",
        "shortCiteRegEx": "Dym et al\\\\.",
        "year": 2024
      },
      {
        "title": "Zur Elektrodynamik bewegter Körper",
        "author": [
          "Albert Einstein"
        ],
        "venue": "Annalen der Physik, 4",
        "citeRegEx": "Einstein et al\\\\.,? 1905",
        "shortCiteRegEx": "Einstein et al\\\\.",
        "year": 1905
      },
      {
        "title": "Equivariance by local canonicalization: A matter of representation",
        "author": [
          "Gerrit Gerhartz",
          "Peter Lippmann",
          "Fred A Hamprecht"
        ],
        "venue": "arXiv preprint arXiv:2509.26499",
        "citeRegEx": "Gerhartz et al\\\\.,? 2025",
        "shortCiteRegEx": "Gerhartz et al\\\\.",
        "year": 2025
      },
      {
        "title": "An efficient lorentz equivariant graph neural network for jet tagging",
        "author": [
          "Shiqi Gong",
          "Qi Meng",
          "Jue Zhang",
          "Huilin Qu",
          "Congqiao Li",
          "Sitian Qian",
          "Weitao Du",
          "Zhi-Ming Ma",
          "Tie-Yan Liu"
        ],
        "venue": "Journal of High Energy Physics",
        "citeRegEx": "Gong et al\\\\.,? 2022",
        "shortCiteRegEx": "Gong et al\\\\.",
        "year": 2022
      },
      {
        "title": "Deep learning and its application to LHC physics",
        "author": [
          "Dan Guest",
          "Kyle Cranmer",
          "Daniel Whiteson"
        ],
        "venue": "Annual Review of Nuclear and Particle Science, 68:161–181",
        "citeRegEx": "Guest et al\\\\.,? 2018",
        "shortCiteRegEx": "Guest et al\\\\.",
        "year": 2018
      },
      {
        "title": "Highly accurate protein structure prediction with alphafold",
        "author": [
          "John Jumper",
          "Richard Evans",
          "Alexander Pritzel",
          "Tim Green",
          "Michael Figurnov",
          "Olaf Ronneberger",
          "Kathryn Tunyasuvunakool",
          "Russ Bates",
          "Augustin Žídek",
          "Anna Potapenko",
          "et al"
        ],
        "venue": "nature, 596(7873):583–589",
        "citeRegEx": "Jumper et al\\\\.,? 2021",
        "shortCiteRegEx": "Jumper et al\\\\.",
        "year": 2021
      },
      {
        "title": "Equivariance with learned canonicalization functions",
        "author": [
          "Sékou-Oumar Kaba",
          "Arnab Kumar Mondal",
          "Yan Zhang",
          "Yoshua Bengio",
          "Siamak Ravanbakhsh"
        ],
        "venue": "In International Conference on Machine Learning, pages 15546–15566. PMLR",
        "citeRegEx": "Kaba et al\\\\.,? 2023",
        "shortCiteRegEx": "Kaba et al\\\\.",
        "year": 2023
      },
      {
        "title": "The machine learning landscape of top taggers",
        "author": [
          "Gregor Kasieczka",
          "Tilman Plehn",
          "Anja Butter",
          "Kyle Cranmer",
          "Dipsikha Debnath",
          "Barry M Dillon",
          "Malcolm Fairbairn",
          "Darius A Faroughy",
          "Wojtek Fedorko",
          "Christophe Gay",
          "et al"
        ],
        "venue": "SciPost Physics, 7(1):014",
        "citeRegEx": "Kasieczka et al\\\\.,? 2019",
        "shortCiteRegEx": "Kasieczka et al\\\\.",
        "year": 2019
      },
      {
        "title": "Energy flow networks: deep sets for particle jets",
        "author": [
          "Patrick T Komiske",
          "Eric M Metodiev",
          "Jesse Thaler"
        ],
        "venue": "Journal of High Energy Physics",
        "citeRegEx": "Komiske et al\\\\.,? 2019",
        "shortCiteRegEx": "Komiske et al\\\\.",
        "year": 2019
      },
      {
        "title": "Probing the effects of broken symmetries in machine learning",
        "author": [
          "Marcel F Langer",
          "Sergey N Pozdnyakov",
          "Michele Ceriotti"
        ],
        "venue": "arXiv preprint arXiv:2406.17747",
        "citeRegEx": "Langer et al\\\\.,? 2024",
        "shortCiteRegEx": "Langer et al\\\\.",
        "year": 2024
      },
      {
        "title": "A closer look at rotationinvariant deep point cloud analysis",
        "author": [
          "Feiran Li",
          "Kent Fujiwara",
          "Fumio Okura",
          "Yasuyuki Matsushita"
        ],
        "venue": "In Proceedings of the IEEE/CVF International Conference on Computer Vision, pages 16218–16227",
        "citeRegEx": "Li et al\\\\.,? 2021",
        "shortCiteRegEx": "Li et al\\\\.",
        "year": 2021
      },
      {
        "title": "Equivariance via minimal frame averaging for more symmetries and efficiency",
        "author": [
          "Yuchao Lin",
          "Jacob Helwig",
          "Shurui Gui",
          "Shuiwang Ji"
        ],
        "venue": "In International Conference on Machine Learning, pages 30042–30079. PMLR",
        "citeRegEx": "Lin et al\\\\.,? 2024",
        "shortCiteRegEx": "Lin et al\\\\.",
        "year": 2024
      },
      {
        "title": "Beyond canonicalization: How tensorial messages improve equivariant message passing",
        "author": [
          "Peter Lippmann",
          "Gerrit Gerhartz",
          "Roman Remme",
          "Fred A Hamprecht"
        ],
        "venue": "In The Thirteenth International Conference on Learning Representations",
        "citeRegEx": "Lippmann et al\\\\.,? 2025",
        "shortCiteRegEx": "Lippmann et al\\\\.",
        "year": 2025
      },
      {
        "title": "Equivariant point cloud analysis via learning orientations for message passing",
        "author": [
          "Shitong Luo",
          "Jiahan Li",
          "Jiaqi Guan",
          "Yufeng Su",
          "Chaoran Cheng",
          "Jian Peng",
          "Jianzhu Ma"
        ],
        "venue": "In Proceedings of the IEEE/CVF Conference on Computer Vision and Pattern Recognition, pages 18932–18941",
        "citeRegEx": "Luo et al\\\\.,? 2022",
        "shortCiteRegEx": "Luo et al\\\\.",
        "year": 2022
      },
      {
        "title": "One-loop matrix element emulation with factorisation awareness",
        "author": [
          "D Maître",
          "H Truong"
        ],
        "venue": "Journal of High Energy Physics",
        "citeRegEx": "Maître et al\\\\.,? 2023",
        "shortCiteRegEx": "Maître et al\\\\.",
        "year": 2023
      },
      {
        "title": "A factorisation-aware matrix element emulator",
        "author": [
          "Daniel Maître",
          "Henry Truong"
        ],
        "venue": "Journal of High Energy Physics",
        "citeRegEx": "Maître et al\\\\.,? 2021",
        "shortCiteRegEx": "Maître et al\\\\.",
        "year": 2021
      },
      {
        "title": "Die Grundgleichungen für die elektromagnetischen Vorgänge in bewegten Körpern",
        "author": [
          "Hermann Minkowski"
        ],
        "venue": "Nachrichten von der Gesellschaft der Wissenschaften zu Göttingen, Mathematisch-Physikalische Klasse",
        "citeRegEx": "Minkowski et al\\\\.,? 1908",
        "shortCiteRegEx": "Minkowski et al\\\\.",
        "year": 1908
      },
      {
        "title": "Sur la dynamique de l'électron",
        "author": [
          "Henri Poincaré"
        ],
        "venue": "Circolo Matematico di Palermo",
        "citeRegEx": "Poincaré et al\\\\.,? 1906",
        "shortCiteRegEx": "Poincaré et al\\\\.",
        "year": 1906
      },
      {
        "title": "Frame averaging for invariant and equivariant network design",
        "author": [
          "Omri Puny",
          "Matan Atzmon",
          "Heli Ben-Hamu",
          "Ishan Misra",
          "Aditya Grover",
          "Edward J Smith",
          "Yaron Lipman"
        ],
        "venue": "arXiv preprint arXiv:2110.03336",
        "citeRegEx": "Puny et al\\\\.,? 2021",
        "shortCiteRegEx": "Puny et al\\\\.",
        "year": 2021
      },
      {
        "title": "Jet tagging via particle clouds",
        "author": [
          "Huilin Qu",
          "Loukas Gouskos"
        ],
        "venue": "Physical Review D, 101(5), March",
        "citeRegEx": "Qu et al\\\\.,? 2020",
        "shortCiteRegEx": "Qu et al\\\\.",
        "year": 2020
      },
      {
        "title": "Particle transformer for jet tagging, 2024",
        "author": [
          "Huilin Qu",
          "Congqiao Li",
          "Sitian Qian"
        ],
        "venue": "(Cited on pages [7,](#page-6-2) [8,](#page-7-3) [19,](#page-18-0) [20,](#page-19-1) [22,](#page-21-1) and [23\\)](#page-22-0)",
        "citeRegEx": "Qu et al\\\\.,? 2024",
        "shortCiteRegEx": "Qu et al\\\\.",
        "year": 2024
      },
      {
        "title": "Clifford group equivariant neural networks",
        "author": [
          "David Ruhe",
          "Johannes Brandstetter",
          "Patrick Forré"
        ],
        "venue": "In Advances in Neural Information Processing Systems, volume 37",
        "citeRegEx": "Ruhe et al\\\\.,? 2023",
        "shortCiteRegEx": "Ruhe et al\\\\.",
        "year": 2023
      },
      {
        "title": "Salam",
        "author": [
          "Gavin P"
        ],
        "venue": "Towards Jetography. Eur. Phys. J. C, 67:637–686",
        "citeRegEx": "P et al\\\\.,? 2010",
        "shortCiteRegEx": "P et al\\\\.",
        "year": 2010
      },
      {
        "title": "Identification of heavy, energetic, hadronically decaying particles using machine-learning techniques",
        "author": [
          "Albert M Sirunyan et al"
        ],
        "venue": "JINST, 15(06):P06005",
        "citeRegEx": "al et al\\\\.,? 2020",
        "shortCiteRegEx": "al et al\\\\.",
        "year": 2020
      },
      {
        "title": "Lorentz-equivariant geometric algebra transformers for high-energy physics",
        "author": [
          "Jonas Spinner",
          "Victor Bresó",
          "Pim De Haan",
          "Tilman Plehn",
          "Jesse Thaler",
          "Johann Brehmer"
        ],
        "venue": "In Advances in Neural Information Processing Systems, volume 37",
        "citeRegEx": "Spinner et al\\\\.,? 2024",
        "shortCiteRegEx": "Spinner et al\\\\.",
        "year": 2024
      },
      {
        "title": "Going deeper with image transformers",
        "author": [
          "Hugo Touvron",
          "Matthieu Cord",
          "Alexandre Sablayrolles",
          "Gabriel Synnaeve",
          "Hervé Jégou"
        ],
        "venue": "In Proceedings of the IEEE/CVF international conference on computer vision, pages 32–42",
        "citeRegEx": "Touvron et al\\\\.,? 2021",
        "shortCiteRegEx": "Touvron et al\\\\.",
        "year": 2021
      },
      {
        "title": "Attention is all you need",
        "author": [
          "Ashish Vaswani",
          "Noam Shazeer",
          "Niki Parmar",
          "Jakob Uszkoreit",
          "Llion Jones",
          "Aidan N Gomez",
          "Łukasz Kaiser",
          "Illia Polosukhin"
        ],
        "venue": "Advances in Neural Information Processing Systems, 30",
        "citeRegEx": "Vaswani et al\\\\.,? 2017",
        "shortCiteRegEx": "Vaswani et al\\\\.",
        "year": 2017
      },
      {
        "title": "Scalars are universal: Equivariant machine learning, structured like classical physics",
        "author": [
          "Soledad Villar",
          "David W Hogg",
          "Kate Storey-Fisher",
          "Weichi Yao",
          "Ben Blum-Smith"
        ],
        "venue": "Advances in Neural Information Processing Systems, 34:28848–28863",
        "citeRegEx": "Villar et al\\\\.,? 2021",
        "shortCiteRegEx": "Villar et al\\\\.",
        "year": 2021
      },
      {
        "title": "Scientific discovery in the age of artificial intelligence",
        "author": [
          "Hanchen Wang",
          "Tianfan Fu",
          "Yuanqi Du",
          "Wenhao Gao",
          "Kexin Huang",
          "Ziming Liu",
          "Payal Chandak",
          "Shengchao Liu",
          "Peter Van Katwyk",
          "Andreea Deac",
          "et al"
        ],
        "venue": "Nature, 620(7972):47–60",
        "citeRegEx": "Wang et al\\\\.,? 2023",
        "shortCiteRegEx": "Wang et al\\\\.",
        "year": 2023
      },
      {
        "title": "Graph neural network with local frame for molecular potential energy surface",
        "author": [
          "Xiyuan Wang",
          "Muhan Zhang"
        ],
        "venue": "In Learning on Graphs Conference, pages 19–1. PMLR",
        "citeRegEx": "Wang et al\\\\.,? 2022",
        "shortCiteRegEx": "Wang et al\\\\.",
        "year": 2022
      },
      {
        "title": "Jet tagging with moreinteraction particle transformer\\",
        "author": [
          "Yifan Wu",
          "Kun Wang",
          "Congqiao Li",
          "Huilin Qu",
          "Jingya Zhu"
        ],
        "venue": "Chin. Phys. C, 49(1):013110",
        "citeRegEx": "Wu et al\\\\.,? 2025",
        "shortCiteRegEx": "Wu et al\\\\.",
        "year": 2025
      },
      {
        "title": "Rotation invariant point cloud analysis: Where local geometry meets global topology",
        "author": [
          "Chen Zhao",
          "Jiaqi Yang",
          "Xin Xiong",
          "Angfan Zhu",
          "Zhiguo Cao",
          "Xin Li"
        ],
        "venue": "Pattern Recognition, 127: 108626",
        "citeRegEx": "Zhao et al\\\\.,? 2022",
        "shortCiteRegEx": "Zhao et al\\\\.",
        "year": 2022
      },
      {
        "title": "Quaternion equivariant capsule networks for 3D point clouds",
        "author": [
          "Yongheng Zhao",
          "Tolga Birdal",
          "Jan Eric Lenssen",
          "Emanuele Menegatti",
          "Leonidas Guibas",
          "Federico Tombari"
        ],
        "venue": "In European conference on computer vision, pages 1–19. Springer",
        "citeRegEx": "Zhao et al\\\\.,? 2020",
        "shortCiteRegEx": "Zhao et al\\\\.",
        "year": 2020
      }
    ]
  }
}