{
  "forum_id": "36cKp4tsHF",
  "metadata": {
    "source": "NeurIPS",
    "year": 2025,
    "title": "Deno-IF: Unsupervised Noisy Visible and Infrared Image Fusion Method",
    "abstractText": "Most image fusion methods are designed for ideal scenarios and struggle to handle noise. Existing noise-aware fusion methods are supervised and heavily rely on constructed paired data, limiting performance and generalization. This paper proposes a novel unsupervised noisy visible and infrared image fusion method, comprising two key modules. First, when only noisy source images are available, a convolutional low-rank optimization module decomposes clean components based on convolutional low-rank priors, guiding subsequent optimization. The unsupervised approach eliminates data dependency and enhances generalization across various and variable noise. Second, a unified network jointly realizes denoising and fusion. It consists of both intra-modal recovery and inter-modal recovery and fusion, also with a convolutional low-rankness loss for regularization. By exploiting the commonalities of denoising and fusion, the joint framework significantly reduces network complexity while expanding functionality. Extensive experiments validate the effectiveness and generalization of the proposed method for image fusion under various and variable noise conditions. The code is publicly available at <https://github.com/hanna-xu/Deno-IF>.",
    "sections": [
      {
        "heading": "1 Introduction",
        "text": "The widely used visible images, although rich in color and textures, are vulnerable to environmental factors, *e.g,*, illumination variations and occlusions. In contrast, infrared images can capture thermal radiation information under extreme-light or obscured conditions while they often suffer from poor details and low quality. Therefore, visible and infrared image fusion aims to combine the complementary and valuable information of these two modalities. The single fused image can retain the clarity and fine details of the visible image while incorporating the prominence of thermal targets in the infrared image for comprehensive representation. The fusion results can aid in both the human visual perception and subsequent widespread applications, such as object detection [\\[26,](#page-11-0) [51,](#page-12-0) [7\\]](#page-10-0), semantic segmentation [\\[20,](#page-11-1) [43\\]](#page-12-1), autonomous driving [\\[47,](#page-12-2) [3\\]](#page-10-1).\n\nWith the rapid development of deep learning, many learning-based fusion methods have been proposed. These methods can be categorized into: methods based on auto-encoder (AE) [\\[2,](#page-10-2) [40\\]](#page-12-3), convolutional neural network (CNN) [\\[31,](#page-11-2) [21,](#page-11-3) [32\\]](#page-11-4), generative adversarial networks (GANs) [\\[11,](#page-10-3) [42,](#page-12-4) [18\\]](#page-11-5), Transformer [\\[16,](#page-10-4) [13\\]](#page-10-5), Mamba [\\[29\\]](#page-11-6) and Diffusion [\\[50,](#page-12-5) [35,](#page-11-7) [23\\]](#page-11-8). Despite the progress in network architectures, these methods purely aim to preserve the original information in source images without distinguishing the information quality. In real-world scenarios, the quality of imaging is adversely affected by challenging conditions (*e.g.*, poor illumination) and the inherent constraints\n\n<sup>∗</sup>Corresponding author\n\n![](_page_1_Figure_0.jpeg)\n\nFigure 1: Comparison of Deno-IF with SOTA image denoising and fusion methods by: i) similarity with clean source images (measured by PSNR), ii) image quality assessment (measured by BRISQUE), and iii) complexity (measured by parameter numbers and represented by circle sizes). The high- and low-saturation circle regions represent parameters of fusion and denoising method [\\[25\\]](#page-11-9), respectively.\n\nof cost-effective multi-modal devices. These systems are prone to significant noise, stemming from degraded signal acquisition (especially in low-cost microbolometers and CMOS sensors) and ineffective embedded processing pipelines. Under interference conditions, there remain several critical challenges that need to be addressed to achieve robust high-quality fusion results [\\[37,](#page-12-6) [33\\]](#page-11-10).\n\nAs most existing fusion methods are tailored for standard scenarios and ineffective at suppressing noise, an intuitive approach is to first denoise the source images before performing fusion. However, the framework taking denoising and fusion as independent tasks presents two limitations. On the one hand, denoising methods are typically deployed on a single source image, making it challenging to leverage complementary knowledge from the other modality. When denoising performance is limited, fusion methods are unable to handle the residual noise or over-smoothness, leading to its persistence in the fusion result, as shown in the result in Fig. [1.](#page-1-0) On the other hand, the mutually independent framework suffers from significant redundancy. The goal of image fusion is to extract vital and complementary information, which is then integrated into the fused images. Besides, image denoising aims to mine essential clean data from noisy inputs. From the perspective of essential information extraction and mining, their objectives are consistently aligned to some extent. The independent framework ignores the commonality, leading to redundancy as Fig. [1.](#page-1-0) There remains the potential to jointly realize denoising and fusion in a streamlined manner.\n\nAlthough some degradation-aware image fusion methods exist [\\[22,](#page-11-11) [36\\]](#page-11-12), they are supervised methods aimed at learning the mapping from degraded source images to clean fused images. The key lies in the construction of large amount of noisy and clean source image pairs. Their denoising effectiveness is limited by the fixed and limited mapping relationship between the constructed noisy and clean data, resulting in poor generalization. As a result, these methods are only effective for specific types of noise with particular variances. Facing various and variable noise encountered in real-world scenarios, these methods are highly susceptible to failure, as shown in their performances in Fig. [1.](#page-1-0)\n\nTo overcome these issues, this paper proposes an unsupervised noisy visible and infrared image fusion method, termed as Deno-IF. It consists of two modules, including a convolutional low-rank optimization module and a joint denoising and fusion module. First, based on the convolutional lowrank property of high-quality data, the convolutional low-rank optimization module decomposes clean component from noisy input through convolution nuclear norm minimization in an unsupervised manner. Then, the joint denoising and fusion module takes noisy source images as input and directly outputs the fused image. The network includes both intra-modal recovery and inter-modal recovery and fusion, with self- and cross-modal attention to deal with complex individual-modal and complementary multi-modal information. The decomposed data provides the optimization guidance for the joint denoising and fusion module. Besides, a convolution matrix-based regularization loss is\n\ndesigned to further suppress noise in fused images. Thus, it can realize denoising and fusion jointly and generate clean fused images. The contributions are summarized as:\n\n- We propose an unsupervised noisy visible and infrared image fusion method. Without the supervision of clean data, it can still realize denoising and fusion simultaneously with fewer network parameters, and is robust against various and variable noise conditions, ensuring effective across diverse scenarios.\n- For noisy source images, we design a convolutional low-rank optimization module. As clean data usually exhibits convolutional low-rankness, we introduce the convolution nuclear norm minimization to decompose clean data from noisy inputs. It provides the optimization guidance for fusion network in the training phase.\n- For joint denoising and fusion, a Transformer-based network consisting of intra-modal recovery and inter-modal recovery and fusion is designed. It leverages self- and cross-modal attention to collaboratively strive to approximate the optimization guidance. Besides, a convolution matrix-based regularization loss is designed to further suppress noise in fused images."
      },
      {
        "heading": "2 Related Work",
        "text": "Learning-Based Image Fusion Methods. These methods preserve the information in source images through the design of network architectures and loss functions. According to architectures, they can be divided into AE, CNN, GAN, Transformer, Mamba and Diffusion-based methods. AE-based methods design encoders and decoders for feature extraction and reconstruction, with traditional or learningbased [\\[30\\]](#page-11-13) fusion strategies. CNN-based methods utilize end-to-end fusion [\\[41,](#page-12-7) [6\\]](#page-10-6) and the key lies in pixel-level loss functions. GAN-based methods preserve unique information through adversarial games from the perspective of probability distribution while they always suffer from unstable training and model collapse [\\[12,](#page-10-7) [17\\]](#page-10-8). Transformer and Mamba-based methods build long-range dependency to solve the limited receptive field of CNN [\\[13,](#page-10-5) [24,](#page-11-14) [29,](#page-11-6) [15\\]](#page-10-9). Diffusion-based methods leverages the powerful generative properties of diffusion models to establish a stable fusion process [\\[38,](#page-12-8) [4,](#page-10-10) [34\\]](#page-11-15). However, these methods are designed for normal scenarios and ignore degradations in real world. Facing degraded images, they fail to tackle degradations, reducing the quality and usability of results.\n\nDegradation-Aware Image Fusion Methods. Some fusion methods suppress degradations and achieve fusion in a unified network. Text-IF [\\[36\\]](#page-11-12) leverages the text prompts with degradation information to guide the enhanced fusion. The network is trained with the manually constructed paired degraded and high-quality source images. DRMF [\\[22\\]](#page-11-11) pretrains multiple degradation robust diffusion models and devises a combination module to integrate priors. Similarly, the performance also depends on paired constructed data. They can handle different types of degradations including noise. However, since the introduced noise has fixed variance, it demonstrates limited generalization. These methods heavily rely on paired constructed data. This paper proposes an unsupervised method that requires only degraded data for training. We infer the clean component to guide the fusion network, significantly reducing the data demand and the number of network parameters."
      },
      {
        "heading": "3 Proposed Method",
        "text": ""
      },
      {
        "heading": "3.1 Problem Formulation",
        "text": "Mathematically, a pair of observed noisy visible and infrared images {V, R} can be decomposed as:\n\n\n$$\\mathbf{V} = \\mathbf{L}_v + \\mathbf{S}_v, \\quad \\mathbf{R} = \\mathbf{L}_r + \\mathbf{S}_r, \\tag{1}$$\n\nwhere Lv, L<sup>r</sup> is the clean data and Sv, S<sup>r</sup> is the noise. As clean data, Lv, L<sup>r</sup> should be of convolutional low-rankness [\\[8\\]](#page-10-11). Sv, S<sup>r</sup> should be small-scale perturbations with limited overall energy and amplitude to ensure the convolutional low-rankness of Lv, Lr.\n\nTaking noisy source images V, R as input, the jointly denoising and fusion module generates a high-quality fused image F free from noise. Based on the decomposition assumption in Eq. [\\(1\\)](#page-2-0), the goal is equivalent to making F contain vital information in Lv, L<sup>r</sup> mined from V, R, respectively.\n\nAs shown in Fig. [2,](#page-3-0) the overall framework consists of the convolutional low-rank optimization module and the joint denoising and fusion module. The convolutional low-rank optimization module solves\n\n![](_page_3_Figure_0.jpeg)\n\nFigure 2: Overall framework of the unsupervised noisy infrared and visible image fusion method.\n\nthe ill-posed decomposition problem to provide precise guidance for network optimization. In the joint denoising and fusion module, a network  $\\mathcal{F}$  takes noisy source image as input, consists of intramodal recovery and inter-modal recovery and fusion. Based on Transformer, intra-modal recovery leverages the self-attention mechanism to enhance restoration by capturing long-range dependencies within individual modality. Inter-modal recovery and fusion exploits cross-modal attention, enabling the joint restoration and fusion of complementary multi-modal information.  $\\mathcal{F}$  is optimized with the results of the convolutional low-rank optimization module to realize joint denoising and fusion."
      },
      {
        "heading": "3.2 Convolutional Low-Rank Optimization Module",
        "text": "For the decomposition problem in Eq. (1), we take the infrared image  $\\mathbf{R} \\in \\mathbb{R}^{h \\times w}$  as example (subscript r is temporarily omitted for simplification). To ensure the respective properties of  $\\mathbf{L}$  and  $\\mathbf{S}$ , the problem can be formulated as:\n\n$$\\min_{\\mathbf{L}, \\mathbf{S}} \\|\\mathcal{A}_k(\\mathbf{L})\\|_* + \\beta \\|\\mathbf{S}\\|_F^2, \\quad s.t. \\ \\mathbf{R} = \\mathbf{L} + \\mathbf{S},$$\n (2)\n\nwhere the first term is based on convolution nuclear norm, which is the nuclear norm of its convolution matrix [8].  $\\mathcal{A}_k(\\cdot)$  is a linear map from  $\\mathbb{R}^{h\\times w}$  to  $\\mathbb{R}^{hw\\times k_1k_2}$  where  $k_1$   $(1\\leq k_1\\leq h)$  and  $k_2$   $(1\\leq k_2\\leq h)$  denote the kernel size in  $\\mathcal{A}_k(\\cdot)$ . It produces the convolution matrix of the input.  $\\|\\cdot\\|_*$  and  $\\|\\cdot\\|_F$  denote nuclear and Frobenius norms, respectively.  $\\beta$  controls the trade-off between these terms.\n\nWithin the maximum a posteriori (MAP) inference framework,  $\\mathbf{L}$  and  $\\mathbf{S}$  can be obtained by minimizing the following energy function:\n\n$$E(\\mathbf{L}, \\mathbf{S}) = \\|\\mathbf{R} - \\mathbf{L} - \\mathbf{S}\\|_F^2 + \\alpha \\|\\mathcal{A}_k(\\mathbf{L})\\|_* + \\beta \\|\\mathbf{S}\\|_F^2, \\tag{3}$$\n\nwhere the first term is fidelity term and the last two terms are regularization term denoting imposed priors over L and S.  $\\alpha$  also controls the trade-off.\n\nWith [19] releasing nuclear norm as:\n\n\n$$\\|\\mathbf{X}\\|_{*} = \\min_{\\mathbf{A}, \\mathbf{B}} \\frac{1}{2} \\|\\mathbf{A}\\|_{F}^{2} + \\frac{1}{2} \\|\\mathbf{B}\\|_{F}^{2}, \\quad s.t. \\ \\mathbf{X} = \\mathbf{AB},$$\n (4)\n\nthe energy function can be rewritten as:\n\n$$E(\\mathbf{L}, \\mathbf{S}, \\mathbf{M}, \\mathbf{N}) = \\|\\mathbf{R} - \\mathbf{L} - \\mathbf{S}\\|_F^2 + \\frac{\\alpha}{2} \\|\\mathbf{M}\\|_F^2 + \\frac{\\alpha}{2} \\|\\mathbf{N}\\|_F^2 + \\gamma \\|\\mathcal{A}_k(\\mathbf{L}) - \\mathbf{M}\\mathbf{N}\\|_F^2 + \\beta \\|\\mathbf{S}\\|_F^2, \\quad (5)$$\n\nwhere  $\\mathbf{M} \\in \\mathbb{R}^{hw \\times m}$ ,  $\\mathbf{N} \\in \\mathbb{R}^{m \\times k_1 k_2}$ .  $\\gamma$  is a trade-off parameter.\n\nThis problem can be solved by iteratively addressing the subproblems related to L, S, M, N. With t denotes the iteration step, the problem can be partitioned into the following four subproblems:\n\n$$\\mathbf{L}_{t} = \\arg\\min_{\\mathbf{L}} \\|\\mathbf{R} - \\mathbf{L} - \\mathbf{S}_{t-1}\\|_{F}^{2} + \\gamma \\|\\mathcal{A}_{k}(\\mathbf{L}) - \\mathbf{M}_{t-1}\\mathbf{N}_{t-1}\\|_{F}^{2},$$\n(6a)\n\n$$\\mathbf{S}_t = \\arg\\min_{\\mathbf{S}} \\|\\mathbf{R} - \\mathbf{L}_t - \\mathbf{S}\\|_F^2 + \\beta \\|\\mathbf{S}\\|_F^2, \\tag{6b}$$\n\n$$\\mathbf{M}_{t} = \\arg\\min_{\\mathbf{M}} \\frac{\\alpha}{2} \\|\\mathbf{M}\\|_{F}^{2} + \\gamma \\|\\mathcal{A}_{k}(\\mathbf{L}_{t}) - \\mathbf{M}\\mathbf{N}_{t-1}\\|_{F}^{2},$$\n (6c)\n\n$$\\mathbf{N}_t = \\arg\\min_{\\mathbf{N}} \\frac{\\alpha}{2} \\|\\mathbf{N}\\|_F^2 + \\gamma \\|\\mathcal{A}_k(\\mathbf{L}_t) - \\mathbf{M}_t \\mathbf{N}\\|_F^2.$$\n (6d)\n\nWhen t=1, we initially set the variables as  $L_1 = R$ .  $S_1$  is set to randomly distributed noise.  $M_1$  and  $N_1$  are set to identity-like diagonal matrix. During the iteration process, the closed-form solutions for these four subproblems can then be obtained as:\n\n$$\\mathbf{L}_{t} = \\frac{\\mathbf{R} - \\mathbf{S}_{t-1} + \\gamma \\mathcal{A}_{k}^{*}(\\mathbf{M}_{t-1}\\mathbf{N}_{t-1})}{\\gamma + 1},$$\n(7)\n\nwhere  $\\mathcal{A}_k^*(\\cdot)$  is the Hermitian adjoint of  $\\mathcal{A}_k$ .\n\n$$\\mathbf{S}_{t} = \\frac{\\mathbf{R} - \\mathbf{L}_{t}}{\\beta + 1}, \\quad \\mathbf{M}_{t} = 2\\gamma \\mathcal{A}_{k}(\\mathbf{L}_{t}) \\mathbf{N}_{t-1}^{\\mathsf{T}} (\\alpha \\mathbf{I} + 2\\gamma \\mathbf{N}_{t-1} \\mathbf{N}_{t-1}^{\\mathsf{T}})^{-1}, \\tag{8}$$\n\nwhere **I** is a  $m \\times m$  identity matrix.\n\n$$\\mathbf{N}_t = 2\\gamma (\\alpha \\mathbf{I} + 2\\gamma \\mathbf{M}_t^{\\mathsf{T}} \\mathbf{M}_t)^{-1} \\mathbf{M}_t^{\\mathsf{T}} \\mathcal{A}_k(\\mathbf{L}_t). \\tag{9}$$\n\nFor the visible image  $\\mathbf{V} \\in \\mathbb{R}^{h \\times w \\times c}$ , the primary distinction to infrared data lies in three channels. It results in slight differences in the construction of convolution matrix and the shapes of  $\\mathbf{M}, \\mathbf{N}$ . Specifically,  $\\mathcal{A}_k(\\mathbf{V})$  is a linear map from  $\\mathbb{R}^{h \\times w \\times c}$  to  $\\mathbb{R}^{hwc \\times k_1 k_2 k_3}$ , where  $k_1$   $(1 \\leq k_1 \\leq h)$ ,  $k_2$   $(1 \\leq k_2 \\leq w)$  and  $k_3$   $(1 \\leq k_3 \\leq c)$  are the kernel size.  $\\mathbf{M} \\in \\mathbb{R}^{hwc \\times n}$  and  $\\mathbf{N} \\in \\mathbb{R}^{n \\times k_1 k_2 k_3}$ ."
      },
      {
        "heading": "3.3 Joint Denoising and Fusion Module",
        "text": "Network Architecture. Directly denoising multi-modal source images as a whole without distinction will overlook the modal differences and noise characteristics between multi-modal images, posing greater challenges to  $\\mathcal{F}$ . Thus, the fusion network  $\\mathcal{F}$  comprises two key components: intra-modal recovery and inter-modal recovery and fusion. In one source image, the modality is unique and the noise characteristics are consistent. We first perform intra-modal feature recovery in visible and infrared domains, respectively. Then, the inter-modal recovery and fusion integrates information across different modalities while effectively handling the complex noise characteristics among these modalities. The overall network is named as I2Former. The output is the clean fused image  $\\mathbf{F}$ .\n\nFor the two components in  $\\mathcal{F}$ , we adopt the Transformer block [39] for intra- and inter-modal feature extraction and integration. In intra-modal recovery, we respectively extract features from  $\\mathbf{V}$ ,  $\\mathbf{R}$  as  $\\mathbf{f}_v$ ,  $\\mathbf{f}_r$ . In each block, the intra-modal multi-Dconv head transposed attention  $(T_{ter})$  generates query, key and value projections for  $\\mathbf{f}_v$ ,  $\\mathbf{f}_r$  as:\n\n$$\\{\\mathbf{Q}_v, \\mathbf{K}_v, \\mathbf{V}_v\\} = T_{ter}^V(\\mathbf{f}_v), \\{\\mathbf{Q}_r, \\mathbf{K}_r, \\mathbf{V}_r\\} = T_{ter}^R(\\mathbf{f}_r).$$\n\n$$(10)$$\n\nThen, the output visible feature maps are  $\\hat{\\mathbf{f}}_v = \\operatorname{Softmax}(\\frac{\\mathbf{K}_v \\cdot \\mathbf{Q}_v}{\\varsigma})\\mathbf{V}_v + \\mathbf{f}_v$ , where  $\\varsigma$  is a learnable scaling parameter. Infrared features are modulated similarly. The features are passed through gated-Dconv feed-forward network for controllable transformation. Multiple blocks generate multi-scale features.\n\nIn inter-modal recovery and fusion, the visible and infrared features of the smallest scale are concatenated, fed into a convolutional layer for channel reduction and upsampled. With  $\\mathbf{f}_f$  and  $\\mathbf{f}_v$ ,  $\\mathbf{f}_r$  as input, the inter-modal multi-Dconv head transposed attention  $(T_{tra})$  generates projections as:\n\n$$\\left\\{ \\mathbf{Q}_{f}, \\mathbf{K}_{f}, \\mathbf{V}_{f} \\right\\} = T_{tra} \\left( W \\left( \\mathbf{f}_{v}, \\mathbf{f}_{r}, \\mathbf{f}_{f} \\right) \\right), \\tag{11}$$\n\nwhere W is a convolutional layer for channel reduction. The final output features can be obtained as  $\\hat{\\mathbf{f}}_f = \\operatorname{Softmax}(\\frac{\\mathbf{K}_f \\cdot \\mathbf{Q}_f}{\\varsigma})\\mathbf{V}_f + W(\\mathbf{f}_v, \\mathbf{f}_r, \\mathbf{f}_f)$ . The fused features of the original scale are finally passed through some blocks for refinement and a convolutional layer to generate the fused image  $\\mathbf{F}$ .\n\n**Loss Functions**. From the aspect of network optimization, clean components derived with convolutional low-rank priors serve as i) physics-driven prior injector to regularize fused images, and ii) implicit teachers that enable knowledge distillation of denoising priors into the fusion network. It enables simultaneous noise suppression and information fusion. Thus, the loss functions of  $\\mathcal F$  consist of some data fidelity terms and a regularization term.\n\nData Fidelity Terms. Sec. 3.2 obtains the estimation of  $L_v$  and  $L_r$ . The data fidelity terms constrain the fused image F to keep similarity with  $L_v$  and  $L_r$  from multiple perspectives to preserve the scene information, including intensity, gradients, and chrominance components.\n\nThe intensity loss makes  $\\mathbf{F}$  capture proper intensity distribution. One target is to preserve the thermal prominence in  $\\mathbf{L}_r$ . Considering the low thermal radiation regions in  $\\mathbf{L}_r$  and low-light regions in  $\\mathbf{L}_v$ , the other target is to preserve the more prominent information. The intensity loss is denoted as  $\\mathcal{L}_{in} = \\|\\mathbf{F}^y - \\max(\\mathbf{L}_v^y, \\mathbf{L}_r)\\|_1$  where  $\\mathbf{L}_v^y, \\mathbf{F}^y$  are the Y channels of  $\\mathbf{L}_v, \\mathbf{F}$  in YCbCr space, respectively.\n\nThe gradient loss preserves the prominent textures in  $\\mathbf{L}_v, \\mathbf{L}_r$  to present more contents. We generate a gradient mask  $M_g$  considering the gradient relationship between  $\\mathbf{L}_v^y, \\mathbf{L}_r$ . When  $\\left|\\nabla \\mathbf{L}_{vi,j}^y\\right| > \\left|\\nabla \\mathbf{L}_{ri,j}\\right|$ ,  $\\mathbf{m}_{gi,j} = 1$  where  $\\nabla$  is Laplacian operator, i and j indicate the spatial position. Otherwise,  $\\mathbf{m}_{gi,j} = 0$ . The loss constrains the gradient similarity as:\n\n$$\\mathcal{L}_q = \\|\\nabla \\mathbf{F}^y - [\\mathbf{m}_q \\cdot \\nabla \\mathbf{L}_v^y + (1 - \\mathbf{m}_q) \\cdot \\nabla \\mathbf{L}_r]\\|_1.$$\n(12)\n\nThe chrominance loss preserves the chrominance information in  $\\mathbf{L}_v$  into  $\\mathbf{F}$ .  $\\mathbf{L}_v$ ,  $\\mathbf{F}$  are translated into YCbCr space and the constraint is performed on chrominance channels as:\n\n$$\\mathcal{L}_{chr} = \\|\\mathbf{F}^{Cb} - \\mathbf{L}_{v}^{Cb}\\|_{1} + \\|\\mathbf{F}^{Cr} - \\mathbf{L}_{v}^{Cr}\\|_{1}.$$\n(13)\n\n*Regularization Term.* In the optimization process of **F**, the performance gap in intra-modal recovery and the residual and cumulative deviation in inter-modal recovery and fusion will affect performance. To further correct deviations, the convolutional low rank of fused image is regularized as:\n\n$$\\mathcal{L}_{rank} = \\|\\mathcal{A}_k(\\mathbf{F})\\|_*,\\tag{14}$$\n\nwhere  $\\mathcal{A}_k(\\mathbf{F})$  computes the convolution matrix of  $\\mathbf{F}$ .  $\\mathcal{A}_k(\\cdot)$  is a linear map from  $\\mathbb{R}^{h\\times w\\times c}$  to  $\\mathbb{R}^{hwc\\times k_1k_2k_3}$  (defined at the end of Sec. 3.2). The nuclear norm imposes a low-rank constraint on the convolution matrix of  $\\mathbf{F}$ , thereby reducing residual noise in  $\\mathbf{F}$  by mining its intrinsic structure.\n\nWith hyper-parameters  $\\lambda, \\eta, \\kappa$  to control the trade-off, the final loss function is defined as:\n\n$$\\mathcal{L}_{\\mathcal{F}} = \\mathcal{L}_{in} + \\lambda \\mathcal{L}_{a} + \\eta \\mathcal{L}_{chr} + \\kappa \\mathcal{L}_{rank}. \\tag{15}$$"
      },
      {
        "heading": "4 Experiments and Results",
        "text": "**Datasets and Implementation.** Existing datasets are collected for the target of high image quality, thus relying on cost-prohibitive imaging systems to ensure high signal-to-noise ratios. As there are no publicly available noisy infrared and visible datasets for direct use, We simulate real-life noisy source images by injecting two representative types of noise with various levels (additive Gaussian noise and multiplicative speckle noise) into clean data [27, 46]. The clean data is not used during training. We train Deno-IF on 2120 pairs of visible and infrared images across two datasets, including LLVIP [5] and M3FD [9]. For the introduced noise,  $\\sigma$  randomly distributed in [10, 50]. In the training phase, images are randomly cropped into patches of  $128 \\times 128$  for training. The evaluation is performed on image pairs introduced Gaussian or speckle noise with randomly distributed variance.\n\nIn convolutional low-rank optimization module, h and w are 128, c=3. Kernel size of  $\\mathcal{A}_k(\\cdot)$  are  $k_1, k_2=12, k_3=2$ . m, n=256. We perform 30 iterations for each patch. For parameters in Eq. (5),  $\\beta=2$ .  $\\alpha,\\gamma$  are empirically related to data characteristics. As an unsupervised method, for a patch  $\\mathbf{x}$ , we roughly estimate its noise level as  $n=\\mathbb{E}\\left[|\\nabla(\\mathbf{x})-\\nabla(G(\\mathbf{x}))|\\right]$ , where  $G(\\cdot)$  is Gaussian blur.  $\\alpha$  is 200n and 80n for visible and infrared data respectively.  $\\beta=15n$ . These manually designed settings stem from the consideration of i) a principled trade-off for adaptive regularization (strong for high-level noise for noise suppression, weak for low-level noise to preserve details); and ii) computational efficiency for an optimal efficiency-accuracy balance.\n\n![](_page_6_Figure_0.jpeg)\n\nFigure 3: Qualitative results when both source images are subject to various-level **Gaussian/speckle** noise on LLVIP and M3FD datasets.\n\nTable 1: Quantitative results when both source images suffer from various-level **Gaussian** or **Speckle** noise (**bold**: optimal, underline: suboptimal).\n\n| Gaussian                                                                  |                                                                                                              | 1                                                                                                 | LLVIP Datase                                                                                     | et                                                                                             |                                                                                                                  |                                                                                                       | 1                                                                                                | M3FD Datase                                                                                | t                                                                                              |                                                                                                                  |\n|---------------------------------------------------------------------------|--------------------------------------------------------------------------------------------------------------|---------------------------------------------------------------------------------------------------|--------------------------------------------------------------------------------------------------|------------------------------------------------------------------------------------------------|------------------------------------------------------------------------------------------------------------------|-------------------------------------------------------------------------------------------------------|--------------------------------------------------------------------------------------------------|--------------------------------------------------------------------------------------------|------------------------------------------------------------------------------------------------|------------------------------------------------------------------------------------------------------------------|\n| Metrics                                                                   | SSIM↑                                                                                                        | PSNR↑                                                                                             | FSIM↑                                                                                            | CC↑                                                                                            | BRISQUE↓                                                                                                         | SSIM↑                                                                                                 | PSNR↑                                                                                            | FSIM↑                                                                                      | CC↑                                                                                            | BRISQUE↓                                                                                                         |\n| CT.+Tar.                                                                  | 0.421±0.169                                                                                                  | 15.600±1.464                                                                                      | 0.792±0.024                                                                                      | $0.680 \\pm 0.082$                                                                              | $19.519 \\pm 8.577$                                                                                               | 0.469±0.143                                                                                           | 14.597±2.781                                                                                     | $0.756 \\pm 0.032$                                                                          | 0.513±0.195                                                                                    | 24.898±9.713                                                                                                     |\n| CT.+CDD.                                                                  | $0.446 \\pm 0.206$                                                                                            | $15.881 \\pm 1.366$                                                                                | $0.803 \\pm 0.028$                                                                                | $0.698 \\pm 0.072$                                                                              | $33.929\\pm20.019$                                                                                                | 0.466±0.140                                                                                           | $15.076\\pm2.789$                                                                                 | $0.772 \\pm 0.031$                                                                          | $0.501 \\pm 0.226$                                                                              | 42.196±14.17                                                                                                     |\n| CT.+DDFM                                                                  | $0.474\\pm0.178$                                                                                              | $16.782 \\pm 1.138$                                                                                | $0.815 {\\pm} 0.022$                                                                              | $0.736 \\pm 0.077$                                                                              | $30.624 {\\pm} 16.596$                                                                                            | 0.489±0.165                                                                                           | $15.525\\pm2.513$                                                                                 | $0.767 {\\pm} 0.051$                                                                        | $0.587 {\\pm} 0.191$                                                                            | 35.771±13.17                                                                                                     |\n| CT.+Meta.                                                                 | $0.502\\pm0.099$                                                                                              | $15.274 \\pm 1.193$                                                                                | $0.694{\\pm}0.045$                                                                                | $0.662 {\\pm} 0.083$                                                                            | $24.597 {\\pm} 12.281$                                                                                            | 0.533±0.132                                                                                           | $14.606 \\pm 2.650$                                                                               | $0.675 {\\pm} 0.053$                                                                        | $0.548 {\\pm} 0.194$                                                                            | 14.430±5.869                                                                                                     |\n| CT.+Fusion.                                                               | $0.270 \\pm 0.135$                                                                                            | $11.694 \\pm 0.624$                                                                                | $0.760 \\pm 0.042$                                                                                | $0.679 \\pm 0.078$                                                                              | $26.381 \\!\\pm\\! 11.446$                                                                                          | 0.459±0.094                                                                                           | $10.618 \\pm 1.040$                                                                               | $0.744 \\pm 0.047$                                                                          | $0.565 \\pm 0.158$                                                                              | 16.474±11.822                                                                                                    |\n| CT.+Prompt.                                                               | 0.433±0.197                                                                                                  | $15.811 \\pm 1.331$                                                                                | $0.803 \\pm 0.029$                                                                                | $0.702 \\pm 0.073$                                                                              | $36.876 \\pm 19.142$                                                                                              | 0.474±0.125                                                                                           | 15.007±2.679                                                                                     | $0.777 \\pm 0.033$                                                                          | $0.470 \\pm 0.243$                                                                              | 25.837±13.808                                                                                                    |\n| DRMF                                                                      | $0.148 \\pm 0.081$                                                                                            | $11.899 \\pm 1.242$                                                                                | $0.693 \\pm 0.031$                                                                                | $0.489 \\pm 0.156$                                                                              | $67.922 {\\pm} 12.462$                                                                                            | 0.280±0.121                                                                                           | $13.482 \\pm 1.628$                                                                               | $0.738 \\pm 0.043$                                                                          | $0.334 \\pm 0.219$                                                                              | 44.186±11.117                                                                                                    |\n| Text-IF                                                                   | $0.208\\pm0.069$                                                                                              | $14.956 \\pm 1.125$                                                                                | $0.770 \\pm 0.025$                                                                                | $0.652 {\\pm} 0.071$                                                                            | $54.482 {\\pm} 10.614$                                                                                            | 0.225±0.089                                                                                           | $13.837 \\pm 2.509$                                                                               | $0.710{\\pm}0.055$                                                                          | $0.404{\\pm}0.209$                                                                              | $37.228 \\pm 8.241$                                                                                               |\n| OmniFuse                                                                  | $0.377 \\pm 0.080$                                                                                            | $12.642 \\pm 0.727$                                                                                | $0.731 \\pm 0.026$                                                                                | $0.642 \\pm 0.089$                                                                              | 41.046±3.748                                                                                                     | 0.540±0.098                                                                                           | $14.488 \\pm 2.119$                                                                               | $0.763 \\pm 0.031$                                                                          | $0.459 \\pm 0.211$                                                                              | $46.787 \\pm 6.876$                                                                                               |\n| Deno-IF                                                                   | $0.616 \\pm 0.064$                                                                                            | $17.070 {\\pm} 1.426$                                                                              | $\\underline{0.811{\\pm}0.023}$                                                                    | $\\textbf{0.738} \\!\\pm\\! \\textbf{0.074}$                                                        | $16.725 \\!\\pm\\! 4.091$                                                                                           | 0.585±0.081                                                                                           | $15.637 {\\pm} 2.899$                                                                             | $\\textbf{0.788} {\\pm} \\textbf{0.029}$                                                      | $0.563 \\!\\pm\\! 0.205$                                                                          | 24.298±7.095                                                                                                     |\n| Speckle                                                                   |                                                                                                              | 1                                                                                                 | T T T T D D                                                                                      |                                                                                                |                                                                                                                  |                                                                                                       |                                                                                                  |                                                                                            |                                                                                                |                                                                                                                  |\n|                                                                           |                                                                                                              |                                                                                                   | LLVIP Datase                                                                                     | et                                                                                             |                                                                                                                  |                                                                                                       | ]                                                                                                | M3FD Datase                                                                                | t                                                                                              |                                                                                                                  |\n| Metrics                                                                   | SSIM↑                                                                                                        | PSNR↑                                                                                             | FSIM↑                                                                                            | et<br>CC↑                                                                                      | BRISQUE↓                                                                                                         | SSIM↑                                                                                                 | PSNR↑                                                                                            | M3FD Datase<br>FSIM↑                                                                       | t<br>CC↑                                                                                       | BRISQUE↓                                                                                                         |\n| *                                                                         | SSIM↑<br>0.423±0.073                                                                                         |                                                                                                   |                                                                                                  | CC↑                                                                                            | BRISQUE↓<br>13.375±9.263                                                                                         | SSIM↑  0.553±0.129                                                                                    |                                                                                                  |                                                                                            |                                                                                                | BRISQUE↓<br>13.950±9.283                                                                                         |\n| Metrics                                                                   |                                                                                                              | PSNR↑                                                                                             | FSIM↑                                                                                            | CC↑                                                                                            | - '                                                                                                              |                                                                                                       | PSNR↑                                                                                            | FSIM↑                                                                                      | CC↑                                                                                            | 13.950±9.283                                                                                                     |\n| Metrics<br>CT.+Tar.                                                       | 0.423±0.073                                                                                                  | <b>PSNR</b> ↑ 15.125±1.464                                                                        | <b>FSIM</b> ↑ 0.776±0.024                                                                        | CC↑<br>0.687±0.072                                                                             | 13.375±9.263                                                                                                     | 0.553±0.129                                                                                           | <b>PSNR</b> ↑ 15.358±2.393                                                                       | <b>FSIM</b> ↑ 0.775±0.039                                                                  | CC↑<br>0.553±0.206                                                                             | 13.950±9.283<br>25.231±14.022                                                                                    |\n| Metrics CT.+Tar. CT.+CDD.                                                 | 0.423±0.073<br>0.419±0.096                                                                                   | PSNR↑<br>15.125±1.464<br>15.527±1.515                                                             | FSIM↑<br>0.776±0.024<br>0.789±0.026                                                              | CC↑<br>0.687±0.072<br>0.681±0.063                                                              | 13.375±9.263<br>45.497±13.496                                                                                    | 0.553±0.129<br>0.539±0.145                                                                            | PSNR↑<br>15.358±2.393<br>15.906±2.520                                                            | FSIM↑<br>0.775±0.039<br>0.789±0.041                                                        | CC↑<br>0.553±0.206<br>0.558±0.215                                                              | 13.950±9.283<br>25.231±14.022                                                                                    |\n| Metrics CT.+Tar. CT.+CDD. CT.+DDFM                                        | 0.423±0.073<br>0.419±0.096<br>0.474±0.086                                                                    | PSNR↑<br>15.125±1.464<br>15.527±1.515<br>16.191±1.218                                             | FSIM↑  0.776±0.024  0.789±0.026  0.808±0.022                                                     | CC↑  0.687±0.072  0.681±0.063  0.723±0.069                                                     | 13.375±9.263<br>45.497±13.496<br>32.897±12.572                                                                   | 0.553±0.129<br>0.539±0.145<br>0.584±0.125                                                             | PSNR↑<br>15.358±2.393<br>15.906±2.520<br>16.232±2.259                                            | FSIM↑  0.775±0.039  0.789±0.041  0.806±0.047                                               | CC↑  0.553±0.206 0.558±0.215  0.641±0.157                                                      | 13.950±9.283<br>25.231±14.022<br>18.320±11.767                                                                   |\n| Metrics CT.+Tar. CT.+CDD. CT.+DDFM CT.+Meta.                              | $0.423\\pm0.073$<br>$0.419\\pm0.096$<br>$0.474\\pm0.086$<br>$0.538\\pm0.072$                                     | PSNR↑  15.125±1.464 15.527±1.515 16.191±1.218 15.102±1.220                                        | FSIM↑  0.776±0.024  0.789±0.026  0.808±0.022  0.697±0.043                                        | CC↑  0.687±0.072  0.681±0.063  0.723±0.069  0.669±0.075                                        | 13.375±9.263<br>45.497±13.496<br>32.897±12.572<br>10.860±9.531                                                   | 0.553±0.129<br>0.539±0.145<br>0.584±0.125<br>0.615±0.115                                              | PSNR↑<br>15.358±2.393<br>15.906±2.520<br>16.232±2.259<br>15.606±2.526                            | FSIM↑  0.775±0.039  0.789±0.041  0.806±0.047  0.710±0.046                                  | $CC\\uparrow$ $0.553\\pm0.206$ $0.558\\pm0.215$ $0.641\\pm0.157$ $0.611\\pm0.164$                   | 13.950±9.283<br>25.231±14.022<br>18.320±11.767<br>10.412±6.587<br>21.178±9.460                                   |\n| Metrics CT.+Tar. CT.+CDD. CT.+DDFM CT.+Meta. CT.+Fusion.                  | $0.423\\pm0.073$<br>$0.419\\pm0.096$<br>$0.474\\pm0.086$<br>$0.538\\pm0.072$<br>$0.338\\pm0.055$                  | PSNR↑  15.125±1.464 15.527±1.515 16.191±1.218 15.102±1.220 11.909±0.694                           | FSIM↑  0.776±0.024  0.789±0.026  0.808±0.022  0.697±0.043  0.737±0.032                           | CC↑  0.687±0.072  0.681±0.063  0.723±0.069  0.669±0.075  0.683±0.066                           | 13.375±9.263<br>45.497±13.496<br>32.897±12.572<br>10.860±9.531<br>29.446±7.250                                   | 0.553±0.129<br>0.539±0.145<br>0.584±0.125<br>0.615±0.115<br>0.516±0.106                               | PSNR↑  15.358±2.393 15.906±2.520 16.232±2.259 15.606±2.526 10.950±0.807                          | FSIM↑  0.775±0.039 0.789±0.041  0.806±0.047 0.710±0.046 0.774±0.034                        | CC↑  0.553±0.206 0.558±0.215  0.641±0.157 0.611±0.164 0.612±0.150                              | 13.950±9.283<br>25.231±14.022<br>18.320±11.767<br>10.412±6.587                                                   |\n| Metrics CT.+Tar. CT.+CDD. CT.+DDFM CT.+Meta. CT.+Fusion. CT.+Prompt.      | 0.423±0.073<br>0.419±0.096<br>0.474±0.086<br><u>0.538±0.072</u><br>0.338±0.055<br>0.381±0.085                | PSNR↑  15.125±1.464 15.527±1.515 16.191±1.218 15.102±1.220 11.909±0.694 15.212±1.313              | FSIM↑  0.776±0.024 0.789±0.026  0.808±0.022 0.697±0.043 0.737±0.032 0.787±0.026                  | CC↑  0.687±0.072  0.681±0.063  0.723±0.069  0.669±0.075  0.683±0.066  0.681±0.066              | 13.375±9.263<br>45.497±13.496<br>32.897±12.572<br>10.860±9.531<br>29.446±7.250<br>48.286±12.442                  | 0.553±0.129<br>0.539±0.145<br>0.584±0.125<br>0.615±0.115<br>0.516±0.106<br>0.522±0.146                | PSNR↑  15.358±2.393 15.906±2.520 16.232±2.259 15.606±2.526 10.950±0.807 15.881±2.447             | FSIM↑  0.775±0.039 0.789±0.041  0.806±0.047 0.710±0.046 0.774±0.034 0.784±0.041            | CC↑  0.553±0.206 0.558±0.215 0.641±0.157 0.611±0.164 0.612±0.150 0.521±0.244                   | 13.950±9.283<br>25.231±14.022<br>18.320±11.767<br>10.412±6.587<br>21.178±9.460<br>21.837±12.822<br>43.180±17.155 |\n| Metrics CT.+Tar. CT.+CDD. CT.+DDFM CT.+Meta. CT.+Fusion. CT.+Prompt. DRMF | 0.423±0.073<br>0.419±0.096<br>0.474±0.086<br><u>0.538±0.072</u><br>0.338±0.055<br>0.381±0.085<br>0.475±0.047 | PSNR↑  15.125±1.464 15.527±1.515 16.191±1.218 15.102±1.220 11.909±0.694 15.212±1.313 12.417±1.377 | FSIM↑  0.776±0.024  0.789±0.026  0.808±0.022  0.697±0.043  0.737±0.032  0.787±0.026  0.722±0.021 | CC↑  0.687±0.072  0.681±0.063  0.723±0.069  0.669±0.075  0.683±0.066  0.681±0.066  0.567±0.137 | 13.375±9.263<br>45.497±13.496<br>32.897±12.572<br>10.860±9.531<br>29.446±7.250<br>48.286±12.442<br>21.406±10.566 | 0.553±0.129<br>0.539±0.145<br>0.584±0.125<br>0.615±0.115<br>0.516±0.106<br>0.522±0.146<br>0.649±0.100 | PSNR↑ 15.358±2.393 15.906±2.520 16.232±2.259 15.606±2.526 10.950±0.807 15.881±2.447 14.147±2.561 | FSIM↑  0.775±0.039 0.789±0.041 0.806±0.047 0.710±0.046 0.774±0.034 0.784±0.041 0.790±0.026 | CC↑  0.553±0.206  0.558±0.215  0.641±0.157  0.611±0.164  0.612±0.150  0.521±0.244  0.423±0.246 | 13.950±9.283<br>25.231±14.022<br>18.320±11.767<br>10.412±6.587<br>21.178±9.460<br>21.837±12.825                  |\n\nIn the joint denoising and fusion module, I2Former is updated with Adam Optimizer with batch size as 4 and epoch as 80. Learning rate is 2e-4 with exponential decay. Hyper-parameters are  $\\lambda=1e3$ ,  $\\eta=30$ .  $\\kappa$  increases during training and equals the multiplication of 1e-6 and epoch. Numbers of blocks in Fig. 2 are  $L_r, L_3=2, L_1, L_2=4$ . Experiments are conducted on an NVIDIA 3090 GPU.\n\nComparison Results. We consider two typical types of noise (additive and multiplicative noise) during imaging process, *e.g.*, Gaussian and speckle noise in source images. For noisy source images, we compare Deno-IF with both the combination of SOTA denoising and fusion methods and degradation-aware image fusion methods. As some fusion methods (TarDAL [9], CDDFuse [49], DDFM [50], MetaFusion [48], FusionBooster [1], and PromptFusion [10]) cannot handle noise, CTNet [25] (supervised denoising method) is used for pre-denoising before these fusion methods are performed. The rationale of selecting CTNet for comparison is two-fold: i) validating the unsupervised generalization of the proposed method against the supervised denoising performance of CTNet; ii) validating the improvements of architecturally relevant frameworks and objectives as CTNet also designs a Transformer-based network. The supervised degradation-aware fusion methods (DRMF [22], Text-IF [36], and OmniFuse [44]) directly fuse noisy source images.\n\nQualitative Results. Qualitative results where both source images suffer from various-level Gaussian or speckle noise across two datasets are shown in Fig. 3. First, as Deno-IF jointly realizes denoising and fusion, it avoids the residual noise in competitors caused by the limited pre-denoising performance. Second, as an unsupervised method, Deno-IF can infer clean data from source images which both suffer from noise and present clear fused images. On the other hand, it shows robust\n\n![](_page_7_Figure_0.jpeg)\n\nFigure 4: Qualitative results when only one source image is subject to various-level noise.\n\n![](_page_7_Figure_2.jpeg)\n\nFigure 5: Quantitative results in difference situations of noise presence on two datasets (see *Supplementary Material* for results in specific situations).\n\nperformance across various noise types and levels, addressing the low generalization of existing supervised denoising and fusion methods. Finally, the inference on clean data in Deno-IF is based on convolutional low-rankness, avoiding excessive distortion of meaningful scene content in competitors.\n\nQuantitative Results. Traditional fusion metrics fall into similarity-based metrics (evaluating similarity between fused and source images) and statistics-based metrics (measuring image characteristics, e.g., SD, SF, EN, etc.). However, when fusing noisy images, statistics-based metrics may produce misleading results as noise may artificially inflate these values (e.g., higher EN/SF caused by noise rather than meaningful information). Thus, in this work, we prioritize similarity-based full-reference metrics (i.e., SSIM [28], PSNR, feature similarity index (FSIM) [45] and correlation coefficient (CC)) and a quality-based no-reference metric BRISQUE [14] to evaluate denoising and fusion performances on 30 image pairs.\n\nAs reported in Tab. 1, Deno-IF achieves optimal performances on most metrics. The results on full-reference metrics indicate that our results show high similarity with clean source images. The results on the non-reference metric indicate that our results have less distortion. Finally, the comprehensive results and small variances indicate the generalization of Deno-IF for various scenes, noise types, and noise levels.\n\n**Validation on Single-Modal Noise.** To validate the generalization under different noise presence situations especially specific-modal noise, we perform experiments where only one source image suffers from noise. We take source images with Gaussian noise for example and qualitative results are shown in Fig. 4. On the one hand, Deno-IF effectively removes noise in infrared or visible modalities without being affected by modal differences, avoiding residual noise in results. On the other hand, it indicates the generalization of Deno-IF in different noise presence situations. As reported in the quantitative results of each situation in Fig. 5, Deno-IF shows the optimal results in SSIM, PSNR and FSIM, and suboptimal results in CC and BRISQUE in total amount. From the perspective of variance across situations and datasets, Deno-IF achieves advantageous and balanced performances.\n\n![](_page_8_Figure_0.jpeg)\n\nFigure 6: Impacts of decomposition parameter settings and results of ablation experiments.\n\nTable 2: Quantitative results of ablation study and performances on dealing with different-level noise.\n\n| Metrics SSIM↑ PSNR↑ FSIM↑ CC↑ |       | CC↑    |       | PSNR↑ |          |      |       | SSI  | M↑    |      |       | FSI  | M↑    |      |       | CC   | <b>*</b> |       |       | BRIS | QUE↓  |      |       |      |       |\n|-------------------------------|-------|--------|-------|-------|----------|------|-------|------|-------|------|-------|------|-------|------|-------|------|----------|-------|-------|------|-------|------|-------|------|-------|\n| w/o intra-modal               |       |        |       |       | $\\sigma$ | DRMF | Text. | Omn. | Deno. | DRMF | Text. | Omn. | Deno. | DRMF | Text. | Omn. | Deno.    | DRMF  | Text. | Omn. | Deno. | DRMF | Text. | Omn. | Deno. |\n| w/o direct fusion             |       |        |       |       |          |      |       |      |       |      |       |      |       |      |       |      |          | 0.557 |       |      |       |      |       |      |       |\n| w/o $\\mathcal{L}_q$           | 0.600 | 16.160 | 0.789 | 0.685 |          |      |       |      |       |      |       |      |       |      |       |      |          | 0.528 |       |      |       |      |       |      |       |\n| w/o $\\mathcal{L}_{rank}$      |       | 16.554 |       |       |          |      |       |      |       |      |       |      |       |      |       |      |          | 0.510 |       |      |       |      |       |      |       |\n| Deno-IF (ours)                | 0.616 | 17.070 | 0.811 | 0.738 |          |      |       |      |       |      |       |      |       |      |       |      |          | 0.423 |       |      |       |      |       |      |       |\n\n(a) Results of ablation study.\n\n(b) Results on dealing with different-level noise.\n\nOptimization Parameter Settings. We validate impacts of  $\\alpha$ ,  $\\beta$ ,  $\\gamma$  in Eq. (5) on the estimation of clean component  ${\\bf L}$ . We first analysis impacts of  $\\alpha$ ,  $\\gamma$  and then analyze the impact of  $\\beta$  with fixed  $\\alpha$ ,  $\\gamma$ . Taking visible data for example, when  $\\beta=2$ , Fig. 6a shows results with varying  $\\alpha$ ,  $\\gamma$ .  $\\alpha$  constrains the Frobenius norm of  ${\\bf M}$ ,  ${\\bf N}$ .  $\\gamma$  constrains similarity between  ${\\cal A}_k({\\bf L})$  and  ${\\bf MN}$ . Small  $\\gamma$  fails to ensure similarity. Regardless of varying  $\\alpha$ ,  ${\\bf L}$  tends to be noisy. As  $\\gamma$  increases,  ${\\cal A}_k({\\bf L})$  tends to be low-rank for clarify. Excessively large  $\\gamma$  disrupts the similarity between  ${\\bf L}+{\\bf S}$  and noisy image, leading to brightness and content distortions. With appropriate  $\\gamma$ , a small  $\\alpha$  leads to texture distortion. A large  $\\alpha$  leads to smoothing and hazy appearance. By carefully tuning  $\\alpha$ , the details can be adjusted for balance. Then, the decomposition results with varying  $\\beta$  are shown in Fig. 6b. When  $\\beta$  is small, the constraint on  ${\\bf S}$  is weak and many contents are mistakenly decomposed into  ${\\bf S}$ . When  $\\beta$  is large enough,  ${\\bf S}$  contains little information, resulting in residual noise in  ${\\bf L}$ .\n\nAblation Study. We validate some architecture designs and loss functions. For architectures, we consider: i) intra-modal recovery in I2Former. We remove it and modify I2Former to a Restormer-like structure with similar parameters. ii) direct fusion. Rather than learning a residual image to noisy inputs, I2Former directly generates fused image. It learns a residual image  $\\mathbf{F}_r$  to a pre-fused image  $\\mathbf{F}_p$  as fused image  $\\mathbf{F} = \\mathbf{F}_r + \\mathbf{F}_p$ , where  $\\mathbf{F}_p = c(\\max(\\mathbf{V}^y, \\mathbf{R}), \\mathbf{V}^{Cb}, \\mathbf{V}^{Cr})$ . For loss functions, we remove the gradient loss  $\\mathcal{L}_g$  and regularization term  $\\mathcal{L}_{rank}$ . As in Fig. 6c,  $\\mathbf{F}_p$  contains noise. Without intra-modal recovery, the result shows diagonal effects. If learning a residual image to  $\\mathbf{F}_p$ , the unstable training process results in slight intensity and color casts. The lack of  $\\mathcal{L}_g$  results in blur contents. Without  $\\mathcal{L}_{rank}$ , the result cannot infer more contents according to convolutional low-rank property. Deno-IF generates clear results with more contents. The results in Tab. 2a are also consistent with qualitative results. Without  $\\mathcal{L}_g$ , it shows the worst performance. By introducing intra-modal recovery, direct fusion, and  $\\mathcal{L}_{rank}$ , our method achieves the optimal performance among all the settings.\n\n**Performances on Different-Level Noise**. Experiments on different-level noise Gaussian noise (as a representative) are reported in Tab. 2b. As  $\\sigma$  increases, the performances of the competitors significantly decrease on most metrics. Although it is an increasingly challenging trend for recovering under more severe noise, our method shows smaller fluctuations, showing its robustness.\n\n![](_page_9_Figure_0.jpeg)\n\nFigure 7: Results of different-level noise and external verification on high-level task.\n\nTable 3: Computational efficiency comparison of different methods.\n\n\n\n| Methods     | Tar. | CDD. | DDFM   | Meta. | Fusion. | Prompt. | CT.+Tar. | CT.+CDD. | CT.+DDFM | CT.+Meta. | CT.+Fusion. | CT.+Prompt. | DRMF   | Text-IF | Omn.  | Deno-IF |\n|-------------|------|------|--------|-------|---------|---------|----------|----------|----------|-----------|-------------|-------------|--------|---------|-------|---------|\n| Para (M)    | 0.30 | 1.19 | 552.66 | 0.81  | 0.56    | 7.44    | 51.71    | 52.60    | 604.07   | 52.22     | 51.97       | 58.91       | 170.98 | 215.12  | 98.15 | 1.433   |\n| FLOPs (G)   | 91   | 548  | 5221   | 159   | 241     | 36877   | 41695    | 42152    | 46824    | 41763     | 41845       | 78481       | 4576   | 1519    | 5471  | 115     |\n| Runtime (s) | 0.03 | 0.23 | 68.79  | 0.04  | 2.49    | 1.08    | 13.50    | 13.70    | 82.26    | 13.51     | 15.96       | 14.55       | 4.47   | 0.31    | 4.53  | 0.06    |\n\n**External Verification on High-Level Task.** The denoising and fusion performances are externally validated by a subsequent high-level task—object detection. In Fig. 7b, it is challenging to accurately detect some targets in a single noisy visible/infrared image. By denoising and fusing noisy source images, some competitors can boost detection accuracy while some methods exhibit notable misclassification. Our result eliminates noise interference and preserve essential information, improving both detection accuracy and precision. Quantitative results are reported in *Supplementary Material*.\n\n**Efficiency Comparison**. The efficiency is evaluated by parameter numbers, FLOPs, and runtime. Due to the large parameters, high computational complexity, and runtime of denoising method CTNet, we also report the efficiency of pure fusion methods. As reported in Tab. 3, our method shows higher efficiency than the competitors. It also achieves simultaneous denoising and fusion with an efficiency that is comparable or even superior to those of pure fusion networks."
      },
      {
        "heading": "5 Conclusion",
        "text": "This paper proposes an unsupervised noisy visible and infrared image fusion method, addressing the limitations of existing methods that cannot handle noise interference or rely on paired data restricted by noise characteristics. The proposed network, featuring a convolutional low-rank optimization module and a joint denoising and fusion module, eliminates data dependency and improves generalization while reducing complexity. Experimental results demonstrate its effectiveness and robustness."
      }
    ],
    "references": [
      {
        "title": "Cheng, T",
        "author": [
          "C"
        ],
        "venue": "Xu, X.-J. Wu, H. Li, X. Li, and J. Kittler. Fusionbooster: A unified image fusion boosting paradigm. International Journal of Computer Vision, 133(5):3041–3058",
        "citeRegEx": "C et al\\\\.,? 2025",
        "shortCiteRegEx": "C et al\\\\.",
        "year": 2025
      },
      {
        "title": "Duffhauss, N",
        "author": [
          "F"
        ],
        "venue": "A. Vien, H. Ziesche, and G. Neumann. Fusionvae: A deep hierarchical variational autoencoder for rgb image fusion. In Proceedings of the European Conference on Computer Vision, pages 674–691. Springer",
        "citeRegEx": "F et al\\\\.,? 2022",
        "shortCiteRegEx": "F et al\\\\.",
        "year": 2022
      },
      {
        "title": "Gong, J",
        "author": [
          "Y"
        ],
        "venue": "Lu, W. Liu, Z. Li, X. Jiang, X. Gao, and X. Wu. Sifdrivenet: Speed and image fusion for driving behavior classification network. IEEE Transactions on Computational Social Systems",
        "citeRegEx": "Y et al\\\\.,? 2023",
        "shortCiteRegEx": "Y et al\\\\.",
        "year": 2023
      },
      {
        "title": "Huang, W",
        "author": [
          "H"
        ],
        "venue": "He, H. Zhang, Y. Xia, and L. Zhang. Stfdiff: Remote sensing image spatiotemporal fusion with diffusion models. Information Fusion, page 102505",
        "citeRegEx": "H et al\\\\.,? 2024",
        "shortCiteRegEx": "H et al\\\\.",
        "year": 2024
      },
      {
        "title": "Jia, C",
        "author": [
          "X"
        ],
        "venue": "Zhu, M. Li, W. Tang, and W. Zhou. Llvip: A visible-infrared paired dataset for low-light vision. In Proceedings of the IEEE/CVF International Conference on Computer Vision, pages 3496–3504",
        "citeRegEx": "X et al\\\\.,? 2021",
        "shortCiteRegEx": "X et al\\\\.",
        "year": 2021
      },
      {
        "title": "Li, X",
        "author": [
          "H"
        ],
        "venue": "-J. Wu, and J. Kittler. Rfn-nest: An end-to-end residual fusion network for infrared and visible images. Information Fusion, 73:72–86",
        "citeRegEx": "H et al\\\\.,? 2021",
        "shortCiteRegEx": "H et al\\\\.",
        "year": 2021
      },
      {
        "title": "Li, X",
        "author": [
          "X"
        ],
        "venue": "Li, H. Tan, and J. Li. Samf: small-area-aware multi-focus image fusion for object detection. In Proceedings of the IEEE International Conference on Acoustics, Speech and Signal Processing, pages 3845–3849. IEEE",
        "citeRegEx": "X et al\\\\.,? 2024",
        "shortCiteRegEx": "X et al\\\\.",
        "year": 2024
      },
      {
        "title": "Liu and W",
        "author": [
          "G"
        ],
        "venue": "Zhang. Recovery of future data via convolution nuclear norm minimization. IEEE Transactions on Information Theory, 69(1):650–665",
        "citeRegEx": "G et al\\\\.,? 2022",
        "shortCiteRegEx": "G et al\\\\.",
        "year": 2022
      },
      {
        "title": "Liu, X",
        "author": [
          "J"
        ],
        "venue": "Fan, Z. Huang, G. Wu, R. Liu, W. Zhong, and Z. Luo. Target-aware dual adversarial learning and a multi-scenario multi-modality benchmark to fuse infrared and visible for object detection. In Proceedings of the IEEE/CVF Conference on Computer Vision and Pattern Recognition, pages 5802–5811",
        "citeRegEx": "J et al\\\\.,? 2022",
        "shortCiteRegEx": "J et al\\\\.",
        "year": 2022
      },
      {
        "title": "Liu, X",
        "author": [
          "J"
        ],
        "venue": "Li, Z. Wang, Z. Jiang, W. Zhong, W. Fan, and B. Xu. Promptfusion: Harmonized semantic prompt learning for infrared and visible image fusion. IEEE/CAA Journal of Automatica Sinica, 12(3):502–515",
        "citeRegEx": "J et al\\\\.,? 2025",
        "shortCiteRegEx": "J et al\\\\.",
        "year": 2025
      },
      {
        "title": "Ma, H",
        "author": [
          "J"
        ],
        "venue": "Xu, J. Jiang, X. Mei, and X.-P. Zhang. Ddcgan: A dual-discriminator conditional generative adversarial network for multi-resolution image fusion. IEEE Transactions on Image Processing, 29:4980–4995",
        "citeRegEx": "J et al\\\\.,? 2020",
        "shortCiteRegEx": "J et al\\\\.",
        "year": 2020
      },
      {
        "title": "Ma, H",
        "author": [
          "J"
        ],
        "venue": "Zhang, Z. Shao, P. Liang, and H. Xu. Ganmcc: A generative adversarial network with multiclassification constraints for infrared and visible image fusion. IEEE Transactions on Instrumentation and Measurement, 70:1–14",
        "citeRegEx": "J et al\\\\.,? 2020",
        "shortCiteRegEx": "J et al\\\\.",
        "year": 2020
      },
      {
        "title": "Ma, L",
        "author": [
          "J"
        ],
        "venue": "Tang, F. Fan, J. Huang, X. Mei, and Y. Ma. Swinfusion: Cross-domain long-range learning for general image fusion via swin transformer. IEEE/CAA Journal of Automatica Sinica, 9(7):1200–1217",
        "citeRegEx": "J et al\\\\.,? 2022",
        "shortCiteRegEx": "J et al\\\\.",
        "year": 2022
      },
      {
        "title": "Mittal, A",
        "author": [
          "A"
        ],
        "venue": "K. Moorthy, and A. C. Bovik. No-reference image quality assessment in the spatial domain. IEEE Transactions on Image Processing, 21(12):4695–4708",
        "citeRegEx": "A et al\\\\.,? 2012",
        "shortCiteRegEx": "A et al\\\\.",
        "year": 2012
      },
      {
        "title": "Peng, X",
        "author": [
          "S"
        ],
        "venue": "Zhu, H. Deng, L.-J. Deng, and Z. Lei. Fusionmamba: Efficient remote sensing image fusion with state space model. IEEE Transactions on Geoscience and Remote Sensing",
        "citeRegEx": "S et al\\\\.,? 2024",
        "shortCiteRegEx": "S et al\\\\.",
        "year": 2024
      },
      {
        "title": "Qu, S",
        "author": [
          "L"
        ],
        "venue": "Liu, M. Wang, and Z. Song. Transmef: A transformer-based multi-exposure image fusion framework using self-supervised multi-task learning. In Proceedings of the AAAI Conference on Artificial Intelligence, volume 36, pages 2126–2134",
        "citeRegEx": "L et al\\\\.,? 2022",
        "shortCiteRegEx": "L et al\\\\.",
        "year": 2022
      },
      {
        "title": "Rao, T",
        "author": [
          "D"
        ],
        "venue": "Xu, and X.-J. Wu. Tgfuse: An infrared and visible image fusion approach based on transformer and generative adversarial network. IEEE Transactions on Image Processing",
        "citeRegEx": "D et al\\\\.,? 2023",
        "shortCiteRegEx": "D et al\\\\.",
        "year": 2023
      },
      {
        "title": "Rao, D",
        "author": [
          "Y"
        ],
        "venue": "Wu, M. Han, T. Wang, Y. Yang, T. Lei, C. Zhou, H. Bai, and L. Xing. At-gan: A generative adversarial network with attention and transition for infrared and visible image fusion. Information Fusion, 92:336–349",
        "citeRegEx": "Y et al\\\\.,? 2023",
        "shortCiteRegEx": "Y et al\\\\.",
        "year": 2023
      },
      {
        "title": "Sprechmann, A",
        "author": [
          "P"
        ],
        "venue": "M. Bronstein, and G. Sapiro. Learning efficient sparse and low rank models. IEEE Transactions on Pattern Analysis and Machine Intelligence, 37(9):1821–1833",
        "citeRegEx": "P et al\\\\.,? 2015",
        "shortCiteRegEx": "P et al\\\\.",
        "year": 2015
      },
      {
        "title": "Tang, J",
        "author": [
          "L"
        ],
        "venue": "Yuan, and J. Ma. Image fusion in the loop of high-level vision tasks: A semanticaware real-time infrared and visible image fusion network. Information Fusion, 82:28–42",
        "citeRegEx": "L et al\\\\.,? 2022",
        "shortCiteRegEx": "L et al\\\\.",
        "year": 2022
      },
      {
        "title": "Tang, J",
        "author": [
          "L"
        ],
        "venue": "Yuan, H. Zhang, X. Jiang, and J. Ma. Piafusion: A progressive infrared and visible image fusion network based on illumination aware. Information Fusion, 83:79–92",
        "citeRegEx": "L et al\\\\.,? 2022",
        "shortCiteRegEx": "L et al\\\\.",
        "year": 2022
      },
      {
        "title": "Tang, Y",
        "author": [
          "L"
        ],
        "venue": "Deng, X. Yi, Q. Yan, Y. Yuan, and J. Ma. Drmf: Degradation-robust multimodal image fusion via composable diffusion prior. In Proceedings of the ACM International Conference on Multimedia, pages 8546–8555",
        "citeRegEx": "L et al\\\\.,? 2024",
        "shortCiteRegEx": "L et al\\\\.",
        "year": 2024
      },
      {
        "title": "Tang, C",
        "author": [
          "L"
        ],
        "venue": "Li, and J. Ma. Mask-difuser: A masked diffusion model for unified unsupervised image fusion. IEEE Transactions on Pattern Analysis and Machine Intelligence",
        "citeRegEx": "L et al\\\\.,? 2025",
        "shortCiteRegEx": "L et al\\\\.",
        "year": 2025
      },
      {
        "title": "Tang, F",
        "author": [
          "W"
        ],
        "venue": "He, Y. Liu, Y. Duan, and T. Si. Datfuse: Infrared and visible image fusion via dual attention transformer. IEEE Transactions on Circuits and Systems for Video Technology, 33(7): 3159–3172",
        "citeRegEx": "W et al\\\\.,? 2023",
        "shortCiteRegEx": "W et al\\\\.",
        "year": 2023
      },
      {
        "title": "Tian, M",
        "author": [
          "C"
        ],
        "venue": "Zheng, W. Zuo, S. Zhang, Y. Zhang, and C.-W. Lin. A cross transformer for image denoising. Information Fusion, 102:10",
        "citeRegEx": "C et al\\\\.,? 2043",
        "shortCiteRegEx": "C et al\\\\.",
        "year": 2043
      },
      {
        "title": "Wang, J",
        "author": [
          "D"
        ],
        "venue": "Liu, R. Liu, and X. Fan. An interactively reinforced paradigm for joint infraredvisible image fusion and saliency object detection. Information Fusion, 98:101828",
        "citeRegEx": "D et al\\\\.,? 2023",
        "shortCiteRegEx": "D et al\\\\.",
        "year": 2023
      },
      {
        "title": "Wang, X",
        "author": [
          "Y"
        ],
        "venue": "Geng, W. Huang, B. Huang, and M. Gong. Generator identification for linear sdes with additive and multiplicative noise. Advances in Neural Information Processing Systems, 36: 64103–64138",
        "citeRegEx": "Y et al\\\\.,? 2023",
        "shortCiteRegEx": "Y et al\\\\.",
        "year": 2023
      },
      {
        "title": "Wang, A",
        "author": [
          "Z"
        ],
        "venue": "C. Bovik, H. R. Sheikh, and E. P. Simoncelli. Image quality assessment: from error visibility to structural similarity. IEEE Transactions on Image Processing, 13(4):600–612",
        "citeRegEx": "Z et al\\\\.,? 2004",
        "shortCiteRegEx": "Z et al\\\\.",
        "year": 2004
      },
      {
        "title": "Xie, Y",
        "author": [
          "X"
        ],
        "venue": "Cui, T. Tan, X. Zheng, and Z. Yu. Fusionmamba: Dynamic feature enhancement for multimodal image fusion with mamba. Visual Intelligence, 2(1):37",
        "citeRegEx": "X et al\\\\.,? 2024",
        "shortCiteRegEx": "X et al\\\\.",
        "year": 2024
      },
      {
        "title": "Xu, H",
        "author": [
          "H"
        ],
        "venue": "Zhang, and J. Ma. Classification saliency-based rule for visible and infrared image fusion. IEEE Transactions on Computational Imaging, 7:824–836",
        "citeRegEx": "H et al\\\\.,? 2021",
        "shortCiteRegEx": "H et al\\\\.",
        "year": 2021
      },
      {
        "title": "Xu, J",
        "author": [
          "H"
        ],
        "venue": "Ma, J. Jiang, X. Guo, and H. Ling. U2fusion: A unified unsupervised image fusion network. IEEE Transactions on Pattern Analysis and Machine Intelligence, 44(1):502–518",
        "citeRegEx": "H et al\\\\.,? 2022",
        "shortCiteRegEx": "H et al\\\\.",
        "year": 2022
      },
      {
        "title": "Xu, J",
        "author": [
          "H"
        ],
        "venue": "Yuan, and J. Ma. Murf: Mutually reinforcing multi-modal image registration and fusion. IEEE Transactions on Pattern Analysis and Machine Intelligence, 45(10):12148–12166",
        "citeRegEx": "H et al\\\\.,? 2023",
        "shortCiteRegEx": "H et al\\\\.",
        "year": 2023
      },
      {
        "title": "Xu, X",
        "author": [
          "H"
        ],
        "venue": "Yi, C. Lu, G. Liu, and J. Ma. Urfusion: Unsupervised unified degradation-robust image fusion network. IEEE Transactions on Image Processing, 34:5803–5818",
        "citeRegEx": "H et al\\\\.,? 2025",
        "shortCiteRegEx": "H et al\\\\.",
        "year": 2025
      },
      {
        "title": "Yang, Z",
        "author": [
          "B"
        ],
        "venue": "Jiang, D. Pan, H. Yu, G. Gui, and W. Gui. Lfdt-fusion: a latent feature-guided diffusion transformer model for general image fusion. Information Fusion, 113:102639",
        "citeRegEx": "B et al\\\\.,? 2025",
        "shortCiteRegEx": "B et al\\\\.",
        "year": 2025
      },
      {
        "title": "Yi, L",
        "author": [
          "X"
        ],
        "venue": "Tang, H. Zhang, H. Xu, and J. Ma. Diff-if: Multi-modality image fusion via diffusion model with fusion knowledge prior. Information Fusion, 110:102450",
        "citeRegEx": "X et al\\\\.,? 2024",
        "shortCiteRegEx": "X et al\\\\.",
        "year": 2024
      },
      {
        "title": "Yi, H",
        "author": [
          "X"
        ],
        "venue": "Xu, H. Zhang, L. Tang, and J. Ma. Text-if: Leveraging semantic text guidance for degradation-aware and interactive image fusion. In Proceedings of the IEEE/CVF Conference on Computer Vision and Pattern Recognition, pages 27026–27035",
        "citeRegEx": "X et al\\\\.,? 2024",
        "shortCiteRegEx": "X et al\\\\.",
        "year": 2024
      },
      {
        "title": "Yi, Y",
        "author": [
          "X"
        ],
        "venue": "Ma, Y. Li, H. Xu, and J. Ma. Artificial intelligence facilitates information fusion for perception in complex environments. The Innovation",
        "citeRegEx": "X et al\\\\.,? 2025",
        "shortCiteRegEx": "X et al\\\\.",
        "year": 2025
      },
      {
        "title": "Yue, L",
        "author": [
          "J"
        ],
        "venue": "Fang, S. Xia, Y. Deng, and J. Ma. Dif-fusion: Towards high color fidelity in infrared and visible image fusion with diffusion models. IEEE Transactions on Image Processing",
        "citeRegEx": "J et al\\\\.,? 2023",
        "shortCiteRegEx": "J et al\\\\.",
        "year": 2023
      },
      {
        "title": "W",
        "author": [
          "S"
        ],
        "venue": "Zamir, A. Arora, S. Khan, M. Hayat, F. S. Khan, and M.-H. Yang. Restormer: Efficient transformer for high-resolution image restoration. In Proceedings of the IEEE/CVF Conference on Computer Vision and Pattern Recognition, pages 5728–5739",
        "citeRegEx": "S et al\\\\.,? 2022",
        "shortCiteRegEx": "S et al\\\\.",
        "year": 2022
      },
      {
        "title": "Zhang, R",
        "author": [
          "G"
        ],
        "venue": "Nie, and J. Cao. Ssl-waeie: Self-supervised learning with weighted auto-encoding and information exchange for infrared and visible image fusion. IEEE/CAA Journal of Automatica Sinica, 9(9):1694–1697",
        "citeRegEx": "G et al\\\\.,? 2022",
        "shortCiteRegEx": "G et al\\\\.",
        "year": 2022
      },
      {
        "title": "Zhang, H",
        "author": [
          "H"
        ],
        "venue": "Xu, Y. Xiao, X. Guo, and J. Ma. Rethinking the image fusion: A fast unified image fusion network based on proportional maintenance of gradient and intensity. In Proceedings of the AAAI Conference on Artificial Intelligence, volume 34, pages 12797–12804",
        "citeRegEx": "H et al\\\\.,? 2020",
        "shortCiteRegEx": "H et al\\\\.",
        "year": 2020
      },
      {
        "title": "Zhang, J",
        "author": [
          "H"
        ],
        "venue": "Yuan, X. Tian, and J. Ma. Gan-fm: Infrared and visible image fusion using gan with full-scale skip connection and dual markovian discriminators. IEEE Transactions on Computational Imaging, 7:1134–1147",
        "citeRegEx": "H et al\\\\.,? 2021",
        "shortCiteRegEx": "H et al\\\\.",
        "year": 2021
      },
      {
        "title": "Zhang, X",
        "author": [
          "H"
        ],
        "venue": "Zuo, H. Zhou, T. Lu, and J. Ma. A robust mutual-reinforcing framework for 3d multi-modal medical image fusion based on visual-semantic consistency. In Proceedings of the AAAI Conference on Artificial Intelligence, volume 38, pages 7087–7095",
        "citeRegEx": "H et al\\\\.,? 2024",
        "shortCiteRegEx": "H et al\\\\.",
        "year": 2024
      },
      {
        "title": "Zhang, L",
        "author": [
          "H"
        ],
        "venue": "Cao, X. Zuo, Z. Shao, and J. Ma. Omnifuse: Composite degradation-robust image fusion with language-driven semantics. IEEE Transactions on Pattern Analysis and Machine Intelligence, 47(9):7577–7595",
        "citeRegEx": "H et al\\\\.,? 2025",
        "shortCiteRegEx": "H et al\\\\.",
        "year": 2025
      },
      {
        "title": "Zhang, L",
        "author": [
          "L"
        ],
        "venue": "Zhang, X. Mou, and D. Zhang. Fsim: A feature similarity index for image quality assessment. IEEE Transactions on Image Processing, 20(8):2378–2386",
        "citeRegEx": "L et al\\\\.,? 2011",
        "shortCiteRegEx": "L et al\\\\.",
        "year": 2011
      },
      {
        "title": "Zhang, K",
        "author": [
          "M"
        ],
        "venue": "Yue, B. Li, J. Guo, Y. Li, and X. Gao. Single-frame infrared small target detection via gaussian curvature inspired network. IEEE Transactions on Geoscience and Remote Sensing, 62:5005013",
        "citeRegEx": "M et al\\\\.,? 2024",
        "shortCiteRegEx": "M et al\\\\.",
        "year": 2024
      },
      {
        "title": "Zhang, L",
        "author": [
          "X"
        ],
        "venue": "Wang, G. Zhang, T. Lan, H. Zhang, L. Zhao, J. Li, L. Zhu, and H. Liu. Ri-fusion: 3d object detection using enhanced point features with range-image fusion for autonomous driving. IEEE Transactions on Instrumentation and Measurement, 72:1–13",
        "citeRegEx": "X et al\\\\.,? 2022",
        "shortCiteRegEx": "X et al\\\\.",
        "year": 2022
      },
      {
        "title": "Zhao, S",
        "author": [
          "W"
        ],
        "venue": "Xie, F. Zhao, Y. He, and H. Lu. Metafusion: Infrared and visible image fusion via meta-feature embedding from object detection. In Proceedings of the IEEE/CVF Conference on Computer Vision and Pattern Recognition, pages 13955–13965",
        "citeRegEx": "W et al\\\\.,? 2023",
        "shortCiteRegEx": "W et al\\\\.",
        "year": 2023
      },
      {
        "title": "Zhao, H",
        "author": [
          "Z"
        ],
        "venue": "Bai, J. Zhang, Y. Zhang, S. Xu, Z. Lin, R. Timofte, and L. Van Gool. Cddfuse: Correlation-driven dual-branch feature decomposition for multi-modality image fusion. In Proceedings of the IEEE/CVF Conference on Computer Vision and Pattern Recognition, pages 5906–5916",
        "citeRegEx": "Z et al\\\\.,? 2023",
        "shortCiteRegEx": "Z et al\\\\.",
        "year": 2023
      },
      {
        "title": "Zhao, H",
        "author": [
          "Z"
        ],
        "venue": "Bai, Y. Zhu, J. Zhang, S. Xu, Y. Zhang, K. Zhang, D. Meng, R. Timofte, and L. Van Gool. Ddfm: denoising diffusion model for multi-modality image fusion. In Proceedings of the IEEE/CVF International Conference on Computer Vision, pages 8082–8093",
        "citeRegEx": "Z et al\\\\.,? 2023",
        "shortCiteRegEx": "Z et al\\\\.",
        "year": 2023
      },
      {
        "title": "Zheng, J",
        "author": [
          "A"
        ],
        "venue": "Liu, Z. Wang, L. Huang, C. Li, and B. Yin. Visible-infrared person re-identification via specific and shared representations learning. Visual Intelligence, 1(1):29",
        "citeRegEx": "A et al\\\\.,? 2023",
        "shortCiteRegEx": "A et al\\\\.",
        "year": 2023
      }
    ]
  }
}