{
  "forum_id": "6ZkcC9NmGU",
  "metadata": {
    "source": "NeurIPS",
    "year": 2025,
    "title": "ItDPDM: Information-Theoretic Discrete Poisson Diffusion Model",
    "abstractText": "Generative modeling of non-negative, discrete data, such as symbolic music, remains challenging due to two persistent limitations in existing methods. First, most approaches rely on modeling continuous embeddings, which are not wellsuited for inherently discrete data distributions. Second, they typically optimize variational lower bounds instead of the true data likelihood, leading to inaccurate likelihood estimates and degraded sampling quality. While recent diffusion-based models have addressed these issues individually, we tackle them jointly. In this work, we introduce the Information-Theoretic Discrete Poisson Diffusion Model (ItDPDM), inspired by photon arrival processes, unifying exact likelihood estimation with discrete-state generative modeling. Central to our approach is an information-theoretic Poisson Reconstruction Loss (PRL) that admits a provable, exact relationship with the true data likelihood. ItDPDM achieves improved likelihood and sampling performance over prior discrete and continuous diffusion models on a variety of synthetic discrete datasets. Furthermore, on real-world datasets such as symbolic music and images, ItDPDM attains superior likelihood estimates and competitive generation quality, demonstrating a proof of concept for principled, distribution-robust discrete generative modeling.",
    "sections": [
      {
        "heading": "1 Introduction and Background",
        "text": "Denoising diffusion models have advanced generative modeling, outperforming GANs in image synthesis [1] and autoregressive models in likelihood-based tasks [2]. Their flexibility enables broad industrial use—from open-ended text-to-image generation [3–5], to audio [6] and medical imaging [7]. Diffusion has also been extended to multimodal and structured tasks, including video synthesis [8], cross-modal retrieval [9], and molecular modeling [10, 11].\n\n**Limitations of Existing Works:** Diffusion models can be classified by timestep type: discrete (DT) or continuous (CT) and latent space: discrete (DS) or continuous (CS), forming four classes: DTDS, DTCS, CTDS, and CTCS, as shown in Figure 1. DTCS (e.g., VDM [2]) and CTCS (e.g., IT-Gaussian diffusion [12]) are effective in continuous domains [2, 13], but suboptimal for inherently discrete non-Gaussian data distributions. As shown in Figure 1, the continuous-state models map discrete data to continuous state space via z-scoring [14], tail normalization [15], or uniform dequantization [12]. However, these fail to close the discretization gap (e.g.,  $\\frac{1}{127.5}$  for images), and lead to learning suboptimal probability density functions (pdf) instead of probability mass functions (pmf) [12]. Figure 3 shows how continuous DDPMs miss the second mode in the evidently bimodal NYC Taxi distribution [16]. Moreover, discretizing outputs during post-processing introduces train-test mismatch [12, 17, 18]. Recent discrete-state models directly operate in the discrete domain, addressing these limitations by avoiding embedding into continuous spaces altogether.\n\n<sup>\\*</sup>Equal contribution; Correspondence to sagnikb@stanford.edu. Our implementation is available here.\n\n![](_page_1_Figure_0.jpeg)\n\nFigure 1: Classification of diffusion models based on latent state-space (DS/CS) and timesteps (DT/CT), resulting in 4 combinations - DTCS, CTCS, DTDS, and CTDS\n\nDiscrete-time discrete-state (DTDS) models [\\[15,](#page-10-10) [17,](#page-10-12) [19\\]](#page-10-14) operate natively in the discrete domain and outperform variational Gaussian-based methods, but often ignore ordinal structure of integer-valued data and need post-processing. Learning-to-Jump (LTJ) [\\[20\\]](#page-10-15), a recent DTDS method using binomial thinning and a variational objective, improves generation on non-negative, skewed data. However, LTJ has two drawbacks: (1) its evidence lower bound (ELBO)-based training uses a variational relative entropy loss, which lacks an exact relation to the true data likelihood, yielding suboptimal likelihood and degraded generation quality; (2) denoising requires careful calibration of T (e.g., 1000), the number of discrete denoising timesteps, without any flexibility to skip or subsample.\n\nMain Contributions. To address these limitations, we introduce a novel information-theoretic Discrete Poisson Diffusion Model (ItDPDM). As shown in [Figure 1,](#page-1-0) contrary to Gaussian diffusion, ItDPDM directly models discrete non-negative data using a Poisson process, avoiding the necessity for any soft discretization or dequantization. Contrary to variational DTDS models like LTJ [\\[20\\]](#page-10-15), ItDPDM provides improved, closed-form likelihood estimates while maintaining competitive generation quality. Our main contributions are summarized as follows:\n\n- We propose ItDPDM, a novel generative framework based on a Poisson diffusion process for modeling non-negative discrete data. Unlike prior approaches relying on variational ELBO objectives, ItDPDM enables a likelihood-consistent objective with tractable 1-D quadrature, bypassing the limitations of variational inference.\n- We introduce the information-theoretic *Poisson Reconstruction Loss (PRL)*, a Bregman divergence [\\[21\\]](#page-10-16) tailored to Poisson processes and establish its exact relation to negative loglikelihood (NLL) via the I-MPRL identity in Eq. [\\(17\\)](#page-5-0), enabling non-variational optimization of discrete probability mass functions (PMFs).\n- Experiments on synthetic datasets with varied data distributions show that ItDPDM outperforms earlier baselines in Wasserstein-1 distance and log-likelihood (NLL). ItDPDM's discrete Poisson-based diffusion generalizes well beyond Poisson distributed data.\n\n![](_page_1_Picture_7.jpeg)\n\nFigure 2: Unconditional image samples generated by ItDPDM\n\n![](_page_1_Figure_9.jpeg)\n\nFigure 3: Gaussian diffusion fails to accurately learn the discrete probability density\n\n![](_page_2_Figure_0.jpeg)\n\nFigure 4: Comparison of Gaussian (top) and Poisson diffusion processes (bottom).\n\n We also provide closed-form upper bounds on the negative log-likelihood (NLL) and an importance-sampling estimator for efficient training, ensuring scalability to highdimensional settings. Empirically, ItDPDM achieves significantly lower NLL estimates on CIFAR-10 and Lakh MIDI datasets while maintaining competitive generation quality.\n\nThis work presents a proof-of-concept for information-theoretic discrete Poisson diffusion models, showing initial gains over baselines in modeling discrete, positive-valued data. It serves as a first step toward principled diffusion modeling in discrete domains, not a state-of-the-art solution."
      },
      {
        "heading": "2 Information-Theoretic Diffusion",
        "text": "We briefly revisit the Information-Theoretic Gaussian Diffusion (ITDiff) framework from [12], which helps us draw parallels to ItDPDM in Sec 3. The Gaussian noise channel is defined as\n\n$$z_{\\gamma} = \\sqrt{\\gamma}x + \\epsilon, \\ \\epsilon \\sim \\mathcal{N}(0, I),$$\n\nwith signal-to-noise ratio (SNR) parameter ' $\\gamma$ ' and data distribution p(x)."
      },
      {
        "heading": "3 ItDPDM: Information-Theoretic Poisson Diffusion",
        "text": "**Poisson Noise Channel:** We define the canonical Poisson noise channel: given a non-negative input  $x \\ge 0$ , the output  $z_{\\gamma}$  is drawn from  $\\mathcal{P}(\\gamma x)$ , where  $\\gamma$  denotes the SNR. The conditional PMF is\n\n$$P(z_{\\gamma}|x) = \\frac{(\\gamma x)^{z_{\\gamma}} e^{-\\gamma x}}{z_{\\gamma}!}, \\ z_{\\gamma} \\in \\mathbb{N}_0, \\tag{4}$$\n\nwhere  $\\mathcal{P}(\\cdot)$  denotes the Poisson distribution. This setup is motivated by Poisson channels arising in direct-detection optical systems [23, 24], where photon counts follow a Poisson process with rate determined by a combination of signal intensity and device-induced dark current [25].\n\n**Diffusion with Poisson Noise:** We propose an information-theoretic Poisson diffusion process, where a source  $x \\sim p(x)$  is corrupted at SNR  $\\gamma$  via  $z_{\\gamma} \\sim \\mathcal{P}(\\gamma x)$ , producing discrete, non-negative integers at each step. Unlike Gaussian noise, Poisson corruption is non-additive and not source-separable, making denoising more challenging. Figure 4 contrasts Gaussian and Poisson diffusion: Gaussian begins from white noise, whereas Poisson diffusion starts from a black image with zero photons.\n\n**Poisson Reconstruction Loss (PRL):** The function  $l_0(x) = x \\log x - x + 1$ , x > 0 (where  $\\log$  denotes the natural logarithm) is the convex conjugate of the Poisson distribution's  $\\log$  moment generating function (proof in App. D.1) and often arises naturally in the analysis of continuous and discrete-time jump Markov processes [20, 26] and for mutual information estimation in the Poisson channel [27]. Building on this, we define the **poisson reconstruction loss**  $l(x, \\hat{x})$  as:\n\n$$l(x,\\hat{x}) = \\hat{x}l_0(x/\\hat{x}) = x\\log\\left(\\frac{x}{\\hat{x}}\\right) - x + \\hat{x},\\tag{5}$$\n\nAnalogous to the MMSE, we also define the minimum poisson reconstruction loss (MPRL) as:\n\n$$\\operatorname{mprl}(\\gamma) \\equiv \\min_{\\hat{\\boldsymbol{x}}(\\boldsymbol{z}_{\\gamma}, \\gamma)} E_{P(\\boldsymbol{z}_{\\gamma}, \\boldsymbol{x})} \\left[ l(\\boldsymbol{x}, \\hat{\\boldsymbol{x}}(\\boldsymbol{z}_{\\gamma}, \\gamma)) \\right], \\tag{6}$$\n\nwhere  $\\hat{x}(z_{\\gamma}, \\gamma)$  denotes the denoiser. The optimal denoiser  $\\hat{x}^*$  is the conditional expectation  $E[X|Z_{\\gamma}]$  using the fact that the Poisson reconstruction loss is a Bregman divergence [28] (proof in App.D.1).\n\n\n$$\\hat{\\boldsymbol{x}}^*(z_{\\gamma}, \\gamma) \\equiv \\arg\\min \\operatorname{mprl}(\\gamma) = E_{\\boldsymbol{x} \\sim P(\\boldsymbol{x}|z_{\\gamma})}[\\boldsymbol{x}] \\tag{7}$$\n\nThe analytical solution is typically intractable due to the need to sample from the Poisson noise channel's posterior. We next highlight key properties [29] of this loss, showing it is a natural fit for evaluating reconstruction of non-negative data, analogous to squared error in the Gaussian case.\n\n**Lemma 1** (Poisson Reconstruction Loss). The loss function  $l(x,\\hat{x})$  satisfies the following properties:\n\n- 1. Non-negativity:  $l(x, \\hat{x}) \\geq 0$ , with equality if and only if  $x = \\hat{x}$ .\n- 2. Convexity:  $l(x, \\hat{x})$  is convex in  $\\hat{x}$  for each fixed x, and in x for each fixed  $\\hat{x}$ .\n- 3. Scaling: For any  $\\alpha > 0$ ,  $l(\\alpha x, \\alpha \\hat{x}) = \\alpha l(x, \\hat{x})$ .\n- 4. Unboundedness for underestimation: For any x > 0,  $\\lim_{\\hat{x} \\to 0^+} l(x, \\hat{x}) = \\infty$ .\n- 5. Optimality of Conditional Expectation: For any non-negative random variable X with  $E[X \\log^+ X] < \\infty$ , the conditional expectation E[X|Y] uniquely minimizes the expected loss  $E[l(X, \\hat{x})]$ .\n\nConvexity makes the loss amenable to gradient-based methods. Property 4 penalizes underestimation, making  $l(x,\\hat{x})$  well-suited for non-negative data, unlike common loss functions (absolute/squared error). Figure 5 illustrates the behavior of the proposed PRL. As per Lemma 1, the conditional expectation E[X|Y] uniquely minimizes the expected \"mprl\" loss function.\n\nConditional Expectation for Poisson Channel We define the angle bracket operator X as conditional expectation given  $Z_{\\gamma}$ :  $\\langle X \\rangle = E[X|Z_{\\gamma}]$ \n\n![](_page_3_Figure_16.jpeg)\n\nFigure 5: Poisson Reconstruction Loss (PRL): (a) vs. denoised pixel  $\\hat{x}$ , for fixed ground truth pixel 1; (b) vs. ground truth pixel x, for fixed denoised output 1.\n\nUnlike the linear Gaussian case, Poisson has a non-linear  $\\langle X \\rangle$ , making Poisson-based denoising fundamentally more complex. Nevertheless, it becomes linear under certain conditions, let  $\\langle X \\rangle_z$  denote  $\\langle X \\rangle$  evaluated at  $Z_{\\gamma} = z$  then:\n\n**Lemma 2** (Linearity in Poisson Channel). Let  $Z_{\\gamma} = \\mathcal{P}(\\gamma X)$ . Then,  $\\langle X \\rangle_z = az + b$ , if and only if  $X \\sim Gam\\left(\\frac{1-\\gamma a}{a}, \\frac{b}{a}\\right)$  for any  $0 < a < \\frac{1}{\\gamma}$  and b > 0. Though Poisson analysis is complex, it simplifies here since the Gamma distribution is its conjugate\n\nThough Poisson analysis is complex, it simplifies here since the Gamma distribution is its conjugate prior [30], yielding a linear conditional variance (see App. D.2). This contrasts with the Gaussian case, where conditional variance is constant. We now revisit the squared error loss  $\\ell_{SE}(x,\\hat{x}) = (x-\\hat{x})^2$ , which satisfies for any finite-variance X:\n\n$$E[\\ell_{SE}(X,\\hat{x})] = E[\\ell_{SE}(X,E[X])] + \\ell_{SE}(E[X],\\hat{x})$$\n(8)\n\nOur Poisson reconstruction loss (PRL) has a similar property stated below ([29]).\n\nLemma 3. *For any non-negative random variable* X *with* E[X log<sup>+</sup> X] < ∞*, and any* xˆ ∈ [0, ∞)*,*\n\n$$E[l(X,\\hat{x})] = E[l(X, E[X])] + l(E[X], \\hat{x})$$\n(9)\n\nA result that immediately follows from Lemma [\\(3\\)](#page-4-0), when combined with the non-negativity property in Lemma [1,](#page-3-1) is that E[X] uniquely minimizes E [l(X, xˆ)] over all xˆ:\n\n$$\\min_{\\hat{x}} E[l(X, \\hat{x})] = E[l(X, E[X])] = E[X \\log X] - E[X] \\log E[X]. \\tag{10}$$\n\nInterestingly, in Poisson channels, this estimator depends only on the marginal distribution of Zγ, a property formalized by the *Turing-Good-Robbins* formula [\\[31,](#page-11-8) [32\\]](#page-11-9). This result closely relates to the Discrete Universal Denoiser (DUDE) [\\[33\\]](#page-11-10), which estimates discrete signals from noisy observations.\n\nLemma 4 (Optimal Estimator in Poisson Channel). *Let* Z<sup>γ</sup> = P(γX)*. Then, for every* γ > 0*,*\n\n$$\\langle X \\rangle_z = \\frac{1}{\\gamma} \\frac{(z+1)P_{Z_{\\gamma}}(z+1)}{P_{Z_{\\gamma}}(z)}, \\quad z = 0, 1, \\dots$$\n (11)\n\nThe PRL objective provides a principled objective for modeling non-negative discrete data, directly modeling PMFs and avoiding quantization artifacts inherent in squared error loss, which assumes continuous outputs. The pointwise denoising relation for the Poisson channel is: (proof in App.F)\n\n\n$$\\frac{d}{d\\gamma}D_{KL}\\left[P(z_{\\gamma}|x) \\parallel P(z_{\\gamma})\\right] = \\operatorname{mprl}(x,\\gamma),\\tag{12}$$\n\nwhere p(zγ) = R p(zγ|x)p(x)dx is the marginal distribution, and pointwise MPRL is defined as:\n\n$$\\operatorname{mprl}(x,\\gamma) \\equiv E_{P(z_{\\gamma}|x)} \\left[ l\\left(x, \\hat{x}^*(z_{\\gamma}, \\gamma)\\right) \\right] \\tag{13}$$\n\nThe pointwise MPRL is the MPRL evaluated at a fixed x, and its expectation over p(x) recovers the total MPRL. Taking expectation wrt x in Eq. [\\(12\\)](#page-4-1) recovers the I-MPRL relation in Eq. [\\(14\\)](#page-4-2). Moreover, for a mismatched denoiser [\\[29\\]](#page-11-6), integrating the excess pointwise loss over γ equals the KL divergence between the true and mismatched channel outputs (via Eq. [\\(12\\)](#page-4-1)).\n\nI-MPRL identity: Following the foundational result of [\\[22\\]](#page-10-17), which relates the mutual information derivative to MMSE in Gaussian channels, [\\[12\\]](#page-10-7) leverages this identity in generative modeling. Analogously, we establish the I-MPRL identity for the Poisson channel, as follows:\n\n\n$$\\frac{d}{d\\gamma}I(x;z_{\\gamma}) = \\text{mprl}(\\gamma). \\tag{14}$$\n\nA similar result holds for the derivative with respect to the *dark current* in a general Poisson channel. Using the incremental channel technique from [\\[22\\]](#page-10-17), we derive both results in App. [D.3.](#page-32-0) This enables exact relations between the proposed PRL objective and the likelihood, offering an *informationtheoretic justification for Poisson diffusion*. Detailed proofs of Lemmas [1](#page-3-1)[–4](#page-4-3) are provided in App. [D.2,](#page-27-0) along with Lemmas 5 and 6, stated and proved therein.\n\nThermodynamic Integration for Variational Bound: The pointwise denoiser yields a log-likelihood expression akin to the variational bound. Unlike traditional methods that rely on expensive sampling, diffusion models leverage the structure of the noise for efficient sampling at arbitrary noise levels [\\[34\\]](#page-11-11). Letting P(zγ|x) ∼ P(γx), using thermodynamic integration method from [\\[35,](#page-11-12) [36\\]](#page-11-13) yields:\n\n$$\\int_{\\gamma_0}^{\\gamma_1} \\frac{d}{d\\gamma} D_{KL}[P(z_\\gamma | x) \\parallel P(z_\\gamma)] d\\gamma = -\\int_{\\gamma_0}^{\\gamma_1} \\operatorname{mprl}(x, \\gamma) d\\gamma, \\tag{15}$$\n\nwhere mprl(x, γ) ≡ Ep(z<sup>γ</sup> <sup>|</sup>x) [l(x, xˆ ∗ (zγ, γ))] is the pointwise MPRL for Poisson denoising. The true (exact) log-likelihood is given by:\n\n\n$$-\\log P(x) = \\underbrace{D_{KL}[P(z_{\\gamma_1}|x) \\parallel P(z_{\\gamma_1})]}_{\\text{Prior loss}} + \\underbrace{E_P[-\\log P(x|z_{\\gamma_0})]}_{\\text{Reconstruction loss}} - \\underbrace{\\int_{\\gamma_0}^{\\gamma_1} \\mathsf{mprl}(x,\\gamma) \\, d\\gamma}_{\\text{Diffusion loss}}$$\n(16)\n\nWe also outline a possible extension of the proposed Continuous-Time Discrete-State Poisson Diffusion to a Continuous-Time Continuous-State equivalent of [\\[12\\]](#page-10-7) in App. [G.](#page-43-0)\n\nDiscrete Probability Estimation via MPRL: We derive a novel discrete probability estimator in the Poisson channel setting, where x ∼ P(x) and Z<sup>γ</sup> ∼ P(γx). In the limits γ<sup>0</sup> → ∞ and γ<sup>1</sup> → 0, both the prior and reconstruction loss vanish, which yields the following tractable expression:\n\n$$D_{KL}[P(z_{\\gamma_1}|x)||P(z_{\\gamma_1})] + E_{P(z_{\\gamma_0}|x)}[-\\log P(x|z_{\\gamma_0})] = 0.$$\n\nand, therefore Eq. 16 yields an exact likelihood relation:\n\n\n$$-\\log P(x) = \\int_0^\\infty \\operatorname{mprl}(x, \\gamma) \\, d\\gamma \\implies \\boxed{E[-\\log P(x)] = \\int_0^\\infty \\operatorname{mprl}(\\gamma) \\, d\\gamma}$$\n (17)\n\nIn practice, we use importance-sampling quadrature for this, yielding an unbiased estimate. Conventional diffusion incurs two levels of approximation: a) the ELBO (surrogate) loss replaces the true log-likelihood, and b) Monte-Carlo quadrature (or the integral). Our formulation eliminates the first level to work with the true data likelihood.\n\nTo obtain an expression resembling the variational bound, taking an expectation in  $x \\sim P(x)$  gives:\n\n$$\\begin{split} E[-\\log P(x)] &= E\\left[\\int_0^\\infty \\operatorname{mprl}(x,\\gamma)\\,d\\gamma\\right] = \\int_0^\\infty E[\\operatorname{mprl}(x,\\gamma)]d\\gamma = \\int_0^\\infty E[l(X,\\hat{X}^*)]\\,d\\gamma \\\\ &= \\int_0^\\infty E\\left[X\\log X - E[X|Z_\\gamma]\\log E[X|Z_\\gamma]\\right]\\,d\\gamma = \\int_0^\\infty E\\left[X\\log\\frac{X}{E[X|Z_\\gamma]}\\right]\\,d\\gamma, \\end{split}$$\n\nhere,  $\\ddot{X}^*(X,\\gamma) = E[X|Z_\\gamma]$  denotes the optimal estimator. This section establishes a tractable, non-variational estimator for discrete distributions in the Poisson channel by connecting the MPRL objective to the true data likelihood. We also present in App. F.1 an equivalent score matching formulation using a Poisson-adapted version of *Tweedie's formula* denoising. Additionally, App. H provides a comprehensive comparison between ItDPDM (ours) and LTJ [20].\n\nExtension to Multivariate settings: While the current framework considers a univariate setting, this can naturally be extended to the vector Poisson channel under mild regularity. Let X,  $\\lambda \\in \\mathbb{R}^d_+$ ,  $\\gamma \\in \\mathbb{R}^{d \\times d}_+$ , and  $Z|X \\sim \\Pi^d_{i=1} \\mathrm{Pois}((\\gamma X)_i + \\lambda_i)$ . In this case, the I-MPRL identities (Eq. 14) hold component-wise [37]. Consequently, all results in this work effectively carry over to the multivariate setting by replacing scalars with vectors and sums with inner products (or traces). For empirical validation, we also provide toy 2D experiments in App. C.5."
      },
      {
        "heading": "4 Numerical Details",
        "text": "**MPRL Upper Bound:** A key challenge is the inaccessibility of the posterior distribution in Eq. (7). To bound the intractable marginal likelihood, we compare our (suboptimal) neural denoiser  $\\hat{X}(Z_{\\gamma}, \\gamma)$  with the intractable optimal conditional expectation  $\\hat{X}^*$ . This reformulates the expected loss entirely in terms of  $\\hat{X}(Z_{\\gamma}, \\gamma)$  from the Poisson diffusion model: (proof in App. A.1)\n\n\n$$E[-\\log P(x)] = \\int_0^\\infty \\operatorname{mprl}(\\gamma) \\, d\\gamma \\, \\le \\, \\int_0^\\infty \\mathbb{E}[\\ell(X, \\hat{X})] \\, d\\gamma \\tag{18}$$\n\nIt is important to note that the likelihood (NLL) upper bound in Eq. (18) is empirical, capturing the suboptimality of the learned neural denoiser. Eq. (17) yields an exact theoretical expression for the likelihood (NLL), unlike variational diffusion models, which introduce two layers of approximation: first via the ELBO, and then through an upper bound on the denoiser.\n\n**Parametrization:** To ensure stability across SNR levels, we reparameterize the Poisson observation  $Z_{\\gamma} \\sim \\mathcal{P}(\\gamma X)$  to mitigate mean and variance explosion. Instead of feeding  $Z_{\\gamma}$  directly into the neural network, we define the normalized  $\\tilde{Z}_{\\gamma} = Z_{\\gamma}/(1+\\gamma)$ , keeping it within [0,X] with high probability. This transformation preserves interpretability: at high SNR,  $E[\\tilde{Z}_{\\gamma}] \\approx X$ , while at low SNR  $(\\gamma \\to 0)$ , it tends to zero, aligning with Poisson behavior. We input  $(\\tilde{Z}_{\\gamma}, \\gamma)$  into the network in place of  $(Z_{\\gamma}, \\gamma)$ . Adopting the log-SNR parameterization  $\\alpha = \\log \\gamma$ , we get:\n\nAdopting the log-SNR parameterization \n$$\\alpha = \\log \\gamma$$\n, we get:\n$$E[-\\log P(x)] = \\int_{-\\infty}^{\\infty} e^{\\alpha} \\operatorname{mprl}(\\alpha) \\, d\\alpha \\le \\int_{-\\infty}^{\\infty} e^{\\alpha} E[l(X, \\hat{X})] \\, d\\alpha. \\tag{19}$$\n\nFor details on efficient numerical integration of this expression, see App. A.2.\n\n**MPRL Tail Bounds:** Since the integration on the RHS of Eq.(19) is intractable, we identify a finite integration range  $(\\alpha_0, \\alpha_1)$  beyond which the contribution becomes negligible. The RHS of Eq. (19) can thus be written in terms of ' $\\alpha$ ' as:\n\n$$= \\int_{\\alpha_0}^{\\alpha_1} e^{\\alpha} \\mathrm{mprl}(\\alpha) d\\alpha + \\left( \\int_{-\\infty}^{\\alpha_0} + \\int_{\\alpha_1}^{\\infty} \\right) e^{\\alpha} \\mathrm{mprl}(\\alpha) d\\alpha \\leq \\int_{\\alpha_0}^{\\alpha_1} e^{\\alpha} E[l(X, \\hat{X})] \\, d\\alpha + f(\\alpha_0, \\alpha_1)$$"
      },
      {
        "heading": "5 Experiments",
        "text": "We begin by evaluating on synthetic datasets exhibiting sparsity, skewness, and overdispersion: settings where Gaussian diffusion models often underperform, along with extreme distributions like Zipf where LTJ [20] underperforms. These experiments help empirically validate ItDPDM by i) recovering ground-truth likelihood (NLL) and ii) improving modeling of discrete, non-negative data. We then evaluate ItDPDM on real-world domains like CIFAR10 (images) and Lakh MIDI (symbolic music), where discrete structure is inherent. ItDPDM consistently achieves superior likelihood estimates and competitive generation quality, as evidenced by domain-specific metrics."
      },
      {
        "heading": "5.1 Synthetic Data",
        "text": "We consider various synthetic distributions containing univariate non-negative data x grouped into two broad categories: discrete  $x \\in \\mathbb{N}$ , and continuous  $x \\in [0, \\infty]$  to mimic distributions exhibiting either sparse, heavy-tailed, skewed, zero-inflated or overdispersed behaviour.\n\n**Discrete counts** ( $x \\in \\mathbb{N}$ ): We generate six synthetic distributions capturing key real-world behaviors: PoissMix (airport arrivals), ZIP, NBinomMix (forum activity), BNB, and two heavy-tailed laws: Zipf and Yule-Simon (word frequencies). These cover bimodality, overdispersion, and long tails. Distribution parameters are listed in Table 5 in Appendix, with design details in App. C.1.\n\n**Continuous non-negative**  $(x \\in [0, \\infty))$ : We also include six skewed continuous densities—Gamma, Log-Normal, Lomax, Half-Cauchy, Half-t, and Weibull—described in App. C.4.\n\n| Table 1. | Metrics for | synthetic de | atacets (  lowe | r is better). I | Rold indicates best |\n|----------|-------------|--------------|-----------------|-----------------|---------------------|\n|          |             |              |                 |                 |                     |\n\n\n\n|              | WD              |                              |                              |          | NLL  | ,2     |      |\n|--------------|-----------------|------------------------------|------------------------------|----------|------|--------|------|\n| Distribution | DDPM            | ItDPDM                       | LTJ                          | True NLL | DDPM | ItDPDM | LTJ  |\n| PoissMix     | $3.76 \\pm 0.32$ | $0.99 \\pm 0.15$              | $1.21 \\pm 0.30$              | 3.80     | 4.24 | 3.72   | 3.69 |\n| ZIP          | $2.31 \\pm 0.66$ | $\\boldsymbol{0.56 \\pm 0.43}$ | $0.69 \\pm 0.24$              | 2.13     | 1.67 | 2.22   | 2.30 |\n| NBinomMix    | $4.89 \\pm 0.59$ | $1.39 \\pm 0.37$              | $1.15 \\pm 0.41$              | 0.87     | 1.84 | 1.43   | 1.30 |\n| BNB          | $1.89 \\pm 0.45$ | $0.67 \\pm 0.23$              | $\\boldsymbol{0.65 \\pm 0.32}$ | 2.06     | 2.56 | 1.87   | 2.01 |\n| Zipf         | $1.51 \\pm 0.53$ | $\\boldsymbol{0.48 \\pm 0.13}$ | $0.73 \\pm 0.25$              | 1.57     | 1.34 | 1.70   | 1.77 |\n| YS           | $0.32 \\pm 0.12$ | $\\boldsymbol{0.14 \\pm 0.03}$ | $0.17 \\pm 0.06$              | 0.94     | 1.39 | 0.79   | 0.76 |\n\n**Model Architecture:** The neural denoiser model for all (discrete, continuous) cases uses a similar architecture (ConditionalMLP) to ensure fair comparison: a 3-layer MLP with 64 hidden units, LayerNorm, Leaky-ReLU activations (slope = 0.2). Further training details can be found in App. C.2. To maintain computational tractability, most distributions are truncated at 50. For each distribution, we draw 50,000 i.i.d. samples to form the training data and generate 50,000 samples for each run.\n\nMetrics and results: We report Wasserstein-1 distance (WD) and negative log-likelihood (NLL) between empirical distributions of generated and test samples (see App. C.2). Table 1 summarizes these metrics for ItDPDM and all baselines. To illustrate the quality of PMF modeling, Figure 6 overlays the true and generated PMFs across all discrete datasets. As shown, ItDPDM consistently outperforms DDPM (trained with MSE) across all datasets, achieving lower WD and NLL estimates that closely align with the true values. It further outperforms LTJ in 4 out of 6 datasets, demonstrating strong generalization of ItDPDM across diverse distributions, beyond just Poisson-mixture datasets. In contrast, LTJ performs well primarily on binomial-related datasets, which are well-suited to its variational count-thickening loss. More details on PMF estimation are in App. C.3.\n\n![](_page_7_Figure_4.jpeg)\n\nFigure 6: Comparison of true and generated probability distributions"
      },
      {
        "heading": "5.2 Real-World Data",
        "text": "We evaluate ItDPDM on two discrete datasets: CIFAR-10 images and Lakh MIDI (LMD) symbolic music and compare against existing baselines: Improved DDPM (IDDPM) [38], information-theoretic Gaussian diffusion (ITDiff) [12], discrete masking-based (D3PM) [17], and learning-to-jump (LTJ) [20]. CIFAR-10 comprises 60,000 color images  $(32 \\times 32)$  across 10 classes [39]. LMD contains 648,574 symbolic music sequences of 1024 integers: 0 (rest), 1 (continuation), and 2-89 representing note pitches [40]. Unlike [12], which fine-tunes pre-trained models, the absence of pre-trained models in our setting necessitates training from scratch. Denoiser architectures (U-Net [41], ConvTransformer [17], DenseDDPM [42]) are discussed in App. B.3."
      },
      {
        "heading": "5.3 Performance Comparison: Negative Log Likelihood (NLL)",
        "text": "Two architectural variants from **DDPM** [13] and **IDDPM** [38] are used. Table 2 reports test-set NLLs on a CIFAR-10 subset, comparing **ItDPDM** to relevant baselines: (1) ITDiff [12], which fine-tunes pretrained Gaussian DDPM/IDDPM models, and (2) Gaussian + MSE, where DDPM/IDDPM models are trained from scratch using the ITDiff objective, ensuring a fair comparison. ItDPDM (Poisson + PRL) consistently achieves the lowest NLL across both backbones, with IDDPM slightly outperforming DDPM. These results underscore the effectiveness of Poisson diffusion and PRL for modeling discrete, non-negative data without requiring dequantization. Figure 7 shows denoising\n\n\n\n| Noising + Objective   | DDPM | IDDPM |\n|-----------------------|------|-------|\n| ITDiffa               | 2.97 | 0.86  |\n| Gaussian + MSE        | 0.44 | 0.48  |\n| Gaussian + PRL        | 0.27 | 0.32  |\n| Poisson + MSE         | 0.23 | 0.22  |\n| ItDPDM: Poisson + PRL | 0.18 | 0.17  |\n\n| Noising + Objective   | NLL (total data)    |\n|-----------------------|---------------------|\n| Gaussian + MSE        | 0.51                |\n| ItDPDM: Poisson + PRL | 4.61 × 10−5         |\n| Noising + Objective   | NLL (without rests) |\n| Gaussian + MSE        | 1.41                |\n| ItDPDM: Poisson + PRL | 0.23                |\n\nTable 2: (a) (Left) CIFAR10 (image) test-set NLL; (b) (Right) LMD (music) test-set NLL.\n\n![](_page_8_Figure_4.jpeg)\n\nFigure 7: (a) Test MSE vs. logSNR for Gaussian diffusion; (b) Test PRL vs. logSNR for ItDPDM; (c) Training loss under Gaussian noise vs. PRL for 1D music; (d) Training loss under Gaussian noise vs. PRL for 2D images\n\nloss curves across SNRs: MSE for ITDiff and Gaussian + MSE [\\(Figure 7a](#page-8-1)), and PRL for ItDPDM [\\(Figure 7b](#page-8-1)). PRL remains lower at low SNRs, consistent with the NLL improvements observed in [Table 2.](#page-8-0) Similar trends are seen on symbolic music [\\(Table 2b](#page-8-0)), where ItDPDM achieves even larger NLL reductions, further demonstrating its suitability for discrete generative modeling."
      },
      {
        "heading": "5.4 Performance Comparison: Generation Quality",
        "text": "Next, for evaluating generation quality of the generated images and music, we use domain-specific metrics: Structural Similarity Index Measure [\\[43\\]](#page-12-2), and Fréchet Inception distance (FID) [\\[44\\]](#page-12-3) for generated images; Fréchet Audio distance (FAD) [\\[45\\]](#page-12-4), Consistency (C) [\\[46\\]](#page-12-5), Mel-Spectrogram Inception Distance (MSID) [\\[47\\]](#page-12-6) and Wasserstein Distance (WD) [\\[48\\]](#page-12-7) for generated music. As shown in [Figure 2,](#page-1-1) ItDPDM can generate realistic-looking natural images. Due to the limited computational budget available for training, the raw metrics for all models are lower than their reported values in IDDPM [\\[38\\]](#page-11-15) and LTJ [\\[20\\]](#page-10-15). The relative performance of the models gives us the necessary insights: for image generation, IDDPM[\\[38\\]](#page-11-15) achieves the best FID, with ItDPDM ranking second. In symbolic music, D3PM with categorical masking obtains the lowest FAD. ItDPDM outperforms LTJ for both image and symbolic music cases, by virtue of our exact likelihood estimation, as opposed to LTJ's variational relative entropy loss. Further details along with generated piano rolls are in App. B.\n\nTable 3: Domain-specific generative quality metrics. Image: FID, SSIM; Audio: FAD, C, MSID, WD. FID values indicate dB increase (worse) from DDPM[\\[13\\]](#page-10-8) baseline\n\n| Baseline  | Image    |      |      |      | Audio |      |\n|-----------|----------|------|------|------|-------|------|\n|           | FID (dB) | SSIM | FAD  | C    | MSID  | WD   |\n| DDPM [13] | 0        | 0.93 | 0.89 | 0.91 | 0.82  | 2.83 |\n| LTJ [20]  | 0.30     | 0.90 | 0.66 | 0.92 | 0.71  | 2.23 |\n| D3PM [17] | 2.93     | 0.86 | 0.61 | 0.98 | 0.59  | 1.99 |\n| ItDPDM    | 0.18     | 0.91 | 0.64 | 0.94 | 0.67  | 2.14 |"
      },
      {
        "heading": "5.5 Cross Training Paradigm",
        "text": "To isolate the benefits of Poisson diffusion and PRL objective, we perform cross-training: Gaussian + PRL and Poisson + MSE. As shown in [Table 2\\(](#page-8-0)a), ItDPDM (Poisson + PRL) yields the best NLL, confirming PRL's suitability for Poisson diffusion. Notably, Gaussian + PRL also outperforms Gaussian + MSE, suggesting PRL's broader effectiveness on discrete data. Moreover, ItDPDM converges faster and reaches lower loss than its Gaussian counterpart, as shown in ( [Figure 7c](#page-8-1)–d). We further validate the I–MPRL identity (Eq. [14\\)](#page-4-2) by comparing area-under-loss curves and final losses, finding close numerical similarities between the Poisson and Gaussian models, and aligning with the theoretical formulation.\n\n*a* checkpoint models provided by [\\[12\\]](#page-10-7) directly used"
      },
      {
        "heading": "6 Limitations and Future Work",
        "text": "Despite its theoretical strengths, performance benefits on diverse discrete distributions, and competitive empirical results, ItDPDM remains a proof of concept and does not yet match state-of-the-art performance in real-world generative tasks. As discussed in [5.4,](#page-8-3) these performance gaps are partly due to limited training and architectural tuning, with details provided in App. B. Additionally, logistic sampling parameters are fixed a priori without extensive hyperparameter tuning. We believe that longer training schedules (3000+ epochs), systematic hyperparameter sweeps (e.g., number of log-SNR steps), and targeted ablations could substantially improve ItDPDM's performance. Following prior (related) work [\\[12,](#page-10-7) [13,](#page-10-8) [17,](#page-10-12) [49\\]](#page-12-8), we also limit evaluation to unconditional generation on the training distribution; exploring conditional generation and robustness under prior misspecification or OOD generation remains a promising direction for future work."
      },
      {
        "heading": "7 Related Work",
        "text": "Diffusion models are widely used in generative and restoration tasks [\\[38,](#page-11-15) [50\\]](#page-12-9), grounded in denoising autoencoders [\\[51\\]](#page-12-10), variational inference [\\[2\\]](#page-9-1), and score-based SDEs [\\[49\\]](#page-12-8). Recent works add information-theoretic insights [\\[12\\]](#page-10-7), linking mutual information and MMSE [\\[22\\]](#page-10-17) to likelihood bounds. Non-Gaussian extensions via annealed score matching [\\[52,](#page-12-11) [53\\]](#page-12-12) and score-based SDEs [\\[54\\]](#page-12-13) enhance theoretical rigor. In the discrete setting, Blackout Diffusion[\\[55\\]](#page-12-14) and Beta Diffusion[\\[56\\]](#page-12-15) use irreversible priors without tractable likelihoods. SEDD[\\[57\\]](#page-12-16) uses score-entropy loss for token-level modeling but inherits ELBO-based approximations and lacks exact likelihood. LTJ[\\[20\\]](#page-10-15) employs binomial thinning but is non-reversible and discrete-time. Our method overcomes these by using a reversible Poisson process, enabling bidirectional corruption, exact likelihood, and efficient continuous-time sampling. A more detailed discussion is provided in App. K."
      },
      {
        "heading": "8 Conclusion",
        "text": "We introduce ItDPDM, a diffusion framework for non-negative discrete data that combines a Poisson noising process with a principled Poisson Reconstruction Loss (PRL), enabling exact likelihood estimation and discrete sampling without dequantization. ItDPDM achieves lower NLL on both synthetic and real data, enhances modeling quality on varied synthetic distributions, and delivers competitive results in image and symbolic music generation. Though a proof-of-concept, ItDPDM lays a strong foundation for distribution-robust discrete generative modeling, with applications in symbolic music, low-light imaging, and other count-based domains."
      },
      {
        "heading": "9 Broader Impact",
        "text": "ItDPDM provides a principled framework for modeling a wide range of discrete, non-negative data distributions, including symbolic music, images, and skewed count data, without assuming any Gaussian or Binomial-related structure. Its grounding in a reversible Poisson process enables tractable likelihood estimation and efficient sampling, offering a robust alternative for domains with inherently discrete structure. This work may inspire future applications in low-light image reconstruction, scientific count data modeling, and generative modeling in constrained-data regimes."
      }
    ],
    "references": [
      {
        "title": "Diffusion models beat gans on image synthesis",
        "author": [
          "Prafulla Dhariwal",
          "Alexander Quinn Nichol"
        ],
        "venue": "Advances in Neural Information Processing Systems, 34:8780–8794",
        "citeRegEx": "Dhariwal et al\\\\.,? 2021",
        "shortCiteRegEx": "Dhariwal et al\\\\.",
        "year": 2021
      },
      {
        "title": "Variational diffusion models",
        "author": [
          "Durk P Kingma",
          "Tim Salimans",
          "Jonathan Ho",
          "Xi Chen"
        ],
        "venue": "Advances in Neural Information Processing Systems, 34:21696–21707",
        "citeRegEx": "Kingma et al\\\\.,? 2021",
        "shortCiteRegEx": "Kingma et al\\\\.",
        "year": 2021
      },
      {
        "title": "Hierarchical text-conditional image generation with clip latents",
        "author": [
          "Aditya Ramesh",
          "Mikhail Pavlov",
          "Gabriel Goh",
          "Scott Gray",
          "Chelsea Voss",
          "Alec Radford",
          "Mark Chen",
          "Ilya Sutskever"
        ],
        "venue": "arXiv preprint arXiv:2204.06125",
        "citeRegEx": "Ramesh et al\\\\.,? 2022",
        "shortCiteRegEx": "Ramesh et al\\\\.",
        "year": 2022
      },
      {
        "title": "Photorealistic text-to-image diffusion models with deep language understanding",
        "author": [
          "Chitwan Saharia",
          "William Chan",
          "Saurabh Saxena",
          "Lala Li",
          "Jay Whang",
          "Emily Denton",
          "Seyed Kamyar Seyed Ghasemipour",
          "Burcu Karagol Ayan",
          "Soroosh Mahdavi",
          "Raphael Lopes",
          "et al"
        ],
        "venue": "Advances in Neural Information Processing Systems, 35:12302–12314",
        "citeRegEx": "Saharia et al\\\\.,? 2022",
        "shortCiteRegEx": "Saharia et al\\\\.",
        "year": 2022
      },
      {
        "title": "High-resolution image synthesis with latent diffusion models",
        "author": [
          "Robin Rombach",
          "Andreas Blattmann",
          "Dominik Lorenz",
          "Patrick Esser",
          "Björn Ommer"
        ],
        "venue": "Proceedings of the IEEE/CVF Conference on Computer Vision and Pattern Recognition, pages 10684–10695",
        "citeRegEx": "Rombach et al\\\\.,? 2022",
        "shortCiteRegEx": "Rombach et al\\\\.",
        "year": 2022
      },
      {
        "title": "Diffwave: A versatile diffusion model for audio synthesis",
        "author": [
          "Zhifeng Kong",
          "Wei Ping",
          "Jingguang Huang",
          "Kexin Zhao",
          "Bryan Catanzaro"
        ],
        "venue": "arXiv preprint arXiv:",
        "citeRegEx": "Kong et al\\\\.,? 2009",
        "shortCiteRegEx": "Kong et al\\\\.",
        "year": 2009
      },
      {
        "title": "Medical diffusion: Denoising diffusion probabilistic models for 3d medical image generation",
        "author": [
          "Zahid Mulyukov",
          "Geoffrey Dinsdale",
          "Ben Glocker",
          "Michiel Schaap"
        ],
        "venue": "arXiv preprint arXiv:2211.02386",
        "citeRegEx": "Mulyukov et al\\\\.,? 2022",
        "shortCiteRegEx": "Mulyukov et al\\\\.",
        "year": 2022
      },
      {
        "title": "Imagen video: High definition video generation with diffusion models",
        "author": [
          "Jonathan Ho",
          "Chitwan Saharia",
          "William Chan",
          "Saurabh Saxena",
          "Aravind Srinivas",
          "Seyed Kamyar Seyed Ghasemipour",
          "Raphael Lopes",
          "Huimin Hu",
          "Ariel Barzelay",
          "Raphael Gontijo-Lopes",
          "et al"
        ],
        "venue": "arXiv preprint arXiv:2210.02303",
        "citeRegEx": "Ho et al\\\\.,? 2022",
        "shortCiteRegEx": "Ho et al\\\\.",
        "year": 2022
      },
      {
        "title": "Retrieve first, generate later: Towards retrieval-augmented text-to-image generation",
        "author": [
          "Ori Avrahami",
          "Oshri Bar-Tal",
          "Shai Shahar",
          "Sagie Benaim",
          "Tal Hassner"
        ],
        "venue": "arXiv preprint arXiv:2209.15189",
        "citeRegEx": "Avrahami et al\\\\.,? 2022",
        "shortCiteRegEx": "Avrahami et al\\\\.",
        "year": 2022
      },
      {
        "title": "Torsional diffusion for molecular conformer generation",
        "author": [
          "Bowen Jing",
          "Jakob S Eismann",
          "Victor Garcia Satorras",
          "Fabian B Fuchs"
        ],
        "venue": "arXiv preprint arXiv:2206.01729",
        "citeRegEx": "Jing et al\\\\.,? 2022",
        "shortCiteRegEx": "Jing et al\\\\.",
        "year": 2022
      },
      {
        "title": "Diffusion probabilistic modeling of protein backbones in 3d for the motif-scaffolding problem",
        "author": [
          "Brian L Trippe",
          "David Baker",
          "Regina Barzilay",
          "Tommi Jaakkola"
        ],
        "venue": "arXiv preprint arXiv:2206.04119",
        "citeRegEx": "Trippe et al\\\\.,? 2022",
        "shortCiteRegEx": "Trippe et al\\\\.",
        "year": 2022
      },
      {
        "title": "Information-theoretic diffusion, 2023",
        "author": [
          "Xianghao Kong",
          "Rob Brekelmans",
          "Greg Ver Steeg"
        ],
        "venue": "URL .",
        "citeRegEx": "Kong et al\\\\.,? 2023",
        "shortCiteRegEx": "Kong et al\\\\.",
        "year": 2023
      },
      {
        "title": "Denoising diffusion probabilistic models",
        "author": [
          "Jonathan Ho",
          "Ajay Jain",
          "Pieter Abbeel"
        ],
        "venue": "Advances in Neural Information Processing Systems, 33:6840–6851",
        "citeRegEx": "Ho et al\\\\.,? 2020",
        "shortCiteRegEx": "Ho et al\\\\.",
        "year": 2020
      },
      {
        "title": "Weiss, Mohammad Norouzi, Najim Dehak, and William Chan",
        "author": [
          "Nanxin Chen",
          "Yu Zhang",
          "Heiga Zen",
          "Ron J"
        ],
        "venue": "Wavegrad 2: Iterative refinement for text-to-speech synthesis",
        "citeRegEx": "Chen et al\\\\.,? 2021",
        "shortCiteRegEx": "Chen et al\\\\.",
        "year": 2021
      },
      {
        "title": "Hoogeboom et al",
        "author": [
          "E"
        ],
        "venue": "Categorical diffusion with gumbel-softmax. arXiv preprint arXiv:2107.08447",
        "citeRegEx": "E et al\\\\.,? 2021",
        "shortCiteRegEx": "E et al\\\\.",
        "year": 2021
      },
      {
        "title": "New york city taxi trip data, 2009–2018, 2019",
        "author": [
          "New York City Taxi",
          "Limousine Commission"
        ],
        "venue": "URL .",
        "citeRegEx": "Taxi et al\\\\.,? 2009",
        "shortCiteRegEx": "Taxi et al\\\\.",
        "year": 2009
      },
      {
        "title": "Structured denoising diffusion models in discrete state-spaces",
        "author": [
          "Jacob Austin",
          "Daniel Johnson",
          "Jonathan Ho",
          "Daniel Tarlow",
          "Rianne van den Berg",
          "Pieter Abbeel"
        ],
        "venue": "Advances in Neural Information Processing Systems, 34:17981–17993",
        "citeRegEx": "Austin et al\\\\.,? 2021",
        "shortCiteRegEx": "Austin et al\\\\.",
        "year": 2021
      },
      {
        "title": "Nguyen, Eric R",
        "author": [
          "Cindy M"
        ],
        "venue": "Chan, Alexander W. Bergman, and Gordon Wetzstein. Diffusion in the dark: A diffusion model for low-light text recognition",
        "citeRegEx": "M et al\\\\.,? 2023",
        "shortCiteRegEx": "M et al\\\\.",
        "year": 2023
      },
      {
        "title": "Discrete diffusion probabilistic models for symbolic music generation, 2023",
        "author": [
          "Matthias Plasser",
          "Silvan Peter",
          "Gerhard Widmer"
        ],
        "venue": "URL .",
        "citeRegEx": "Plasser et al\\\\.,? 2023",
        "shortCiteRegEx": "Plasser et al\\\\.",
        "year": 2023
      },
      {
        "title": "Learning to jump: Thinning and thickening latent counts for generative modeling, 2023",
        "author": [
          "Tianqi Chen",
          "Mingyuan Zhou"
        ],
        "venue": "URL .",
        "citeRegEx": "Chen et al\\\\.,? 2023",
        "shortCiteRegEx": "Chen et al\\\\.",
        "year": 2023
      },
      {
        "title": "Dhillon, and Joydeep Ghosh",
        "author": [
          "Arindam Banerjee",
          "Srujana Merugu",
          "Inderjit S"
        ],
        "venue": "Clustering with bregman divergences. Journal of Machine Learning Research, 6:1705–1749",
        "citeRegEx": "Banerjee et al\\\\.,? 2005",
        "shortCiteRegEx": "Banerjee et al\\\\.",
        "year": 2005
      },
      {
        "title": "Mutual information and minimum meansquare error in gaussian channels",
        "author": [
          "Dongning Guo",
          "Shlomo Shamai",
          "Sergio Verdú"
        ],
        "venue": "IEEE Transactions on Information Theory, 51(4):1261–1282",
        "citeRegEx": "Guo et al\\\\.,? 2005",
        "shortCiteRegEx": "Guo et al\\\\.",
        "year": 2005
      },
      {
        "title": "Poisson communication theory",
        "author": [
          "Sergio Verdú"
        ],
        "venue": "",
        "citeRegEx": "Verdú et al\\\\.,? 2004",
        "shortCiteRegEx": "Verdú et al\\\\.",
        "year": 2004
      },
      {
        "title": "Bar-David",
        "author": [
          "I"
        ],
        "venue": "Communication under the poisson regime. IEEE Transactions on Information Theory, 15(1):31–37",
        "citeRegEx": "I et al\\\\.,? 1969",
        "shortCiteRegEx": "I et al\\\\.",
        "year": 1969
      },
      {
        "title": "Shamai and A",
        "author": [
          "S"
        ],
        "venue": "D. Wyner. A binary analog to the entropy-power inequality. IEEE Transactions on Information Theory, 36(6):1428–1430",
        "citeRegEx": "S et al\\\\.,? 1990",
        "shortCiteRegEx": "S et al\\\\.",
        "year": 1990
      },
      {
        "title": "Ellis",
        "author": [
          "Paul Dupuis",
          "Richard S"
        ],
        "venue": "The large deviation principle for a general class of queueing systems i. Transactions of the American Mathematical Society, 347(8):2689–2751",
        "citeRegEx": "Dupuis et al\\\\.,? 1995",
        "shortCiteRegEx": "Dupuis et al\\\\.",
        "year": 1995
      },
      {
        "title": "S",
        "author": [
          "R"
        ],
        "venue": "Liptser and A. N. Shiryayev. Statistics of Random Processes II: Applications, volume 6 of Applications of Mathematics. Springer, Berlin, Heidelberg, 2nd edition",
        "citeRegEx": "R et al\\\\.,? 2001",
        "shortCiteRegEx": "R et al\\\\.",
        "year": 2001
      },
      {
        "title": "Banerjee, Xin Guo, and Hui Wang",
        "author": [
          "A"
        ],
        "venue": "On the optimality of conditional expectation as a bregman predictor. IEEE Transactions on Information Theory, 51(7):2664–2669",
        "citeRegEx": "A et al\\\\.,? 2005",
        "shortCiteRegEx": "A et al\\\\.",
        "year": 2005
      },
      {
        "title": "Mutual information, relative entropy, and estimation in the poisson channel, 2010",
        "author": [
          "Rami Atar",
          "Tsachy Weissman"
        ],
        "venue": "URL .",
        "citeRegEx": "Atar et al\\\\.,? 2010",
        "shortCiteRegEx": "Atar et al\\\\.",
        "year": 2010
      },
      {
        "title": "Conjugate priors for exponential families",
        "author": [
          "Persi Diaconis",
          "Donald Ylvisaker"
        ],
        "venue": "The Annals of Statistics, 7(2):269–281",
        "citeRegEx": "Diaconis et al\\\\.,? 1979",
        "shortCiteRegEx": "Diaconis et al\\\\.",
        "year": 1979
      },
      {
        "title": "J",
        "author": [
          "I"
        ],
        "venue": "Good. The population frequencies of species and the estimation of population parameters. Biometrika, 40(3-4):237–264",
        "citeRegEx": "I et al\\\\.,? 1953",
        "shortCiteRegEx": "I et al\\\\.",
        "year": 1953
      },
      {
        "title": "An empirical bayes approach to statistics",
        "author": [
          "Herbert Robbins"
        ],
        "venue": "In Proceedings of the Third Berkeley Symposium on Mathematical Statistics and Probability, volume 1, pages 157–163. University of California Press",
        "citeRegEx": "Robbins et al\\\\.,? 1956",
        "shortCiteRegEx": "Robbins et al\\\\.",
        "year": 1956
      },
      {
        "title": "Weinberger",
        "author": [
          "Tsachy Weissman",
          "Erik Ordentlich",
          "Gad Seroussi",
          "Sergio Verdu",
          "Marcelo J"
        ],
        "venue": "Universal discrete denoising: Known channel. IEEE Transactions on Information Theory, 51 (1):5–28",
        "citeRegEx": "Weissman et al\\\\.,? 2005",
        "shortCiteRegEx": "Weissman et al\\\\.",
        "year": 2005
      },
      {
        "title": "All in the exponential family: Bregman duality in thermodynamic variational inference, 2020",
        "author": [
          "Rob Brekelmans",
          "Vaden Masrani",
          "Frank Wood",
          "Greg Ver Steeg",
          "Aram Galstyan"
        ],
        "venue": "URL .",
        "citeRegEx": "Brekelmans et al\\\\.,? 2020",
        "shortCiteRegEx": "Brekelmans et al\\\\.",
        "year": 2020
      },
      {
        "title": "A monte carlo method for high dimensional integration",
        "author": [
          "Yosihiko Ogata"
        ],
        "venue": "Numer. Math., 55(2):137–157, March",
        "citeRegEx": "Ogata et al\\\\.,? 1989",
        "shortCiteRegEx": "Ogata et al\\\\.",
        "year": 1989
      },
      {
        "title": "Simulating normalizing constants: From importance sampling to bridge sampling to path sampling",
        "author": [
          "Andrew Gelman",
          "Xiao-Li Meng"
        ],
        "venue": "Statistical Science, 13(2):163–185",
        "citeRegEx": "Gelman et al\\\\.,? 1998",
        "shortCiteRegEx": "Gelman et al\\\\.",
        "year": 1998
      },
      {
        "title": "Generalized bregman divergence and gradient of mutual information for vector poisson channels",
        "author": [
          "Liming Wang",
          "Miguel Rodrigues",
          "Lawrence Carin"
        ],
        "venue": "In",
        "citeRegEx": "Wang et al\\\\.,? 2013",
        "shortCiteRegEx": "Wang et al\\\\.",
        "year": 2013
      },
      {
        "title": "Improved denoising diffusion probabilistic models",
        "author": [
          "Alexander Quinn Nichol",
          "Prafulla Dhariwal"
        ],
        "venue": "International Conference on Machine Learning, pages 8162–8171",
        "citeRegEx": "Nichol et al\\\\.,? 2021",
        "shortCiteRegEx": "Nichol et al\\\\.",
        "year": 2021
      },
      {
        "title": "Learning multiple layers of features from tiny images",
        "author": [
          "Alex Krizhevsky"
        ],
        "venue": "[https://www.cs.](https://www.cs.toronto.edu/~kriz/cifar.html) [toronto.edu/~kriz/cifar.html](https://www.cs.toronto.edu/~kriz/cifar.html)",
        "citeRegEx": "Krizhevsky et al\\\\.,? 2009",
        "shortCiteRegEx": "Krizhevsky et al\\\\.",
        "year": 2009
      },
      {
        "title": "The lakh midi dataset",
        "author": [
          "Christoph Vogl",
          "Jesse Ranzijn",
          "Ian Millwood",
          "Gabriel Essl"
        ],
        "venue": "[https:](https://colinraffel.com/projects/lmd/) [//colinraffel.com/projects/lmd/](https://colinraffel.com/projects/lmd/)",
        "citeRegEx": "Vogl et al\\\\.,? 2017",
        "shortCiteRegEx": "Vogl et al\\\\.",
        "year": 2017
      },
      {
        "title": "U-net: Convolutional networks for biomedical image segmentation",
        "author": [
          "Olaf Ronneberger",
          "Philipp Fischer",
          "Thomas Brox"
        ],
        "venue": "ArXiv, abs/1505.04597",
        "citeRegEx": "Ronneberger et al\\\\.,? 2015",
        "shortCiteRegEx": "Ronneberger et al\\\\.",
        "year": 2015
      },
      {
        "title": "Symbolic music generation with diffusion models, 2021",
        "author": [
          "Gautam Mittal",
          "Jesse Engel",
          "Curtis Hawthorne",
          "Ian Simon"
        ],
        "venue": "URL .",
        "citeRegEx": "Mittal et al\\\\.,? 2021",
        "shortCiteRegEx": "Mittal et al\\\\.",
        "year": 2021
      },
      {
        "title": "Image quality assessment: From error visibility to structural similarity",
        "author": [
          "Zhou Wang",
          "Alan C Bovik",
          "Hamid R Sheikh",
          "Eero P Simoncelli"
        ],
        "venue": "IEEE Transactions on Image Processing, 13(4): 600–612",
        "citeRegEx": "Wang et al\\\\.,? 2004",
        "shortCiteRegEx": "Wang et al\\\\.",
        "year": 2004
      },
      {
        "title": "Gans trained by a two time-scale update rule converge to a local nash equilibrium",
        "author": [
          "Martin Heusel",
          "Hubert Ramsauer",
          "Thomas Unterthiner",
          "Bernhard Nessler",
          "Sepp Hochreiter"
        ],
        "venue": "In Advances in Neural Information Processing Systems (NeurIPS), volume 30",
        "citeRegEx": "Heusel et al\\\\.,? 2017",
        "shortCiteRegEx": "Heusel et al\\\\.",
        "year": 2017
      },
      {
        "title": "Fréchet audio distance: A reference-free metric for evaluating music enhancement algorithms",
        "author": [
          "Kevin Kilgour",
          "Robin Clark",
          "Karen Simonyan",
          "Matt Sharifi"
        ],
        "venue": "In Proceedings of Interspeech, pages 2350–2354. ISCA",
        "citeRegEx": "Kilgour et al\\\\.,? 2019",
        "shortCiteRegEx": "Kilgour et al\\\\.",
        "year": 2019
      },
      {
        "title": "Symbolic music generation with diffusion models",
        "author": [
          "Gautam Mittal",
          "Jesse Engel",
          "Curtis Hawthorne",
          "Ian Simon"
        ],
        "venue": "In Proceedings of the 22nd International Society for Music Information Retrieval Conference",
        "citeRegEx": "Mittal et al\\\\.,? 2021",
        "shortCiteRegEx": "Mittal et al\\\\.",
        "year": 2021
      },
      {
        "title": "A study of evaluation metrics for music generative models",
        "author": [
          "Li-Chia Yang",
          "Szu-Yu Chou",
          "Yi-Hsuan Yang"
        ],
        "venue": "In Proceedings of the 21st International Society for Music Information Retrieval Conference (ISMIR), pages 175–182",
        "citeRegEx": "Yang et al\\\\.,? 2020",
        "shortCiteRegEx": "Yang et al\\\\.",
        "year": 2020
      },
      {
        "title": "Computational optimal transport",
        "author": [
          "Gabriel Peyré",
          "Marco Cuturi"
        ],
        "venue": "Foundations and Trends in Machine Learning, 11(5-6):355–607",
        "citeRegEx": "Peyré et al\\\\.,? 2019",
        "shortCiteRegEx": "Peyré et al\\\\.",
        "year": 2019
      },
      {
        "title": "Score-based generative modeling through stochastic differential equations",
        "author": [
          "Yang Song",
          "Jascha Sohl-Dickstein",
          "Durk P Kingma",
          "Abhishek Kumar",
          "Stefano Ermon",
          "Ben Poole"
        ],
        "venue": "arXiv preprint arXiv:",
        "citeRegEx": "Song et al\\\\.,? 2011",
        "shortCiteRegEx": "Song et al\\\\.",
        "year": 2011
      },
      {
        "title": "Repaint: Inpainting using denoising diffusion probabilistic models",
        "author": [
          "Andreas Lugmayr",
          "Martin Danelljan",
          "Andres Romero",
          "Fisher Yu",
          "Radu Timofte",
          "Luc Van Gool"
        ],
        "venue": "Proceedings of the IEEE/CVF Conference on Computer Vision and Pattern Recognition, pages 11461–11471",
        "citeRegEx": "Lugmayr et al\\\\.,? 2022",
        "shortCiteRegEx": "Lugmayr et al\\\\.",
        "year": 2022
      },
      {
        "title": "A connection between score matching, denoising autoencoders and density estimation",
        "author": [
          "Pascal Vincent"
        ],
        "venue": "Advances in Neural Information Processing Systems, 24",
        "citeRegEx": "Vincent et al\\\\.,? 2011",
        "shortCiteRegEx": "Vincent et al\\\\.",
        "year": 2011
      },
      {
        "title": "Hyvärinen",
        "author": [
          "A"
        ],
        "venue": "Estimating the gradients of the log-density. In Advances in Neural Information Processing Systems (NeurIPS)",
        "citeRegEx": "A et al\\\\.,? 2005",
        "shortCiteRegEx": "A et al\\\\.",
        "year": 2005
      },
      {
        "title": "Song and S",
        "author": [
          "Y"
        ],
        "venue": "Ermon. Generative modeling by estimating gradients of the data distribution. In Proceedings of the 32nd Conference on Neural Information Processing Systems (NeurIPS",
        "citeRegEx": "Y et al\\\\.,? 2019",
        "shortCiteRegEx": "Y et al\\\\.",
        "year": 2019
      },
      {
        "title": "Score-based generative models for high-dimensional inverse problems",
        "author": [
          "Thomas Dockhorn",
          "Hyungjin Chung",
          "Stefano Ermon",
          "Gunnar Rätsch"
        ],
        "venue": "Advances in Neural Information Processing Systems, 35:17506–17518",
        "citeRegEx": "Dockhorn et al\\\\.,? 2022",
        "shortCiteRegEx": "Dockhorn et al\\\\.",
        "year": 2022
      },
      {
        "title": "Santos, Zachary R",
        "author": [
          "Javier E"
        ],
        "venue": "Fox, Nicholas Lubbers, and Yen Ting Lin. Blackout diffusion: Generative diffusion models in discrete-state spaces. In Proceedings of the 40th International Conference on Machine Learning (ICML), volume 202 of Proceedings of Machine Learning Research, Honolulu, Hawaii, USA",
        "citeRegEx": "E et al\\\\.,? 2023",
        "shortCiteRegEx": "E et al\\\\.",
        "year": 2023
      },
      {
        "title": "Beta diffusion, 2023",
        "author": [
          "Mingyuan Zhou",
          "Tianqi Chen",
          "Zhendong Wang",
          "Huangjie Zheng"
        ],
        "venue": "URL .",
        "citeRegEx": "Zhou et al\\\\.,? 2023",
        "shortCiteRegEx": "Zhou et al\\\\.",
        "year": 2023
      },
      {
        "title": "Discrete diffusion modeling by estimating the ratios of the data distribution, 2024",
        "author": [
          "Aaron Lou",
          "Chenlin Meng",
          "Stefano Ermon"
        ],
        "venue": "URL .",
        "citeRegEx": "Lou et al\\\\.,? 2024",
        "shortCiteRegEx": "Lou et al\\\\.",
        "year": 2024
      },
      {
        "title": "Fluidsynth: Software synthesizer based on the soundfont 2 specifications",
        "author": [
          "FluidSynth Developers"
        ],
        "venue": "",
        "citeRegEx": "Developers et al\\\\.,? 2025",
        "shortCiteRegEx": "Developers et al\\\\.",
        "year": 2025
      },
      {
        "title": "The unreasonable effectiveness of deep features as a perceptual metric",
        "author": [
          "Richard Zhang",
          "Phillip Isola",
          "Alexei A Efros",
          "Eli Shechtman",
          "Oliver Wang"
        ],
        "venue": "CVPR, pages 586–595",
        "citeRegEx": "Zhang et al\\\\.,? 2018",
        "shortCiteRegEx": "Zhang et al\\\\.",
        "year": 2018
      },
      {
        "title": "Gansynth: Adversarial neural audio synthesis",
        "author": [
          "Jesse Engel",
          "Lee Hantrakul",
          "Chenjie Gu",
          "Adam Roberts"
        ],
        "venue": "In International Conference on Learning Representations (ICLR)",
        "citeRegEx": "Engel et al\\\\.,? 2019",
        "shortCiteRegEx": "Engel et al\\\\.",
        "year": 2019
      },
      {
        "title": "V",
        "author": [
          "Alex Dytso",
          "H"
        ],
        "venue": "Poor. Estimation in poisson noise: Properties of the conditional mean estimator. IEEE Transactions on Information Theory, 66(7):4304–4323",
        "citeRegEx": "Dytso et al\\\\.,? 2020",
        "shortCiteRegEx": "Dytso et al\\\\.",
        "year": 2020
      },
      {
        "title": "Properties of shannon and rényi entropies of the poisson distribution as the functions of intensity parameter, 2024",
        "author": [
          "Volodymyr Braiman",
          "Anatoliy Malyarenko",
          "Yuliya Mishura",
          "Yevheniia Anastasiia Rudyk"
        ],
        "venue": "URL .",
        "citeRegEx": "Braiman et al\\\\.,? 2024",
        "shortCiteRegEx": "Braiman et al\\\\.",
        "year": 2024
      },
      {
        "title": "Miller",
        "author": [
          "Kenneth S"
        ],
        "venue": "Mathematical Statistics: Basic Ideas and Selected Topics. Pearson Education, 2nd edition",
        "citeRegEx": "S et al\\\\.,? 2006",
        "shortCiteRegEx": "S et al\\\\.",
        "year": 2006
      },
      {
        "title": "Abramowitz and I",
        "author": [
          "M"
        ],
        "venue": "A. Stegun. Handbook of Mathematical Functions with Formulas, Graphs, and Mathematical Tables. Dover Publications",
        "citeRegEx": "M et al\\\\.,? 1964",
        "shortCiteRegEx": "M et al\\\\.",
        "year": 1964
      },
      {
        "title": "Chernoff",
        "author": [
          "H"
        ],
        "venue": "Measure of Asymptotic Efficiency for Statistical Tests. Annals of Mathematical Statistics",
        "citeRegEx": "H et al\\\\.,? 1952",
        "shortCiteRegEx": "H et al\\\\.",
        "year": 1952
      },
      {
        "title": "Davis",
        "author": [
          "M"
        ],
        "venue": "Markov Models and Optimization. Chapman & Hall",
        "citeRegEx": "M et al\\\\.,? 1993",
        "shortCiteRegEx": "M et al\\\\.",
        "year": 1993
      },
      {
        "title": "Duncan",
        "author": [
          "T"
        ],
        "venue": "On the calculation of mutual information. SIAM Journal on Applied Mathematics",
        "citeRegEx": "T et al\\\\.,? 1970",
        "shortCiteRegEx": "T et al\\\\.",
        "year": 1970
      },
      {
        "title": "Snyder",
        "author": [
          "D"
        ],
        "venue": "Filtering and detection for doubly stochastic poisson processes. IEEE Transactions on Information Theory",
        "citeRegEx": "D et al\\\\.,? 1972",
        "shortCiteRegEx": "D et al\\\\.",
        "year": 1972
      },
      {
        "title": "Score-based continuous-time discrete diffusion models",
        "author": [
          "Haoran Sun",
          "Lijun Yu",
          "Bo Dai",
          "Dale Schuurmans",
          "Hanjun Dai"
        ],
        "venue": "arXiv preprint arXiv:2211.16750",
        "citeRegEx": "Sun et al\\\\.,? 2022",
        "shortCiteRegEx": "Sun et al\\\\.",
        "year": 2022
      },
      {
        "title": "Beta diffusion",
        "author": [
          "Mingyuan Zhou",
          "Tianqi Chen",
          "Zhendong Wang",
          "Huangjie Zheng"
        ],
        "venue": "In Advances in Neural Information Processing Systems",
        "citeRegEx": "Zhou et al\\\\.,? 2023",
        "shortCiteRegEx": "Zhou et al\\\\.",
        "year": 2023
      },
      {
        "title": "Blurring diffusion models",
        "author": [
          "Emiel Hoogeboom",
          "Tim Salimans"
        ],
        "venue": "arXiv preprint arXiv:2209.05557",
        "citeRegEx": "Hoogeboom et al\\\\.,? 2022",
        "shortCiteRegEx": "Hoogeboom et al\\\\.",
        "year": 2022
      },
      {
        "title": "Edge-preserving noise for diffusion models",
        "author": [
          "Jente Vandersanden",
          "Sascha Holl",
          "Xingchang Huang",
          "Gurprit Singh"
        ],
        "venue": "arXiv preprint arXiv:2410.01540",
        "citeRegEx": "Vandersanden et al\\\\.,? 2024",
        "shortCiteRegEx": "Vandersanden et al\\\\.",
        "year": 2024
      }
    ]
  }
}